-- MySQL dump 10.13  Distrib 8.0.20, for Win64 (x86_64)
--
-- Host: 127.0.0.1    Database: db
-- ------------------------------------------------------
-- Server version	8.0.20

/*!40101 SET @OLD_CHARACTER_SET_CLIENT=@@CHARACTER_SET_CLIENT */;
/*!40101 SET @OLD_CHARACTER_SET_RESULTS=@@CHARACTER_SET_RESULTS */;
/*!40101 SET @OLD_COLLATION_CONNECTION=@@COLLATION_CONNECTION */;
/*!50503 SET NAMES utf8 */;
/*!40103 SET @OLD_TIME_ZONE=@@TIME_ZONE */;
/*!40103 SET TIME_ZONE='+00:00' */;
/*!40014 SET @OLD_UNIQUE_CHECKS=@@UNIQUE_CHECKS, UNIQUE_CHECKS=0 */;
/*!40014 SET @OLD_FOREIGN_KEY_CHECKS=@@FOREIGN_KEY_CHECKS, FOREIGN_KEY_CHECKS=0 */;
/*!40101 SET @OLD_SQL_MODE=@@SQL_MODE, SQL_MODE='NO_AUTO_VALUE_ON_ZERO' */;
/*!40111 SET @OLD_SQL_NOTES=@@SQL_NOTES, SQL_NOTES=0 */;

--
-- Table structure for table `alm_almacen`
--

DROP TABLE IF EXISTS `alm_almacen`;
/*!40101 SET @saved_cs_client     = @@character_set_client */;
/*!50503 SET character_set_client = utf8mb4 */;
CREATE TABLE `alm_almacen` (
  `alm_almacen_id` varchar(100) NOT NULL,
  `alm_almacen_nombre` varchar(100) NOT NULL,
  `alm_almacen_direccion` varchar(500) DEFAULT NULL,
  `alm_almacen_telefono` varchar(20) DEFAULT NULL,
  `alm_almacen_email` varchar(50) DEFAULT NULL,
  PRIMARY KEY (`alm_almacen_id`),
  UNIQUE KEY `alm_almacen_alm_almacen_id_uindex` (`alm_almacen_id`)
) ENGINE=InnoDB DEFAULT CHARSET=latin1;
/*!40101 SET character_set_client = @saved_cs_client */;

--
-- Dumping data for table `alm_almacen`
--

LOCK TABLES `alm_almacen` WRITE;
/*!40000 ALTER TABLE `alm_almacen` DISABLE KEYS */;
INSERT INTO `alm_almacen` VALUES ('159396651674028042','Almacen Central - Juliaca','Jr. Moquegua Nro 705','943875771','ventas@holdingfit.com'),('PR15469593836888181','Almacen San Jose - Juliaca','San Jose S/N','943875771','ventas@holdingfit.com');
/*!40000 ALTER TABLE `alm_almacen` ENABLE KEYS */;
UNLOCK TABLES;

--
-- Table structure for table `alm_distribuidor`
--

DROP TABLE IF EXISTS `alm_distribuidor`;
/*!40101 SET @saved_cs_client     = @@character_set_client */;
/*!50503 SET character_set_client = utf8mb4 */;
CREATE TABLE `alm_distribuidor` (
  `alm_distribuidor_id` varchar(100) NOT NULL,
  `alm_distribuidor_nombres` varchar(100) DEFAULT NULL,
  `alm_distribuidor_apellidos` varchar(100) DEFAULT NULL,
  `alm_distribuidor_numero_doc` varchar(15) DEFAULT NULL,
  `alm_distribuidor_estado` tinyint(1) DEFAULT NULL,
  `alm_distribuidor_vehiculo` varchar(100) DEFAULT NULL,
  `alm_distribuidor_porcentaje_venta` decimal(10,2) DEFAULT NULL,
  PRIMARY KEY (`alm_distribuidor_id`),
  UNIQUE KEY `alm_distribuidor_aml_distribuidor_id_uindex` (`alm_distribuidor_id`)
) ENGINE=InnoDB DEFAULT CHARSET=latin1;
/*!40101 SET character_set_client = @saved_cs_client */;

--
-- Dumping data for table `alm_distribuidor`
--

LOCK TABLES `alm_distribuidor` WRITE;
/*!40000 ALTER TABLE `alm_distribuidor` DISABLE KEYS */;
INSERT INTO `alm_distribuidor` VALUES ('1234654654','Noe Wilber','Tipo Mamani','47259697',1,'Sin Vehiculo',5.00);
/*!40000 ALTER TABLE `alm_distribuidor` ENABLE KEYS */;
UNLOCK TABLES;

--
-- Table structure for table `alm_lista_precio`
--

DROP TABLE IF EXISTS `alm_lista_precio`;
/*!40101 SET @saved_cs_client     = @@character_set_client */;
/*!50503 SET character_set_client = utf8mb4 */;
CREATE TABLE `alm_lista_precio` (
  `alm_lista_precio_id` varchar(30) NOT NULL,
  `alm_lista_precio_almacen_id` varchar(30) DEFAULT NULL,
  `alm_lista_precio_nombre` varchar(100) DEFAULT NULL,
  `alm_lista_precio_descripcion` varchar(300) DEFAULT NULL,
  `alm_lista_precio_fecha_vigencia_inicio` date DEFAULT NULL,
  `alm_lista_precio_fecha_vigencia_fin` date DEFAULT NULL,
  PRIMARY KEY (`alm_lista_precio_id`),
  UNIQUE KEY `alm_lista_precio_alm_lista_precio_id_uindex` (`alm_lista_precio_id`),
  KEY `alm_lista_precio_almacen_fk` (`alm_lista_precio_almacen_id`),
  CONSTRAINT `alm_lista_precio_almacen_fk` FOREIGN KEY (`alm_lista_precio_almacen_id`) REFERENCES `alm_almacen` (`alm_almacen_id`)
) ENGINE=InnoDB DEFAULT CHARSET=latin1;
/*!40101 SET character_set_client = @saved_cs_client */;

--
-- Dumping data for table `alm_lista_precio`
--

LOCK TABLES `alm_lista_precio` WRITE;
/*!40000 ALTER TABLE `alm_lista_precio` DISABLE KEYS */;
INSERT INTO `alm_lista_precio` VALUES ('160264345571741216','PR15469593836888181','precio 2',NULL,'2020-10-13','2020-10-31'),('MA1583880589264896','159396651674028042','Precio','demo','2020-02-06','2022-05-31');
/*!40000 ALTER TABLE `alm_lista_precio` ENABLE KEYS */;
UNLOCK TABLES;

--
-- Table structure for table `alm_lista_precio_detalle`
--

DROP TABLE IF EXISTS `alm_lista_precio_detalle`;
/*!40101 SET @saved_cs_client     = @@character_set_client */;
/*!50503 SET character_set_client = utf8mb4 */;
CREATE TABLE `alm_lista_precio_detalle` (
  `alm_lista_precio_detalle_id` varchar(30) NOT NULL,
  `alm_lista_precio_detalle_lista_precio_id` varchar(30) DEFAULT NULL,
  `alm_lista_precio_detalle_articulo_id` varchar(30) DEFAULT NULL,
  `alm_lista_precio_detalle_precio` decimal(10,2) DEFAULT NULL,
  PRIMARY KEY (`alm_lista_precio_detalle_id`),
  UNIQUE KEY `alm_lista_precio_detalle_alm_lista_precio_detalle_id_uindex` (`alm_lista_precio_detalle_id`),
  KEY `alm_lista_precio_detalle_lista_precio_fk` (`alm_lista_precio_detalle_lista_precio_id`),
  KEY `alm_lista_precio_detalle_producto_fk` (`alm_lista_precio_detalle_articulo_id`),
  CONSTRAINT `alm_lista_precio_detalle_lista_precio_fk` FOREIGN KEY (`alm_lista_precio_detalle_lista_precio_id`) REFERENCES `alm_lista_precio` (`alm_lista_precio_id`),
  CONSTRAINT `alm_lista_precio_detalle_producto_fk` FOREIGN KEY (`alm_lista_precio_detalle_articulo_id`) REFERENCES `alm_producto` (`alm_producto_id`)
) ENGINE=InnoDB DEFAULT CHARSET=latin1;
/*!40101 SET character_set_client = @saved_cs_client */;

--
-- Dumping data for table `alm_lista_precio_detalle`
--

LOCK TABLES `alm_lista_precio_detalle` WRITE;
/*!40000 ALTER TABLE `alm_lista_precio_detalle` DISABLE KEYS */;
INSERT INTO `alm_lista_precio_detalle` VALUES ('160324628853224079','160264345571741216','160324611874329199',53.64),('160324628910282502','160264345571741216','160324611968298010',60.70),('160324628921695239','160264345571741216','160324611998535314',53.64),('160324628928374207','160264345571741216','160324611951203276',60.98),('160324628931519866','160264345571741216','160324611956863978',60.70),('160324628935107065','160264345571741216','160324611812939043',52.63),('160324628939649890','160264345571741216','160324611923262600',90.94),('160324628941318995','160264345571741216','160324611967433034',50.87),('160324628942662070','160264345571741216','160324611950276158',54.40),('160324628944746790','160264345571741216','160324611916783128',54.40),('160324628949635069','160264345571741216','160324611971437396',83.88),('160324628961799585','160264345571741216','160324611992449000',85.39),('160324628963277365','160264345571741216','160324611953167254',69.26),('160324628984445924','160264345571741216','160324611911653509',90.94),('160324628997017909','160264345571741216','160324611913767643',60.70),('160324628998457342','160264345571741216','160324611929644138',90.94),('160324628998766890','160264345571741216','160324611928922802',53.64),('160324628999861217','160264345571741216','160324611972745881',85.39),('160324629013658175','160264345571741216','160324612035968062',43.06),('160324629015338537','160264345571741216','160324612035807636',43.06),('160324629023032740','160264345571741216','160324612091405224',44.06),('160324629035011535','160264345571741216','160324612071499534',44.06),('160324629035103452','160264345571741216','1603246120100006314',45.88),('160324629036285176','160264345571741216','160324612022485904',43.06),('160324629049542409','160264345571741216','160324612014257120',43.06),('160324629061262473','160264345571741216','160324612017042421',44.06),('160324629069116607','160264345571741216','160324612086669550',44.82),('160324629070596901','160264345571741216','160324612086671869',60.91),('160324629070886919','160264345571741216','160324612090477348',43.06),('160324629072041502','160264345571741216','160324612022885353',60.95),('160324629076513853','160264345571741216','160324612046252788',54.40),('160324629085102746','160264345571741216','160324612017152100',44.57),('160324629116671557','160264345571741216','160324612141269710',44.06),('160324629125579362','160264345571741216','160324612171596327',44.06),('160324629127393852','160264345571741216','160324612175791854',44.06),('160324629133207700','160264345571741216','160324612156354856',44.06),('160324629137231088','160264345571741216','160324612091505257',44.06),('160324629151177793','160264345571741216','160324612077036838',44.06),('160324629156839815','160264345571741216','160324612141625122',43.06),('160324629159112619','160264345571741216','160324612114225275',43.06),('160324629213141548','160264345571741216','160324612216413447',45.88),('160324629214559402','160264345571741216','160324612287232311',44.06),('160324629223048152','160264345571741216','160324612190737011',44.06),('160324629224394381','160264345571741216','160324612239699320',44.06),('160324629247743341','160264345571741216','160324612143796993',45.88),('160324629259921952','160264345571741216','160324612239085359',45.88),('160324629264297840','160264345571741216','160324612210549711',44.06),('160324629266713148','160264345571741216','160324612293997366',44.06),('160324629277404536','160264345571741216','160324612284424470',45.88),('160324629279477115','160264345571741216','160324612210307413',44.06),('160324629289254505','160264345571741216','160324612151626172',43.06),('160324629294348732','160264345571741216','160324612175628536',44.06),('160324629296923173','160264345571741216','160324612197209142',44.06),('160324629297949961','160264345571741216','160324612140277947',44.06),('160324629322955766','160264345571741216','160324612220882996',44.06),('160324629335445398','160264345571741216','160324612241568513',44.06),('160324629354033504','160264345571741216','160324612290572308',45.88),('160324629389277142','160264345571741216','160324612333677745',45.58),('160324629391465978','160264345571741216','160324612352938726',45.58),('160324629397257813','160264345571741216','160324612210231175',44.06),('160324629411313448','160264345571741216','160324612419125489',44.06),('160324629412988820','160264345571741216','160324612382175479',41.80),('160324629421917475','160264345571741216','160324612478727895',44.06),('160324629427811586','160264345571741216','160324612427059977',55.15),('160324629443112501','160264345571741216','160324612430786409',41.80),('160324629465019837','160264345571741216','160324612383124562',44.82),('160324629475329162','160264345571741216','160324612374168769',42.05),('160324629479628807','160264345571741216','160324612371384931',42.05),('160324629480152997','160264345571741216','160324612475456515',55.15),('160324629481033005','160264345571741216','160324612311353736',44.82),('160324629481678212','160264345571741216','160324612384517823',45.58),('160324629484231578','160264345571741216','160324612398541937',43.56),('160324629485168670','160264345571741216','160324612365309875',42.05),('160324629490179482','160264345571741216','160324612382691280',45.58),('160324629526814730','160264345571741216','160324612499868563',45.58),('160324629531821317','160264345571741216','160324612413056030',44.06),('160324629532547657','160264345571741216','160324612493495274',45.58),('160324629533626299','160264345571741216','160324612447765610',45.58),('160324629537429188','160264345571741216','160324612522212402',45.58),('160324629543656462','160264345571741216','160324612520943933',47.59),('160324629552961785','160264345571741216','160324612426877383',45.58),('160324629556447716','160264345571741216','160324612484779596',44.57),('160324629557553391','160264345571741216','160324612452581753',44.06),('160324629558393169','160264345571741216','160324612515601857',47.59),('160324629559224070','160264345571741216','160324612533559985',45.58),('160324629574194220','160264345571741216','160324612496651380',44.06),('160324629574905335','160264345571741216','160324612527695492',47.59),('160324629576012765','160264345571741216','160324612486656470',45.58),('160324629586858823','160264345571741216','160324612510377191',45.58),('160324629587715646','160264345571741216','160324612441529834',44.06),('160324629598228400','160264345571741216','160324612419909846',44.57),('160324629613742021','160264345571741216','160324612537986346',48.10),('160324629614287595','160264345571741216','160324612620672834',42.30),('160324629614515895','160264345571741216','160324612653106878',42.30),('160324629621752558','160264345571741216','160324612511497954',45.58),('160324629629841161','160264345571741216','160324612518883299',48.10),('160324629642471945','160264345571741216','160324612550514019',48.10),('160324629646915650','160264345571741216','160324612581276810',44.06),('160324629648272588','160264345571741216','160324612568829224',47.59),('160324629649429892','160264345571741216','160324612579484760',47.59),('160324629658307696','160264345571741216','160324612559683991',44.06),('160324629662334570','160264345571741216','160324612542573198',55.15),('160324629670602848','160264345571741216','160324612656535158',47.84),('160324629670731178','160264345571741216','160324612515034509',55.15),('160324629674912127','160264345571741216','160324612690255744',46.58),('160324629682853658','160264345571741216','160324612554177130',44.06),('160324629690637208','160264345571741216','160324612659654469',47.84),('160324629712011856','160264345571741216','160324612791776025',40.79),('160324629719755410','160264345571741216','160324612695629129',44.06),('160324629724373077','160264345571741216','160324612748251888',44.57),('160324629739421186','160264345571741216','160324612649893056',48.60),('160324629743412296','160264345571741216','160324612620227857',44.57),('160324629762054111','160264345571741216','160324612677313084',57.42),('160324629768877297','160264345571741216','160324612617206824',46.58),('160324629774287895','160264345571741216','160324612612152306',40.79),('160324629776019983','160264345571741216','160324612613918206',57.42),('160324629784967307','160264345571741216','160324612728268952',40.79),('160324629786059917','160264345571741216','160324612691817700',42.05),('160324629787483441','160264345571741216','160324612673846159',44.57),('160324629787845539','160264345571741216','160324612743388765',43.56),('160324629789648737','160264345571741216','160324612625571439',40.79),('160324629797926206','160264345571741216','160324612667977513',44.06),('160324629798521172','160264345571741216','160324612667634315',42.05),('160324629832319911','160264345571741216','160324612766961714',43.56),('160324629846893315','160264345571741216','160324612729613730',49.10),('160324629849531659','160264345571741216','160324612774388317',42.05),('160324629853049641','160264345571741216','160324612869307837',42.05),('160324629853541947','160264345571741216','160324612789664433',43.56),('160324629854548289','160264345571741216','160324612742916310',43.56),('160324629869889309','160264345571741216','160324612897195795',44.06),('160324629870954481','160264345571741216','160324612796444975',45.83),('160324629879127961','160264345571741216','160324612743711479',49.10),('160324629885125119','160264345571741216','160324612898969286',44.06),('160324629890492396','160264345571741216','160324612835234798',42.05),('160324629895521695','160264345571741216','160324612713411827',42.05),('160324629897647722','160264345571741216','160324612729178365',45.83),('160324629914892395','160264345571741216','160324612834019375',44.06),('160324629924315215','160264345571741216','160324612842599597',47.34),('160324629925754908','160264345571741216','160324612942062977',44.06),('160324629926997647','160264345571741216','160324612819153095',47.34),('160324629928405471','160264345571741216','160324612834938652',40.54),('160324629931836043','160264345571741216','160324612896595618',45.88),('160324629937639320','160264345571741216','160324612852735939',45.88),('160324629948355656','160264345571741216','160324612879597331',40.54),('160324629953505417','160264345571741216','160324612824654279',44.06),('160324629953903214','160264345571741216','160324612879137214',47.34),('160324629980153908','160264345571741216','160324612868067825',40.54),('160324629985918628','160264345571741216','160324612943658278',44.06),('160324629989432575','160264345571741216','160324612881448363',45.88),('160324629994359064','160264345571741216','160324612846902698',47.34),('160324629998842067','160264345571741216','160324612873258449',44.06),('160324630014063438','160264345571741216','160324612980772999',43.56),('160324630014711669','160264345571741216','160324612994361003',44.57),('160324630014764166','160264345571741216','160324612934159751',43.56),('160324630015018938','160264345571741216','160324612920453322',43.56),('160324630016994638','160264345571741216','160324612984386871',45.88),('160324630022951247','160264345571741216','160324612972882848',43.56),('160324630023891714','160264345571741216','160324612942459680',44.06),('160324630025171374','160264345571741216','160324613097018507',45.58),('160324630041194481','160264345571741216','160324612922031815',44.57),('160324630066231318','160264345571741216','160324612961856114',43.56),('160324630067305952','160264345571741216','160324612955677032',44.06),('160324630076772886','160264345571741216','160324613084286574',45.58),('160324630087658078','160264345571741216','160324612982095587',45.88),('160324630096091849','160264345571741216','160324613022067209',45.58),('160324630096613003','160264345571741216','160324612969009313',45.58),('160324630097358055','160264345571741216','160324612956796577',44.06),('160324630120092075','160264345571741216','160324613087086000',44.06),('160324630123558988','160264345571741216','160324613162613398',41.29),('160324630124751044','160264345571741216','160324613046502096',40.03),('160324630127281441','160264345571741216','160324613020059606',41.80),('160324630130723778','160264345571741216','160324613064109765',44.06),('160324630138442651','160264345571741216','160324613062017860',47.59),('160324630151193245','160264345571741216','160324613018727133',47.09),('160324630167239402','160264345571741216','160324613052774513',40.03),('160324630186544243','160264345571741216','160324613014222383',50.11),('160324630192024460','160264345571741216','160324613119611901',42.05),('160324630193544407','160264345571741216','160324613039395073',47.09),('160324630194736541','160264345571741216','160324613043438139',41.29),('160324630214571291','160264345571741216','160324613199538633',43.56),('160324630245458360','160264345571741216','160324613171505755',44.57),('160324630247461133','160264345571741216','160324613189839428',50.11),('160324630247491306','160264345571741216','160324613160925562',46.84),('160324630264876089','160264345571741216','160324613197793607',43.56),('160324630272903993','160264345571741216','160324613127975324',42.05),('160324630292014086','160264345571741216','160324613175896883',47.34),('160324630323712085','160264345571741216','160324613286616493',49.10),('160324630340448510','160264345571741216','160324613140945795',49.10),('160324630348078451','160264345571741216','160324613267154717',47.34),('160324630364274285','160264345571741216','160324613238184884',51.12),('160324630378993557','160264345571741216','160324613172747186',49.10),('160324630385814885','160264345571741216','160324613223017715',55.15),('160324630397028072','160264345571741216','160324613272043744',55.15),('160324630413618874','160264345571741216','160324613322275684',42.30),('160324630429632432','160264345571741216','160324613284088794',42.80),('160324630439616618','160264345571741216','160324613356379726',42.05),('160324630444594412','160264345571741216','160324613268094572',45.07),('160324630446498788','160264345571741216','160324613245817945',48.60),('160324630451231518','160264345571741216','160324613217617599',45.07),('160324630470226465','160264345571741216','160324613350241513',40.54),('160324630479265672','160264345571741216','160324613316525659',42.05),('160324630485944363','160264345571741216','160324613225915320',41.04),('160324630526237340','160264345571741216','160324613333448717',45.83),('160324630544387280','160264345571741216','160324613424325180',47.34),('160324630558564638','160264345571741216','160324613398024216',47.34),('160324630560185575','160264345571741216','160324613478198300',47.34),('160324630562097616','160264345571741216','160324613420669377',50.11),('160324630586786527','160264345571741216','160324613387949108',42.05),('160324630597088024','160264345571741216','160324613384559493',47.34),('160324630597814266','160264345571741216','160324613314846074',47.34),('160324630598372842','160264345571741216','160324613370569054',47.34),('160324630635302794','160264345571741216','160324613422115381',25.79),('160324630652033330','160264345571741216','160324613432346167',27.30),('160324630653781772','160264345571741216','160324613436908546',28.06),('160324630656479970','160264345571741216','160324613437961820',32.85),('160324630661899868','160264345571741216','160324613451775873',33.85),('160324630690296057','160264345571741216','160324613432576992',51.12),('160324630736928853','160264345571741216','160324613557618189',31.08),('160324630757667138','160264345571741216','160324613540061090',29.82),('160324630771131017','160264345571741216','160324613559861111',32.59),('160324630773586725','160264345571741216','160324613578569233',27.81),('160324630776727287','160264345571741216','160324613588754793',32.59),('160324630790479847','160264345571741216','160324613518592412',31.08),('160324630818018042','160264345571741216','160324613636917941',27.30),('160324630843649053','160264345571741216','160324613591942566',36.37),('160324630852761091','160264345571741216','160324613683973777',27.30),('160324630863072958','160264345571741216','160324613615983824',32.59),('160324630883647879','160264345571741216','160324613653046959',35.37),('160324630922472884','160264345571741216','160324613713449838',42.05),('160324630934242273','160264345571741216','160324613760164637',41.80),('160324630935273822','160264345571741216','160324613636949803',27.55),('160324630945674485','160264345571741216','160324613647953678',32.59),('160324630955355578','160264345571741216','160324613773233356',42.05),('160324630981647086','160264345571741216','160324613713015413',42.05),('160324630991319620','160264345571741216','160324613643672637',32.59),('160324630998504003','160264345571741216','160324613658728020',32.59),('160324631010115360','160264345571741216','160324613734857116',45.83),('160324631019113502','160264345571741216','160324613761219631',85.90),('160324631024375116','160264345571741216','160324613848115319',57.67),('160324631029348836','160264345571741216','160324613898896068',49.10),('160324631040269682','160264345571741216','160324613716731205',85.90),('160324631040456823','160264345571741216','160324613813016129',50.11),('160324631046558310','160264345571741216','160324613782069955',44.57),('160324631049459839','160264345571741216','160324613793952522',68.26),('160324631062611973','160264345571741216','160324613758471346',44.57),('160324631064033014','160264345571741216','160324613898505131',45.83),('160324631078323790','160264345571741216','160324613712605970',79.34),('160324631080915542','160264345571741216','160324613769739768',67.25),('160324631092476160','160264345571741216','160324613714346991',74.81),('160324631092778900','160264345571741216','160324613889246745',49.10),('160324631094711299','160264345571741216','160324613829307410',51.12),('160324631094917578','160264345571741216','160324613750294415',42.55),('160324631098621930','160264345571741216','160324613847404230',74.81),('160324631110203787','160264345571741216','160324613888168605',41.29),('160324631113761679','160264345571741216','160324613979665032',40.54),('160324631115328940','160264345571741216','160324613886574946',60.70),('160324631115811290','160264345571741216','160324613898698242',60.70),('160324631118944128','160264345571741216','160324613840093425',45.83),('160324631125672627','160264345571741216','160324613957861037',57.92),('160324631128276742','160264345571741216','160324613885378392',62.21),('160324631132666510','160264345571741216','160324613880709798',62.71),('160324631134644384','160264345571741216','160324613854138599',47.34),('160324631137753234','160264345571741216','160324613936095996',57.89),('160324631149242566','160264345571741216','160324613824889033',62.71),('160324631162549022','160264345571741216','160324613990287224',40.79),('160324631171927245','160264345571741216','160324613932526801',43.56),('160324631180511880','160264345571741216','160324613837211072',41.80),('160324631185138391','160264345571741216','160324613810932340',55.91),('160324631195275436','160264345571741216','160324613896593047',43.56),('160324631228177874','160264345571741216','160324613981965449',49.36),('160324631231765236','160264345571741216','160324613989695066',50.83),('160324631240301701','160264345571741216','160324613959265057',45.58),('160324631244704945','160264345571741216','160324613912868914',51.62),('160324631247961710','160264345571741216','160324613963333701',49.36),('160324631255855250','160264345571741216','160324613962927425',41.54),('160324631260192220','160264345571741216','160324613951009620',51.62),('160324631263914988','160264345571741216','160324613921786309',45.58),('160324631267748181','160264345571741216','160324613934969442',49.10),('160324631283849465','160264345571741216','160324614084563878',51.62),('160324631284738609','160264345571741216','160324613994017902',49.36),('160324631295386534','160264345571741216','160324614088419903',41.54),('160324631315995568','160264345571741216','160324614079095028',34.36),('160324631323286893','160264345571741216','160324614046716967',51.62),('160324631334781367','160264345571741216','160324614073956815',49.10),('160324631355505417','160264345571741216','160324614081398425',49.10),('160324631356811413','160264345571741216','160324614061428299',51.62),('160324631360179138','160264345571741216','160324614082057704',50.87),('160324631362655376','160264345571741216','160324614022024147',43.56),('160324631377121292','160264345571741216','160324614065733202',51.62),('161056222091089903','MA1583880589264896','160324611812939043',100.00);
/*!40000 ALTER TABLE `alm_lista_precio_detalle` ENABLE KEYS */;
UNLOCK TABLES;

--
-- Table structure for table `alm_producto`
--

DROP TABLE IF EXISTS `alm_producto`;
/*!40101 SET @saved_cs_client     = @@character_set_client */;
/*!50503 SET character_set_client = utf8mb4 */;
CREATE TABLE `alm_producto` (
  `alm_producto_id` varchar(100) NOT NULL,
  `alm_producto_nombre` varchar(500) NOT NULL,
  `alm_producto_nivel` int NOT NULL,
  `alm_producto_codigo` varchar(100) NOT NULL,
  `alm_producto_estado` tinyint(1) NOT NULL,
  `Parent_alm_producto_id` varchar(100) DEFAULT NULL,
  `alm_unidad_medida_id` varchar(100) DEFAULT NULL,
  `alm_producto_tipo_operacion` varchar(2) DEFAULT NULL,
  `alm_producto_marca` varchar(200) DEFAULT NULL,
  `alm_producto_controla_stock` tinyint(1) DEFAULT NULL,
  `alm_producto_cuenta_compra` varchar(6) DEFAULT NULL,
  `alm_producto_cuenta_venta` varchar(6) DEFAULT NULL,
  `alm_producto_descripcion` varchar(500) DEFAULT NULL,
  `alm_producto_foto` varchar(2000) DEFAULT NULL,
  `alm_producto_modelo` varchar(200) DEFAULT NULL,
  `alm_producto_color` varchar(200) DEFAULT NULL,
  `alm_producto_motor` varchar(200) DEFAULT NULL,
  `alm_producto_chasis` varchar(200) DEFAULT NULL,
  `alm_producto_dua` varchar(200) DEFAULT NULL,
  `alm_producto_item` varchar(200) DEFAULT NULL,
  `alm_producto_vehiculo` tinyint(1) DEFAULT NULL,
  `alm_producto_serie` tinyint(1) DEFAULT NULL,
  PRIMARY KEY (`alm_producto_id`),
  KEY `alm_producto_alm_producto_fk` (`Parent_alm_producto_id`),
  KEY `alm_producto_alm_unidad_medida_alm_unidad_medida_id_fk` (`alm_unidad_medida_id`),
  CONSTRAINT `alm_producto_alm_producto_fk` FOREIGN KEY (`Parent_alm_producto_id`) REFERENCES `alm_producto` (`alm_producto_id`),
  CONSTRAINT `alm_producto_unidad_medida__fk` FOREIGN KEY (`alm_unidad_medida_id`) REFERENCES `alm_unidad_medida` (`alm_unidad_medida_id`)
) ENGINE=InnoDB DEFAULT CHARSET=latin1;
/*!40101 SET character_set_client = @saved_cs_client */;

--
-- Dumping data for table `alm_producto`
--

LOCK TABLES `alm_producto` WRITE;
/*!40000 ALTER TABLE `alm_producto` DISABLE KEYS */;
INSERT INTO `alm_producto` VALUES ('160324611812939043','P/FUTBOL NRO 5',2,'00000001',1,'160324611838783924','NIU','10','MIKASA',1,'6011','7011',NULL,NULL,'','','','','','',NULL,1),('160324611838783924','PELOTAS FUTBOL',1,'0000001',1,NULL,NULL,NULL,NULL,NULL,NULL,NULL,NULL,NULL,NULL,NULL,NULL,NULL,NULL,NULL,NULL,NULL),('160324611874329199','P/FUTSAL NRO 3.5',2,'00000002',1,'160324612097055574','NIU','10','MIKASA',1,'6011','7011',NULL,NULL,'','','','','','',NULL,0),('160324611911653509','PELOTA FUTBOL 3.5',2,'00000003',1,'160324612097055574','NIU','10','TORNEO',1,'6011','7011',NULL,NULL,'','','','','','',NULL,0),('160324611913767643','P/ FUTSAL NRO 3.5 PU',2,'00000004',1,'160324612097055574','NIU','10','WINNER',1,'6011','7011',NULL,NULL,'','','','','','',NULL,0),('160324611916783128','PELOTA FUTSAL 3.5',2,'00000005',1,'160324612097055574','NIU','10','MI BALON',1,'6011','7011',NULL,NULL,'','','','','','',NULL,0),('160324611923262600','P/FUTBOL NRO 2 TPU TERMOSELLADA',2,'00000006',1,'160324611838783924','NIU','10','WINNER',1,'6011','7011',NULL,NULL,'','','','','','',NULL,0),('160324611928922802','P/VOLEY PU EXTRA SUAVE PUML',2,'00000007',1,'160324611838783924','NIU','10','TORNEO',1,'6011','7011',NULL,NULL,'','','','','','',NULL,0),('160324611929644138','NEW WHISKY GOOD SUEDE',2,'5417-21798-BOTANEWWHISKYGOODSUEDEMPE',1,'160324611838783924','NIU','10',NULL,1,'6011','7011','',NULL,NULL,NULL,NULL,NULL,NULL,NULL,NULL,0),('160324611950276158','VANILLA NAPA',2,'7005-00032-BOTAVANILLANAPAMPE',1,'160324611838783924','NIU','10',NULL,1,'6011','7011','',NULL,NULL,NULL,NULL,NULL,NULL,NULL,NULL,0),('160324611951203276','NEW WHISKY NAPA',2,'9054-50762-BOTANEWWHISKYNAPAMPE',1,'160324611838783924','NIU','10',NULL,1,'6011','7011','',NULL,NULL,NULL,NULL,NULL,NULL,NULL,NULL,0),('160324611953167254','WHISKY CAMURÇA',2,'8159-12847-BOTAWHISKYCAMURÇAMPE',1,'160324611838783924','NIU','10',NULL,1,'6011','7011','',NULL,NULL,NULL,NULL,NULL,NULL,NULL,NULL,0),('160324611956863978','NATURAL NAPA',2,'9048-50718-BOTANATURALNAPA314-315',1,'160324611838783924','NIU','10',NULL,1,'6011','7011','',NULL,NULL,NULL,NULL,NULL,NULL,NULL,NULL,0),('160324611967433034','ROSA CANDY GOOD SUEDE',2,'7005-00031-BOTAROSACANDYGOODSUEDEMPE',1,'160324611838783924','NIU','10',NULL,1,'6011','7011','',NULL,NULL,NULL,NULL,NULL,NULL,NULL,NULL,0),('160324611968298010','PEROLA NAPA',2,'9048-50716-BOTAPEROLANAPAERICA',1,'160324611838783924','NIU','10',NULL,1,'6011','7011','',NULL,NULL,NULL,NULL,NULL,NULL,NULL,NULL,0),('160324611971437396','BROWN BABY CALF',2,'5417-21796-BOTABROWNBABYCALFMPE',1,'160324611838783924','NIU','10',NULL,1,'6011','7011','',NULL,NULL,NULL,NULL,NULL,NULL,NULL,NULL,0),('160324611972745881','PRETO BABY CALF',2,'5410-21758-BOTAPRETOBABYCALFMPE',1,'160324611838783924','NIU','10',NULL,1,'6011','7011','',NULL,NULL,NULL,NULL,NULL,NULL,NULL,NULL,0),('160324611992449000','PRETO BOX',2,'5410-21757-BOTAPRETOBOXMPE',1,'160324611838783924','NIU','10',NULL,1,'6011','7011','',NULL,NULL,NULL,NULL,NULL,NULL,NULL,NULL,0),('160324611998535314','PRETO VERNIZ',2,'7003-00021-BOTAPRETOVERNIZMPE',1,'160324611838783924','NIU','10',NULL,1,'6011','7011','',NULL,NULL,NULL,NULL,NULL,NULL,NULL,NULL,0),('1603246120100006314','NEW WHISKY GOOD SUEDE',2,'8001-12774-ZAPATONEWWHISKYGOODSUEDE628',1,'160324612097055574','NIU','10',NULL,1,'6011','7011','',NULL,NULL,NULL,NULL,NULL,NULL,NULL,NULL,0),('160324612014257120','BLACK STONE CROCO',2,'8154-12881-ZAPATOBLACKSTONECROCO630',1,'160324612097055574','NIU','10',NULL,1,'6011','7011','',NULL,NULL,NULL,NULL,NULL,NULL,NULL,NULL,0),('160324612017042421','KAKY GOOD SUEDE',2,'8004-12886-ZAPATOKAKYGOODSUEDE629',1,'160324612097055574','NIU','10',NULL,1,'6011','7011','',NULL,NULL,NULL,NULL,NULL,NULL,NULL,NULL,0),('160324612017152100','JAMBO CROCO',2,'8066-12779-ZAPATOJAMBOCROCO628',1,'160324612097055574','NIU','10',NULL,1,'6011','7011','',NULL,NULL,NULL,NULL,NULL,NULL,NULL,NULL,0),('160324612022485904','BLACK STONE CROCO',2,'8154-12881-ZAPATOBLACKSTONECROCO629',1,'160324612097055574','NIU','10',NULL,1,'6011','7011','',NULL,NULL,NULL,NULL,NULL,NULL,NULL,NULL,0),('160324612022885353','ROSA CANDY NAPA',2,'9054-50766-BOTAROSACANDYNAPAERICA',1,'160324611838783924','NIU','10',NULL,1,'6011','7011','',NULL,NULL,NULL,NULL,NULL,NULL,NULL,NULL,0),('160324612035807636','JAMBO STONE CROCO',2,'8154-12881-ZAPATOJAMBOSTONECROCO634',1,'160324612097055574','NIU','10',NULL,1,'6011','7011','',NULL,NULL,NULL,NULL,NULL,NULL,NULL,NULL,0),('160324612035968062','JAMBO STONE CROCO',2,'8154-12881-ZAPATOJAMBOSTONECROCO632',1,'160324612097055574','NIU','10',NULL,1,'6011','7011','',NULL,NULL,NULL,NULL,NULL,NULL,NULL,NULL,0),('160324612046252788','ROSA CANDY NAPA',2,'7005-00032-BOTAROSACANDYNAPAERICA',1,'160324611838783924','NIU','10',NULL,1,'6011','7011','',NULL,NULL,NULL,NULL,NULL,NULL,NULL,NULL,0),('160324612071499534','KAKY GOOD SUEDE',2,'8004-12886-ZAPATOKAKYGOODSUEDE628',1,'160324612097055574','NIU','10',NULL,1,'6011','7011','',NULL,NULL,NULL,NULL,NULL,NULL,NULL,NULL,0),('160324612077036838','PRETO GOOD SUEDE',2,'8004-12886-ZAPATOPRETOGOODSUEDE631',1,'160324612097055574','NIU','10',NULL,1,'6011','7011','',NULL,NULL,NULL,NULL,NULL,NULL,NULL,NULL,0),('160324612086669550','NEW WHISKY GOOD SUEDE',2,'8154-12796-ZAPATONEWWHISKYGOODSUEDE626-627',1,'160324612097055574','NIU','10',NULL,1,'6011','7011','',NULL,NULL,NULL,NULL,NULL,NULL,NULL,NULL,0),('160324612086671869','PRETO NAPA',2,'9054-50764-BOTAPRETONAPAERICA',1,'160324611838783924','NIU','10',NULL,1,'6011','7011','',NULL,NULL,NULL,NULL,NULL,NULL,NULL,NULL,0),('160324612090477348','BLACK STONE CROCO',2,'8154-12881-ZAPATOBLACKSTONECROCO628',1,'160324612097055574','NIU','10',NULL,1,'6011','7011','',NULL,NULL,NULL,NULL,NULL,NULL,NULL,NULL,0),('160324612091405224','BLACK STONE CROCO',2,'8154-12796-ZAPATOBLACKSTONECROCO626-627',1,'160324612097055574','NIU','10',NULL,1,'6011','7011','',NULL,NULL,NULL,NULL,NULL,NULL,NULL,NULL,0),('160324612091505257','PRETO VERNIZ',2,'8004-12886-ZAPATOPRETOVERNIZ630',1,'160324612097055574','NIU','10',NULL,1,'6011','7011','',NULL,NULL,NULL,NULL,NULL,NULL,NULL,NULL,0),('160324612097055574','PELOTAS FUTSAL',1,'0000002',1,NULL,NULL,NULL,NULL,NULL,NULL,NULL,NULL,NULL,NULL,NULL,NULL,NULL,NULL,NULL,NULL,NULL),('160324612114225275','JAMBO STONE CROCO',2,'8154-12881-ZAPATOJAMBOSTONECROCO631',1,'160324612097055574','NIU','10',NULL,1,'6011','7011','',NULL,NULL,NULL,NULL,NULL,NULL,NULL,NULL,0),('160324612140277947','NATURAL VERNIZ',2,'8001-12771-ZAPATONATURALVERNIZ629',1,'160324612097055574','NIU','10',NULL,1,'6011','7011','',NULL,NULL,NULL,NULL,NULL,NULL,NULL,NULL,0),('160324612141269710','JAMBO GOOD SUEDE',2,'8004-12886-ZAPATOJAMBOGOODSUEDE626-627',1,'160324612097055574','NIU','10',NULL,1,'6011','7011','',NULL,NULL,NULL,NULL,NULL,NULL,NULL,NULL,0),('160324612141625122','BLACK STONE CROCO',2,'8154-12881-ZAPATOBLACKSTONECROCO626-627',1,'160324612097055574','NIU','10',NULL,1,'6011','7011','',NULL,NULL,NULL,NULL,NULL,NULL,NULL,NULL,0),('160324612143796993','NEW WHISKY GOOD SUEDE',2,'8001-12774-ZAPATONEWWHISKYGOODSUEDE629',1,'160324612097055574','NIU','10',NULL,1,'6011','7011','',NULL,NULL,NULL,NULL,NULL,NULL,NULL,NULL,0),('160324612151626172','JAMBO STONE CROCO',2,'8154-12881-ZAPATOJAMBOSTONECROCO626-627',1,'160324612097055574','NIU','10',NULL,1,'6011','7011','',NULL,NULL,NULL,NULL,NULL,NULL,NULL,NULL,0),('160324612156354856','BLACK STONE CROCO',2,'8004-12886-ZAPATOBLACKSTONECROCO634',1,'160324612097055574','NIU','10',NULL,1,'6011','7011','',NULL,NULL,NULL,NULL,NULL,NULL,NULL,NULL,0),('160324612171596327','KAKY GOOD SUEDE',2,'8004-12886-ZAPATOKAKYGOODSUEDE626-627',1,'160324612097055574','NIU','10',NULL,1,'6011','7011','',NULL,NULL,NULL,NULL,NULL,NULL,NULL,NULL,0),('160324612175628536','PRETO VERNIZ',2,'8001-12771-ZAPATOPRETOVERNIZ628',1,'160324612097055574','NIU','10',NULL,1,'6011','7011','',NULL,NULL,NULL,NULL,NULL,NULL,NULL,NULL,0),('160324612175791854','PRETO GOOD SUEDE',2,'8004-12886-ZAPATOPRETOGOODSUEDE632',1,'160324612097055574','NIU','10',NULL,1,'6011','7011','',NULL,NULL,NULL,NULL,NULL,NULL,NULL,NULL,0),('160324612190737011','PRETO VERNIZ',2,'8001-12771-ZAPATOPRETOVERNIZ629',1,'160324612097055574','NIU','10',NULL,1,'6011','7011','',NULL,NULL,NULL,NULL,NULL,NULL,NULL,NULL,0),('160324612197209142','NATURAL VERNIZ',2,'8001-12771-ZAPATONATURALVERNIZ628',1,'160324612097055574','NIU','10',NULL,1,'6011','7011','',NULL,NULL,NULL,NULL,NULL,NULL,NULL,NULL,0),('160324612210231175','SOLAR CROCO',2,'8001-12771-ZAPATOSOLARCROCO777',1,'160324612097055574','NIU','10',NULL,1,'6011','7011','',NULL,NULL,NULL,NULL,NULL,NULL,NULL,NULL,0),('160324612210307413','PRETO VERNIZ',2,'8001-12771-ZAPATOPRETOVERNIZ632',1,'160324612097055574','NIU','10',NULL,1,'6011','7011','',NULL,NULL,NULL,NULL,NULL,NULL,NULL,NULL,0),('160324612210549711','NEW WHISKY VERNIZ',2,'8001-12771-ZAPATONEWWHISKYVERNIZ630',1,'160324612097055574','NIU','10',NULL,1,'6011','7011','',NULL,NULL,NULL,NULL,NULL,NULL,NULL,NULL,0),('160324612216413447','NEW WHISKY GOOD SUEDE',2,'8001-12774-ZAPATONEWWHISKYGOODSUEDE632',1,'160324612097055574','NIU','10',NULL,1,'6011','7011','',NULL,NULL,NULL,NULL,NULL,NULL,NULL,NULL,0),('160324612220882996','PRETO CROCO',2,'8001-12771-ZAPATOPRETOCROCO777',1,'160324612097055574','NIU','10',NULL,1,'6011','7011','',NULL,NULL,NULL,NULL,NULL,NULL,NULL,NULL,0),('160324612239085359','NEW WHISKY GOOD SUEDE',2,'8001-12774-ZAPATONEWWHISKYGOODSUEDE630',1,'160324612097055574','NIU','10',NULL,1,'6011','7011','',NULL,NULL,NULL,NULL,NULL,NULL,NULL,NULL,0),('160324612239699320','MARINHO VERNIZ',2,'8001-12771-ZAPATOMARINHOVERNIZ630',1,'160324612097055574','NIU','10',NULL,1,'6011','7011','',NULL,NULL,NULL,NULL,NULL,NULL,NULL,NULL,0),('160324612241568513','JAMBO CROCO',2,'8001-12771-ZAPATOJAMBOCROCO777',1,'160324612097055574','NIU','10',NULL,1,'6011','7011','',NULL,NULL,NULL,NULL,NULL,NULL,NULL,NULL,0),('160324612284424470','NEW WHISKY GOOD SUEDE',2,'8001-12774-ZAPATONEWWHISKYGOODSUEDE631',1,'160324612097055574','NIU','10',NULL,1,'6011','7011','',NULL,NULL,NULL,NULL,NULL,NULL,NULL,NULL,0),('160324612287232311','PRETO VERNIZ',2,'8001-12771-ZAPATOPRETOVERNIZ634',1,'160324612097055574','NIU','10',NULL,1,'6011','7011','',NULL,NULL,NULL,NULL,NULL,NULL,NULL,NULL,0),('160324612290572308','NEW WHISKY GOOD SUEDE',2,'8001-12774-ZAPATONEWWHISKYGOODSUEDE634',1,'160324612097055574','NIU','10',NULL,1,'6011','7011','',NULL,NULL,NULL,NULL,NULL,NULL,NULL,NULL,0),('160324612293997366','PRETO VERNIZ',2,'8001-12771-ZAPATOPRETOVERNIZ631',1,'160324612097055574','NIU','10',NULL,1,'6011','7011','',NULL,NULL,NULL,NULL,NULL,NULL,NULL,NULL,0),('160324612311353736','NATURAL MATELASSE',2,'8154-12797-ZAPATONATURALMATELASSE330-333',1,'160324612097055574','NIU','10',NULL,1,'6011','7011','',NULL,NULL,NULL,NULL,NULL,NULL,NULL,NULL,0),('160324612333677745','BLACK STONE CROCO',2,'8004-12790-ZAPATOBLACKSTONECROCO777',1,'160324612097055574','NIU','10',NULL,1,'6011','7011','',NULL,NULL,NULL,NULL,NULL,NULL,NULL,NULL,0),('160324612352938726','NEW WHISKY STONE CROCO',2,'8004-12790-ZAPATONEWWHISKYSTONECROCO777',1,'160324612097055574','NIU','10',NULL,1,'6011','7011','',NULL,NULL,NULL,NULL,NULL,NULL,NULL,NULL,0),('160324612365309875','ANTIQUE VERNIZ',2,'8004-12794-ZAPATOANTIQUEVERNIZ330-333',1,'160324612097055574','NIU','10',NULL,1,'6011','7011','',NULL,NULL,NULL,NULL,NULL,NULL,NULL,NULL,0),('160324612371384931','PRETO VERNIZ',2,'8004-12794-ZAPATOPRETOVERNIZ330-333',1,'160324612097055574','NIU','10',NULL,1,'6011','7011','',NULL,NULL,NULL,NULL,NULL,NULL,NULL,NULL,0),('160324612374168769','KAKY VERNIZ',2,'8004-12794-ZAPATOKAKYVERNIZ330-333',1,'160324612097055574','NIU','10',NULL,1,'6011','7011','',NULL,NULL,NULL,NULL,NULL,NULL,NULL,NULL,0),('160324612382175479','PRETO VERNIZ',2,'7000-00006-ZAPATOPRETOVERNIZ330-333-MINI',1,'160324612097055574','NIU','10',NULL,1,'6011','7011','',NULL,NULL,NULL,NULL,NULL,NULL,NULL,NULL,0),('160324612382691280','PRETO NAPA',2,'8154-12880-ZAPATOPRETONAPA330-333',1,'160324612097055574','NIU','10',NULL,1,'6011','7011','',NULL,NULL,NULL,NULL,NULL,NULL,NULL,NULL,0),('160324612383124562','PRETO MATELASSE',2,'8154-12797-ZAPATOPRETOMATELASSE330-333',1,'160324612097055574','NIU','10',NULL,1,'6011','7011','',NULL,NULL,NULL,NULL,NULL,NULL,NULL,NULL,0),('160324612384517823','OFF WHITE STONE CROCO',2,'8004-12790-ZAPATOOFFWHITESTONECROCO777',1,'160324612097055574','NIU','10',NULL,1,'6011','7011','',NULL,NULL,NULL,NULL,NULL,NULL,NULL,NULL,0),('160324612398541937','PRETO NAPA',2,'8002-12960-ZAPATOPRETONAPA330-333',1,'160324612097055574','NIU','10',NULL,1,'6011','7011','',NULL,NULL,NULL,NULL,NULL,NULL,NULL,NULL,0),('160324612413056030','PRETO NAPA',2,'8002-12478-ZAPATOPRETONAPA347-354',1,'160324612097055574','NIU','10',NULL,1,'6011','7011','',NULL,NULL,NULL,NULL,NULL,NULL,NULL,NULL,0),('160324612419125489','KAKY NAPA',2,'8002-12478-ZAPATOKAKYNAPA347-354',1,'160324612097055574','NIU','10',NULL,1,'6011','7011','',NULL,NULL,NULL,NULL,NULL,NULL,NULL,NULL,0),('160324612419909846','MARINHO NAPA',2,'8004-12800-ZAPATOMARINHONAPA347-354',1,'160324612097055574','NIU','10',NULL,1,'6011','7011','',NULL,NULL,NULL,NULL,NULL,NULL,NULL,NULL,0),('160324612426877383','SOLAR CROCO',2,'8002-12804-ZAPATOSOLARCROCO347-354',1,'160324612097055574','NIU','10',NULL,1,'6011','7011','',NULL,NULL,NULL,NULL,NULL,NULL,NULL,NULL,0),('160324612427059977','JASMIN VERNIZ',2,'9013-50707-ZAPATOJASMINVERNIZ330-333-MINI',1,'160324612097055574','NIU','10',NULL,1,'6011','7011','',NULL,NULL,NULL,NULL,NULL,NULL,NULL,NULL,0),('160324612430786409','ROSA CANDY VERNIZ',2,'7000-00006-ZAPATOROSACANDYVERNIZ330-333-MINI',1,'160324612097055574','NIU','10',NULL,1,'6011','7011','',NULL,NULL,NULL,NULL,NULL,NULL,NULL,NULL,0),('160324612441529834','JAMBO VERNIZ',2,'8002-12805-ZAPATOJAMBOVERNIZ347-354',1,'160324612097055574','NIU','10',NULL,1,'6011','7011','',NULL,NULL,NULL,NULL,NULL,NULL,NULL,NULL,0),('160324612447765610','ANTIQUE CROCO',2,'8002-12804-ZAPATOANTIQUECROCO347-354',1,'160324612097055574','NIU','10',NULL,1,'6011','7011','',NULL,NULL,NULL,NULL,NULL,NULL,NULL,NULL,0),('160324612452581753','MARINHO VERNIZ',2,'8002-12805-ZAPATOMARINHOVERNIZ347-354',1,'160324612097055574','NIU','10',NULL,1,'6011','7011','',NULL,NULL,NULL,NULL,NULL,NULL,NULL,NULL,0),('160324612475456515','CHAMPAGNE NEW METALIC',2,'9013-50707-ZAPATOCHAMPAGNENEWMETALIC330-333-MINI',1,'160324612097055574','NIU','10',NULL,1,'6011','7011','',NULL,NULL,NULL,NULL,NULL,NULL,NULL,NULL,0),('160324612478727895','NATURAL NAPA',2,'8002-12478-ZAPATONATURALNAPA347-354',1,'160324612097055574','NIU','10',NULL,1,'6011','7011','',NULL,NULL,NULL,NULL,NULL,NULL,NULL,NULL,0),('160324612484779596','NATURAL NAPA',2,'8004-12800-ZAPATONATURALNAPA347-354',1,'160324612097055574','NIU','10',NULL,1,'6011','7011','',NULL,NULL,NULL,NULL,NULL,NULL,NULL,NULL,0),('160324612486656470','SAND NAPA',2,'8002-12802-ZAPATOSANDNAPA347-354',1,'160324612097055574','NIU','10',NULL,1,'6011','7011','',NULL,NULL,NULL,NULL,NULL,NULL,NULL,NULL,0),('160324612493495274','PRETO NAPA',2,'8002-12802-ZAPATOPRETONAPA347-354',1,'160324612097055574','NIU','10',NULL,1,'6011','7011','',NULL,NULL,NULL,NULL,NULL,NULL,NULL,NULL,0),('160324612496651380','NATURAL NAPA',2,'8002-12805-ZAPATONATURALNAPA347-354',1,'160324612097055574','NIU','10',NULL,1,'6011','7011','',NULL,NULL,NULL,NULL,NULL,NULL,NULL,NULL,0),('160324612499868563','PRETO NAPA',2,'8002-12804-ZAPATOPRETONAPA347-354',1,'160324612097055574','NIU','10',NULL,1,'6011','7011','',NULL,NULL,NULL,NULL,NULL,NULL,NULL,NULL,0),('160324612510377191','LIGHT GOLD NEW METALIC',2,'8117-12869-ZAPATOLIGHTGOLDNEWMETALIC347-354',1,'160324612097055574','NIU','10',NULL,1,'6011','7011','',NULL,NULL,NULL,NULL,NULL,NULL,NULL,NULL,0),('160324612511497954','PRATA VELHO NEW METALIC',2,'8117-12869-ZAPATOPRATAVELHONEWMETALIC347-354',1,'160324612097055574','NIU','10',NULL,1,'6011','7011','',NULL,NULL,NULL,NULL,NULL,NULL,NULL,NULL,0),('160324612512843371','PELOTAS BASKET',1,'0000003',1,NULL,NULL,NULL,NULL,NULL,NULL,NULL,NULL,NULL,NULL,NULL,NULL,NULL,NULL,NULL,NULL,NULL),('160324612515034509','PRETO CROCO',2,'8146-12742-SANDALIAPRETOCROCO347-354',1,'160324612512843371','NIU','10',NULL,1,'6011','7011','',NULL,NULL,NULL,NULL,NULL,NULL,NULL,NULL,0),('160324612515601857','SAND VERNIZ',2,'8117-12824-ZAPATOSANDVERNIZ347-354',1,'160324612097055574','NIU','10',NULL,1,'6011','7011','',NULL,NULL,NULL,NULL,NULL,NULL,NULL,NULL,0),('160324612518883299','LIGHT GOLD NEW METALIC',2,'8119-12768-ZAPATOLIGHTGOLDNEWMETALIC347-354',1,'160324612097055574','NIU','10',NULL,1,'6011','7011','',NULL,NULL,NULL,NULL,NULL,NULL,NULL,NULL,0),('160324612520943933','JAMBO ONÇA GLOSS',2,'8117-12823-ZAPATOJAMBOONÇAGLOSS347-354',1,'160324612097055574','NIU','10',NULL,1,'6011','7011','',NULL,NULL,NULL,NULL,NULL,NULL,NULL,NULL,0),('160324612522212402','ANTIQUE NAPA',2,'8117-12823-ZAPATOANTIQUENAPA347-354',1,'160324612097055574','NIU','10',NULL,1,'6011','7011','',NULL,NULL,NULL,NULL,NULL,NULL,NULL,NULL,0),('160324612527695492','PRETO VERNIZ',2,'8117-12824-ZAPATOPRETOVERNIZ347-354',1,'160324612097055574','NIU','10',NULL,1,'6011','7011','',NULL,NULL,NULL,NULL,NULL,NULL,NULL,NULL,0),('160324612533559985','KAKY NAPA',2,'8117-12823-ZAPATOKAKYNAPA347-354',1,'160324612097055574','NIU','10',NULL,1,'6011','7011','',NULL,NULL,NULL,NULL,NULL,NULL,NULL,NULL,0),('160324612537986346','PRETO NAPA',2,'8119-12768-ZAPATOPRETONAPA347-354',1,'160324612097055574','NIU','10',NULL,1,'6011','7011','',NULL,NULL,NULL,NULL,NULL,NULL,NULL,NULL,0),('160324612542573198','SAND CROCO',2,'8146-12742-SANDALIASANDCROCO347-354',1,'160324612512843371','NIU','10',NULL,1,'6011','7011','',NULL,NULL,NULL,NULL,NULL,NULL,NULL,NULL,0),('160324612550514019','SAND NAPA',2,'8119-12768-ZAPATOSANDNAPA347-354',1,'160324612097055574','NIU','10',NULL,1,'6011','7011','',NULL,NULL,NULL,NULL,NULL,NULL,NULL,NULL,0),('160324612554177130','PRETO NAPA',2,'8119-12766-ZAPATOPRETONAPA347-354',1,'160324612097055574','NIU','10',NULL,1,'6011','7011','',NULL,NULL,NULL,NULL,NULL,NULL,NULL,NULL,0),('160324612559683991','ANTIQUE NAPA',2,'8119-12766-ZAPATOANTIQUENAPA347-354',1,'160324612097055574','NIU','10',NULL,1,'6011','7011','',NULL,NULL,NULL,NULL,NULL,NULL,NULL,NULL,0),('160324612568829224','BLACK STONE CROCO',2,'8117-12870-ZAPATOBLACKSTONECROCO347-354',1,'160324612097055574','NIU','10',NULL,1,'6011','7011','',NULL,NULL,NULL,NULL,NULL,NULL,NULL,NULL,0),('160324612579484760','JAMBO STONE CROCO',2,'8117-12870-ZAPATOJAMBOSTONECROCO347-354',1,'160324612097055574','NIU','10',NULL,1,'6011','7011','',NULL,NULL,NULL,NULL,NULL,NULL,NULL,NULL,0),('160324612581276810','SOLAR NAPA',2,'8119-12766-ZAPATOSOLARNAPA347-354',1,'160324612097055574','NIU','10',NULL,1,'6011','7011','',NULL,NULL,NULL,NULL,NULL,NULL,NULL,NULL,0),('160324612612152306','ANTIQUE NAPA',2,'8154-12799-ZAPATOANTIQUENAPA347-354',1,'160324612097055574','NIU','10',NULL,1,'6011','7011','',NULL,NULL,NULL,NULL,NULL,NULL,NULL,NULL,0),('160324612613918206','PRETO CROCO',2,'8155-12812-SANDALIAPRETOCROCO347-354',1,'160324612512843371','NIU','10',NULL,1,'6011','7011','',NULL,NULL,NULL,NULL,NULL,NULL,NULL,NULL,0),('160324612617206824','ANTIQUE VERNIZ',2,'8150-12763-SANDALIAANTIQUEVERNIZ347-354',1,'160324612512843371','NIU','10',NULL,1,'6011','7011','',NULL,NULL,NULL,NULL,NULL,NULL,NULL,NULL,0),('160324612620227857','KAKY CROCO',2,'8164-12890-SANDALIAKAKYCROCO347-354',1,'160324612512843371','NIU','10',NULL,1,'6011','7011','',NULL,NULL,NULL,NULL,NULL,NULL,NULL,NULL,0),('160324612620672834','LIGHT GOLD CROCO METAL',2,'8147-12938-SANDALIALIGHTGOLDCROCOMETAL347-354',1,'160324612512843371','NIU','10',NULL,1,'6011','7011','',NULL,NULL,NULL,NULL,NULL,NULL,NULL,NULL,0),('160324612625571439','PRETO NAPA',2,'8154-12799-ZAPATOPRETONAPA347-354',1,'160324612097055574','NIU','10',NULL,1,'6011','7011','',NULL,NULL,NULL,NULL,NULL,NULL,NULL,NULL,0),('160324612649893056','LIGHT GOLD CROCO METAL',2,'8150-12763-SANDALIALIGHTGOLDCROCOMETAL347-354',1,'160324612512843371','NIU','10',NULL,1,'6011','7011','',NULL,NULL,NULL,NULL,NULL,NULL,NULL,NULL,0),('160324612653106878','SILVER CROCO METAL',2,'8147-12938-SANDALIASILVERCROCOMETAL347-354',1,'160324612512843371','NIU','10',NULL,1,'6011','7011','',NULL,NULL,NULL,NULL,NULL,NULL,NULL,NULL,0),('160324612656535158','NEW WHISKY CROCO',2,'8149-12937-SANDALIANEWWHISKYCROCO347-354',1,'160324612512843371','NIU','10',NULL,1,'6011','7011','',NULL,NULL,NULL,NULL,NULL,NULL,NULL,NULL,0),('160324612659654469','PRETO CROCO',2,'8149-12937-SANDALIAPRETOCROCO347-354',1,'160324612512843371','NIU','10',NULL,1,'6011','7011','',NULL,NULL,NULL,NULL,NULL,NULL,NULL,NULL,0),('160324612667634315','PRATA VELHO NEW METALIC',2,'8164-12889-SANDALIAPRATAVELHONEWMETALIC347-354',1,'160324612512843371','NIU','10',NULL,1,'6011','7011','',NULL,NULL,NULL,NULL,NULL,NULL,NULL,NULL,0),('160324612667977513','SAND NAPA',2,'8154-12795-ZAPATOSANDNAPA347-354',1,'160324612097055574','NIU','10',NULL,1,'6011','7011','',NULL,NULL,NULL,NULL,NULL,NULL,NULL,NULL,0),('160324612673846159','ANTIQUE CROCO',2,'8164-12890-SANDALIAANTIQUECROCO347-354',1,'160324612512843371','NIU','10',NULL,1,'6011','7011','',NULL,NULL,NULL,NULL,NULL,NULL,NULL,NULL,0),('160324612677313084','SILVER NEW METALIC',2,'8155-12812-SANDALIASILVERNEWMETALIC347-354',1,'160324612512843371','NIU','10',NULL,1,'6011','7011','',NULL,NULL,NULL,NULL,NULL,NULL,NULL,NULL,0),('160324612690255744','PRETO CROCO',2,'8150-12763-SANDALIAPRETOCROCO347-354',1,'160324612512843371','NIU','10',NULL,1,'6011','7011','',NULL,NULL,NULL,NULL,NULL,NULL,NULL,NULL,0),('160324612691817700','LIGHT GOLD NEW METALIC',2,'8164-12889-SANDALIALIGHTGOLDNEWMETALIC347-354',1,'160324612512843371','NIU','10',NULL,1,'6011','7011','',NULL,NULL,NULL,NULL,NULL,NULL,NULL,NULL,0),('160324612695629129','SOLAR NAPA',2,'8154-12795-ZAPATOSOLARNAPA347-354',1,'160324612097055574','NIU','10',NULL,1,'6011','7011','',NULL,NULL,NULL,NULL,NULL,NULL,NULL,NULL,0),('160324612713411827','LIGHT GOLD NEW METALIC',2,'9045-50693-SANDALIALIGHTGOLDNEWMETALIC355-356',1,'160324612512843371','NIU','10',NULL,1,'6011','7011','',NULL,NULL,NULL,NULL,NULL,NULL,NULL,NULL,0),('160324612728268952','PRETO CROCO',2,'8164-12916-SANDALIAPRETOCROCO347-354',1,'160324612512843371','NIU','10',NULL,1,'6011','7011','',NULL,NULL,NULL,NULL,NULL,NULL,NULL,NULL,0),('160324612729178365','PEROLA NAPA',2,'9026-50796-ZAPATOPEROLANAPA355-356',1,'160324612097055574','NIU','10',NULL,1,'6011','7011','',NULL,NULL,NULL,NULL,NULL,NULL,NULL,NULL,0),('160324612729613730','PRETO CROCO',2,'8165-12899-SANDALIAPRETOCROCO347-354',1,'160324612512843371','NIU','10',NULL,1,'6011','7011','',NULL,NULL,NULL,NULL,NULL,NULL,NULL,NULL,0),('160324612742916310','ANTIQUE VERNIZ',2,'8164-12918-SANDALIAANTIQUEVERNIZ347-354',1,'160324612512843371','NIU','10',NULL,1,'6011','7011','',NULL,NULL,NULL,NULL,NULL,NULL,NULL,NULL,0),('160324612743388765','PRETO CROCO',2,'8164-12918-SANDALIAPRETOCROCO347-354',1,'160324612512843371','NIU','10',NULL,1,'6011','7011','',NULL,NULL,NULL,NULL,NULL,NULL,NULL,NULL,0),('160324612743711479','ANTIQUE CROCO',2,'8165-12899-SANDALIAANTIQUECROCO347-354',1,'160324612512843371','NIU','10',NULL,1,'6011','7011','',NULL,NULL,NULL,NULL,NULL,NULL,NULL,NULL,0),('160324612748251888','SOLAR CROCO',2,'8164-12890-SANDALIASOLARCROCO347-354',1,'160324612512843371','NIU','10',NULL,1,'6011','7011','',NULL,NULL,NULL,NULL,NULL,NULL,NULL,NULL,0),('160324612766961714','PRATA VELHO CROCO METAL',2,'8164-12918-SANDALIAPRATAVELHOCROCOMETAL347-354',1,'160324612512843371','NIU','10',NULL,1,'6011','7011','',NULL,NULL,NULL,NULL,NULL,NULL,NULL,NULL,0),('160324612774388317','JASMIN VERNIZ',2,'9045-50693-SANDALIAJASMINVERNIZ355-356',1,'160324612512843371','NIU','10',NULL,1,'6011','7011','',NULL,NULL,NULL,NULL,NULL,NULL,NULL,NULL,0),('160324612789664433','LIGHT GOLD CROCO METAL',2,'8164-12918-SANDALIALIGHTGOLDCROCOMETAL347-354',1,'160324612512843371','NIU','10',NULL,1,'6011','7011','',NULL,NULL,NULL,NULL,NULL,NULL,NULL,NULL,0),('160324612791776025','LIGHT GOLD CROCO METAL',2,'8164-12916-SANDALIALIGHTGOLDCROCOMETAL347-354',1,'160324612512843371','NIU','10',NULL,1,'6011','7011','',NULL,NULL,NULL,NULL,NULL,NULL,NULL,NULL,0),('160324612796444975','LIGHT GOLD NEW METALIC',2,'9026-50796-ZAPATOLIGHTGOLDNEWMETALIC355-356',1,'160324612097055574','NIU','10',NULL,1,'6011','7011','',NULL,NULL,NULL,NULL,NULL,NULL,NULL,NULL,0),('160324612819153095','LIGHT GOLD NEW METALIC',2,'9047-50688-SANDALIALIGHTGOLDNEWMETALIC355-356',1,'160324612512843371','NIU','10',NULL,1,'6011','7011','',NULL,NULL,NULL,NULL,NULL,NULL,NULL,NULL,0),('160324612824654279','PRETO CROCO',2,'8002-12478-ZAPATOPRETOCROCO357-358',1,'160324612097055574','NIU','10',NULL,1,'6011','7011','',NULL,NULL,NULL,NULL,NULL,NULL,NULL,NULL,0),('160324612834019375','KAKY NAPA',2,'8002-12478-ZAPATOKAKYNAPA357-358',1,'160324612097055574','NIU','10',NULL,1,'6011','7011','',NULL,NULL,NULL,NULL,NULL,NULL,NULL,NULL,0),('160324612834938652','JAMBO CROCO',2,'8001-12773-ZAPATOJAMBOCROCO357-358',1,'160324612097055574','NIU','10',NULL,1,'6011','7011','',NULL,NULL,NULL,NULL,NULL,NULL,NULL,NULL,0),('160324612835234798','NATURAL NAPA',2,'9045-50697-SANDALIANATURALNAPA355-356',1,'160324612512843371','NIU','10',NULL,1,'6011','7011','',NULL,NULL,NULL,NULL,NULL,NULL,NULL,NULL,0),('160324612842599597','PEROLA NAPA',2,'9046-50789-SANDALIAPEROLANAPA355-356',1,'160324612512843371','NIU','10',NULL,1,'6011','7011','',NULL,NULL,NULL,NULL,NULL,NULL,NULL,NULL,0),('160324612846902698','CHAMPAGNE NEW METALIC',2,'9047-50688-SANDALIACHAMPAGNENEWMETALIC355-356',1,'160324612512843371','NIU','10',NULL,1,'6011','7011','',NULL,NULL,NULL,NULL,NULL,NULL,NULL,NULL,0),('160324612852735939','KAKY GOOD SUEDE',2,'8001-12774-ZAPATOKAKYGOODSUEDE357-358',1,'160324612097055574','NIU','10',NULL,1,'6011','7011','',NULL,NULL,NULL,NULL,NULL,NULL,NULL,NULL,0),('160324612868067825','PRETO CROCO',2,'8001-12773-ZAPATOPRETOCROCO357-358',1,'160324612097055574','NIU','10',NULL,1,'6011','7011','',NULL,NULL,NULL,NULL,NULL,NULL,NULL,NULL,0),('160324612869307837','BRANCO NAPA',2,'9045-50697-SANDALIABRANCONAPA355-356',1,'160324612512843371','NIU','10',NULL,1,'6011','7011','',NULL,NULL,NULL,NULL,NULL,NULL,NULL,NULL,0),('160324612873258449','NATURAL NAPA',2,'8002-12478-ZAPATONATURALNAPA357-358',1,'160324612097055574','NIU','10',NULL,1,'6011','7011','',NULL,NULL,NULL,NULL,NULL,NULL,NULL,NULL,0),('160324612879137214','PEROLA VERNIZ',2,'9046-50688-SANDALIAPEROLAVERNIZ355-356',1,'160324612512843371','NIU','10',NULL,1,'6011','7011','',NULL,NULL,NULL,NULL,NULL,NULL,NULL,NULL,0),('160324612879597331','SAND CROCO',2,'8001-12773-ZAPATOSANDCROCO357-358',1,'160324612097055574','NIU','10',NULL,1,'6011','7011','',NULL,NULL,NULL,NULL,NULL,NULL,NULL,NULL,0),('160324612881448363','PRETO NAPA',2,'8001-12774-ZAPATOPRETONAPA357-358',1,'160324612097055574','NIU','10',NULL,1,'6011','7011','',NULL,NULL,NULL,NULL,NULL,NULL,NULL,NULL,0),('160324612896595618','SAND NAPA',2,'8001-12774-ZAPATOSANDNAPA357-358',1,'160324612097055574','NIU','10',NULL,1,'6011','7011','',NULL,NULL,NULL,NULL,NULL,NULL,NULL,NULL,0),('160324612897195795','PEROLA NAPA',2,'9045-50696-SANDALIAPEROLANAPA355-356',1,'160324612512843371','NIU','10',NULL,1,'6011','7011','',NULL,NULL,NULL,NULL,NULL,NULL,NULL,NULL,0),('160324612898969286','ROSA CANDY NAPA',2,'9045-50696-SANDALIAROSACANDYNAPA355-356',1,'160324612512843371','NIU','10',NULL,1,'6011','7011','',NULL,NULL,NULL,NULL,NULL,NULL,NULL,NULL,0),('160324612920453322','BRANCO NAPA',2,'8066-12781-ZAPATOBRANCONAPA357-358',1,'160324612097055574','NIU','10',NULL,1,'6011','7011','',NULL,NULL,NULL,NULL,NULL,NULL,NULL,NULL,0),('160324612922031815','NEW WHISKY NAPA',2,'8004-12800-ZAPATONEWWHISKYNAPA357-358',1,'160324612097055574','NIU','10',NULL,1,'6011','7011','',NULL,NULL,NULL,NULL,NULL,NULL,NULL,NULL,0),('160324612934159751','PRETO NAPA',2,'8003-12807-ZAPATOPRETONAPA357-358',1,'160324612097055574','NIU','10',NULL,1,'6011','7011','',NULL,NULL,NULL,NULL,NULL,NULL,NULL,NULL,0),('160324612942062977','RUM NAPA',2,'8002-12478-ZAPATORUMNAPA357-358',1,'160324612097055574','NIU','10',NULL,1,'6011','7011','',NULL,NULL,NULL,NULL,NULL,NULL,NULL,NULL,0),('160324612942459680','NATURAL VERNIZ',2,'8001-12771-ZAPATONATURALVERNIZ626-627',1,'160324612097055574','NIU','10',NULL,1,'6011','7011','',NULL,NULL,NULL,NULL,NULL,NULL,NULL,NULL,0),('160324612943658278','PRETO NAPA',2,'8002-12478-ZAPATOPRETONAPA357-358',1,'160324612097055574','NIU','10',NULL,1,'6011','7011','',NULL,NULL,NULL,NULL,NULL,NULL,NULL,NULL,0),('160324612955677032','PRETO VERNIZ',2,'8001-12771-ZAPATOPRETOVERNIZ626-627',1,'160324612097055574','NIU','10',NULL,1,'6011','7011','',NULL,NULL,NULL,NULL,NULL,NULL,NULL,NULL,0),('160324612956796577','PRETO VERNIZ',2,'8004-12886-ZAPATOPRETOVERNIZ626-627',1,'160324612097055574','NIU','10',NULL,1,'6011','7011','',NULL,NULL,NULL,NULL,NULL,NULL,NULL,NULL,0),('160324612961856114','NATURAL NAPA',2,'8003-12807-ZAPATONATURALNAPA357-358',1,'160324612097055574','NIU','10',NULL,1,'6011','7011','',NULL,NULL,NULL,NULL,NULL,NULL,NULL,NULL,0),('160324612969009313','PRETO VERNIZ',2,'8002-12801-ZAPATOPRETOVERNIZ626-627',1,'160324612097055574','NIU','10',NULL,1,'6011','7011','',NULL,NULL,NULL,NULL,NULL,NULL,NULL,NULL,0),('160324612972882848','NATURAL VERNIZ',2,'8066-12781-ZAPATONATURALVERNIZ357-358',1,'160324612097055574','NIU','10',NULL,1,'6011','7011','',NULL,NULL,NULL,NULL,NULL,NULL,NULL,NULL,0),('160324612980772999','PRETO VERNIZ',2,'8066-12781-ZAPATOPRETOVERNIZ357-358',1,'160324612097055574','NIU','10',NULL,1,'6011','7011','',NULL,NULL,NULL,NULL,NULL,NULL,NULL,NULL,0),('160324612982095587','KAKY GOOD SUEDE',2,'8001-12774-ZAPATOKAKYGOODSUEDE626-627',1,'160324612097055574','NIU','10',NULL,1,'6011','7011','',NULL,NULL,NULL,NULL,NULL,NULL,NULL,NULL,0),('160324612984386871','RUM GOOD SUEDE',2,'8001-12774-ZAPATORUMGOODSUEDE626-627',1,'160324612097055574','NIU','10',NULL,1,'6011','7011','',NULL,NULL,NULL,NULL,NULL,NULL,NULL,NULL,0),('160324612994361003','NATURAL NAPA',2,'8004-12800-ZAPATONATURALNAPA357-358',1,'160324612097055574','NIU','10',NULL,1,'6011','7011','',NULL,NULL,NULL,NULL,NULL,NULL,NULL,NULL,0),('160324613014222383','PEROLA VERNIZ',2,'7006-00036-SANDALIAPEROLAVERNIZ637-638',1,'160324612512843371','NIU','10',NULL,1,'6011','7011','',NULL,NULL,NULL,NULL,NULL,NULL,NULL,NULL,0),('160324613018727133','ROSA CANDY VERNIZ',2,'7006-00039-SANDALIAROSACANDYVERNIZ637-638',1,'160324612512843371','NIU','10',NULL,1,'6011','7011','',NULL,NULL,NULL,NULL,NULL,NULL,NULL,NULL,0),('160324613020059606','FLORATA VERNIZ',2,'7000-00006-ZAPATOFLORATAVERNIZ637-638',1,'160324612097055574','NIU','10',NULL,1,'6011','7011','',NULL,NULL,NULL,NULL,NULL,NULL,NULL,NULL,0),('160324613022067209','PRETO GOOD SUEDE',2,'8066-12779-ZAPATOPRETOGOODSUEDE626-627',1,'160324612097055574','NIU','10',NULL,1,'6011','7011','',NULL,NULL,NULL,NULL,NULL,NULL,NULL,NULL,0),('160324613039395073','PEROLA VERNIZ',2,'7006-00039-SANDALIAPEROLAVERNIZ637-638',1,'160324612512843371','NIU','10',NULL,1,'6011','7011','',NULL,NULL,NULL,NULL,NULL,NULL,NULL,NULL,0),('160324613043438139','PEROLA VERNIZ',2,'7000-00005-ZAPATOPEROLAVERNIZ637-638',1,'160324612097055574','NIU','10',NULL,1,'6011','7011','',NULL,NULL,NULL,NULL,NULL,NULL,NULL,NULL,0),('160324613046502096','ROSA CANDY VERNIZ',2,'7000-00003-ZAPATOROSACANDYVERNIZ637-638',1,'160324612097055574','NIU','10',NULL,1,'6011','7011','',NULL,NULL,NULL,NULL,NULL,NULL,NULL,NULL,0),('160324613052774513','PEROLA VERNIZ',2,'7000-00003-ZAPATOPEROLAVERNIZ637-638',1,'160324612097055574','NIU','10',NULL,1,'6011','7011','',NULL,NULL,NULL,NULL,NULL,NULL,NULL,NULL,0),('160324613062017860','BRANCO VERNIZ',2,'7006-00038-SANDALIABRANCOVERNIZ637-638',1,'160324612512843371','NIU','10',NULL,1,'6011','7011','',NULL,NULL,NULL,NULL,NULL,NULL,NULL,NULL,0),('160324613064109765','BLACK STONE CROCO',2,'8154-12795-ZAPATOBLACKSTONECROCO626-627',1,'160324612097055574','NIU','10',NULL,1,'6011','7011','',NULL,NULL,NULL,NULL,NULL,NULL,NULL,NULL,0),('160324613084286574','MARINHO VERNIZ',2,'8066-12779-ZAPATOMARINHOVERNIZ626-627',1,'160324612097055574','NIU','10',NULL,1,'6011','7011','',NULL,NULL,NULL,NULL,NULL,NULL,NULL,NULL,0),('160324613087086000','NEW WHISKY STONE CROCO',2,'8154-12795-ZAPATONEWWHISKYSTONECROCO626-627',1,'160324612097055574','NIU','10',NULL,1,'6011','7011','',NULL,NULL,NULL,NULL,NULL,NULL,NULL,NULL,0),('160324613097018507','NATURAL VERNIZ',2,'8066-12779-ZAPATONATURALVERNIZ626-627',1,'160324612097055574','NIU','10',NULL,1,'6011','7011','',NULL,NULL,NULL,NULL,NULL,NULL,NULL,NULL,0),('160324613119611901','PRETO VERNIZ',2,'9000-50742-ZAPATOPRETOVERNIZ639-640-641',1,'160324612097055574','NIU','10',NULL,1,'6011','7011','',NULL,NULL,NULL,NULL,NULL,NULL,NULL,NULL,0),('160324613127975324','PEROLA NAPA',2,'9000-50742-ZAPATOPEROLANAPA639-640-641',1,'160324612097055574','NIU','10',NULL,1,'6011','7011','',NULL,NULL,NULL,NULL,NULL,NULL,NULL,NULL,0),('160324613140945795','JASMIN NAPA',2,'9052-50746-ZAPATOJASMINNAPA639-640-641',1,'160324612097055574','NIU','10',NULL,1,'6011','7011','',NULL,NULL,NULL,NULL,NULL,NULL,NULL,NULL,0),('160324613160925562','NATURAL VERNIZ',2,'9029-50701-SANDALIANATURALVERNIZ639-640-641',1,'160324612512843371','NIU','10',NULL,1,'6011','7011','',NULL,NULL,NULL,NULL,NULL,NULL,NULL,NULL,0),('160324613162613398','PRETO VERNIZ',2,'7000-00005-ZAPATOPRETOVERNIZ637-638',1,'160324612097055574','NIU','10',NULL,1,'6011','7011','',NULL,NULL,NULL,NULL,NULL,NULL,NULL,NULL,0),('160324613171505755','ROSA CANDY VERNIZ',2,'9002-50713-ZAPATOROSACANDYVERNIZ639-640-641',1,'160324612097055574','NIU','10',NULL,1,'6011','7011','',NULL,NULL,NULL,NULL,NULL,NULL,NULL,NULL,0),('160324613172747186','MARESIA NAPA',2,'9052-50746-ZAPATOMARESIANAPA639-640-641',1,'160324612097055574','NIU','10',NULL,1,'6011','7011','',NULL,NULL,NULL,NULL,NULL,NULL,NULL,NULL,0),('160324613175896883','ROSA CANDY VERNIZ',2,'9047-50543-SANDALIAROSACANDYVERNIZ639-640-641',1,'160324612512843371','NIU','10',NULL,1,'6011','7011','',NULL,NULL,NULL,NULL,NULL,NULL,NULL,NULL,0),('160324613189839428','VANILLA NAPA',2,'9052-50748-SANDALIAVANILLANAPA639-640-641',1,'160324612512843371','NIU','10',NULL,1,'6011','7011','',NULL,NULL,NULL,NULL,NULL,NULL,NULL,NULL,0),('160324613197793607','FLORATA NAPA',2,'9025-50750-ZAPATOFLORATANAPA639-640-641',1,'160324612097055574','NIU','10',NULL,1,'6011','7011','',NULL,NULL,NULL,NULL,NULL,NULL,NULL,NULL,0),('160324613199538633','MARESIA NAPA',2,'9025-50750-ZAPATOMARESIANAPA639-640-641',1,'160324612097055574','NIU','10',NULL,1,'6011','7011','',NULL,NULL,NULL,NULL,NULL,NULL,NULL,NULL,0),('160324613217617599','CHAMPAGNE NEW METALIC',2,'9049-50724-ZAPATOCHAMPAGNENEWMETALIC639-640-641',1,'160324612097055574','NIU','10',NULL,1,'6011','7011','',NULL,NULL,NULL,NULL,NULL,NULL,NULL,NULL,0),('160324613223017715','PRETO VERNIZ',2,'9013-50707-ZAPATOPRETOVERNIZ639-640-641',1,'160324612097055574','NIU','10',NULL,1,'6011','7011','',NULL,NULL,NULL,NULL,NULL,NULL,NULL,NULL,0),('160324613225915320','BRANCO NAPA',2,'9001-50735-ZAPATOBRANCONAPA639-640-641',1,'160324612097055574','NIU','10',NULL,1,'6011','7011','',NULL,NULL,NULL,NULL,NULL,NULL,NULL,NULL,0),('160324613238184884','PEROLA NAPA',2,'9052-50749-ZAPATOPEROLANAPA639-640-641',1,'160324612097055574','NIU','10',NULL,1,'6011','7011','',NULL,NULL,NULL,NULL,NULL,NULL,NULL,NULL,0),('160324613245817945','BRANCO NAPA',2,'7006-00035-SANDALIABRANCONAPA778-779',1,'160324612512843371','NIU','10',NULL,1,'6011','7011','',NULL,NULL,NULL,NULL,NULL,NULL,NULL,NULL,0),('160324613267154717','LIGHT GOLD NEW METALIC',2,'9047-50688-SANDALIALIGHTGOLDNEWMETALIC639-640-641',1,'160324612512843371','NIU','10',NULL,1,'6011','7011','',NULL,NULL,NULL,NULL,NULL,NULL,NULL,NULL,0),('160324613268094572','PRETO VERNIZ',2,'9049-50724-ZAPATOPRETOVERNIZ639-640-641',1,'160324612097055574','NIU','10',NULL,1,'6011','7011','',NULL,NULL,NULL,NULL,NULL,NULL,NULL,NULL,0),('160324613272043744','JASMIN VERNIZ',2,'9013-50707-ZAPATOJASMINVERNIZ639-640-641',1,'160324612097055574','NIU','10',NULL,1,'6011','7011','',NULL,NULL,NULL,NULL,NULL,NULL,NULL,NULL,0),('160324613284088794','BRANCO NAPA',2,'7002-00016-SANDALIABRANCONAPA778-779',1,'160324612512843371','NIU','10',NULL,1,'6011','7011','',NULL,NULL,NULL,NULL,NULL,NULL,NULL,NULL,0),('160324613286616493','PRETO NAPA',2,'9052-50746-ZAPATOPRETONAPA639-640-641',1,'160324612097055574','NIU','10',NULL,1,'6011','7011','',NULL,NULL,NULL,NULL,NULL,NULL,NULL,NULL,0),('160324613314846074','BRANCO NAPA',2,'9047-50688-SANDALIABRANCONAPA778-779',1,'160324612512843371','NIU','10',NULL,1,'6011','7011','',NULL,NULL,NULL,NULL,NULL,NULL,NULL,NULL,0),('160324613316525659','MARINHO VERNIZ',2,'9045-50693-SANDALIAMARINHOVERNIZ778-779',1,'160324612512843371','NIU','10',NULL,1,'6011','7011','',NULL,NULL,NULL,NULL,NULL,NULL,NULL,NULL,0),('160324613322275684','NATURAL NAPA',2,'9025-50754-ZAPATONATURALNAPA778-779',1,'160324612097055574','NIU','10',NULL,1,'6011','7011','',NULL,NULL,NULL,NULL,NULL,NULL,NULL,NULL,0),('160324613333448717','VANILLA VERNIZ',2,'9050-50728-ZAPATOVANILLAVERNIZ778-779',1,'160324612097055574','NIU','10',NULL,1,'6011','7011','',NULL,NULL,NULL,NULL,NULL,NULL,NULL,NULL,0),('160324613350241513','FLORATA VERNIZ',2,'9001-50760-ZAPATOFLORATAVERNIZ778-779',1,'160324612097055574','NIU','10',NULL,1,'6011','7011','',NULL,NULL,NULL,NULL,NULL,NULL,NULL,NULL,0),('160324613356379726','BRANCO VERNIZ',2,'9000-50742-ZAPATOBRANCOVERNIZ778-779',1,'160324612097055574','NIU','10',NULL,1,'6011','7011','',NULL,NULL,NULL,NULL,NULL,NULL,NULL,NULL,0),('160324613370569054','CHAMPAGNE NEW METALIC',2,'9046-50689-SANDALIACHAMPAGNENEWMETALIC778-779',1,'160324612512843371','NIU','10',NULL,1,'6011','7011','',NULL,NULL,NULL,NULL,NULL,NULL,NULL,NULL,0),('160324613384559493','PINK VERNIZ',2,'9046-50689-SANDALIAPINKVERNIZ778-779',1,'160324612512843371','NIU','10',NULL,1,'6011','7011','',NULL,NULL,NULL,NULL,NULL,NULL,NULL,NULL,0),('160324613387949108','ROSA CANDY VERNIZ',2,'9045-50693-SANDALIAROSACANDYVERNIZ778-779',1,'160324612512843371','NIU','10',NULL,1,'6011','7011','',NULL,NULL,NULL,NULL,NULL,NULL,NULL,NULL,0),('160324613398024216','ROSA CANDY NAPA',2,'9047-50688-SANDALIAROSACANDYNAPA778-779',1,'160324612512843371','NIU','10',NULL,1,'6011','7011','',NULL,NULL,NULL,NULL,NULL,NULL,NULL,NULL,0),('160324613420669377','VANILLA NAPA',2,'9052-50748-SANDALIAVANILLANAPA778-779',1,'160324612512843371','NIU','10',NULL,1,'6011','7011','',NULL,NULL,NULL,NULL,NULL,NULL,NULL,NULL,0),('160324613422115381','FLORATA VERNIZ',2,'9001-50760-ZAPATOFLORATAVERNIZ771-772-773-774',1,'160324612097055574','NIU','10',NULL,1,'6011','7011','',NULL,NULL,NULL,NULL,NULL,NULL,NULL,NULL,0),('160324613424325180','FLORATA VERNIZ',2,'9050-50729-ZAPATOFLORATAVERNIZ778-779',1,'160324612097055574','NIU','10',NULL,1,'6011','7011','',NULL,NULL,NULL,NULL,NULL,NULL,NULL,NULL,0),('160324613432346167','BRANCO VERNIZ',2,'9000-50742-ZAPATOBRANCOVERNIZ771-772-773-774',1,'160324612097055574','NIU','10',NULL,1,'6011','7011','',NULL,NULL,NULL,NULL,NULL,NULL,NULL,NULL,0),('160324613432576992','JASMIN NAPA',2,'9052-50749-SANDALIAJASMINNAPA778-779',1,'160324612512843371','NIU','10',NULL,1,'6011','7011','',NULL,NULL,NULL,NULL,NULL,NULL,NULL,NULL,0),('160324613436908546','BRANCO NAPA',2,'7002-00016-SANDALIABRANCONAPA771-772-773-774',1,'160324612512843371','NIU','10',NULL,1,'6011','7011','',NULL,NULL,NULL,NULL,NULL,NULL,NULL,NULL,0),('160324613437961820','CHAMPAGNE NEW METALIC',2,'7006-00038-SANDALIACHAMPAGNENEWMETALIC771-772-773-774',1,'160324612512843371','NIU','10',NULL,1,'6011','7011','',NULL,NULL,NULL,NULL,NULL,NULL,NULL,NULL,0),('160324613451775873','BRANCO NAPA',2,'7006-00035-SANDALIABRANCONAPA771-772-773-774',1,'160324612512843371','NIU','10',NULL,1,'6011','7011','',NULL,NULL,NULL,NULL,NULL,NULL,NULL,NULL,0),('160324613478198300','BRANCO VERNIZ',2,'9050-50729-ZAPATOBRANCOVERNIZ778-779',1,'160324612097055574','NIU','10',NULL,1,'6011','7011','',NULL,NULL,NULL,NULL,NULL,NULL,NULL,NULL,0),('160324613518592412','MARINHO VERNIZ',2,'9050-50728-ZAPATOMARINHOVERNIZ771-772-773-774',1,'160324612097055574','NIU','10',NULL,1,'6011','7011','',NULL,NULL,NULL,NULL,NULL,NULL,NULL,NULL,0),('160324613540061090','ROSA CANDY VERNIZ',2,'9002-50713-ZAPATOROSACANDYVERNIZ771-772-773-774',1,'160324612097055574','NIU','10',NULL,1,'6011','7011','',NULL,NULL,NULL,NULL,NULL,NULL,NULL,NULL,0),('160324613557618189','VANILLA VERNIZ',2,'9050-50728-ZAPATOVANILLAVERNIZ771-772-773-774',1,'160324612097055574','NIU','10',NULL,1,'6011','7011','',NULL,NULL,NULL,NULL,NULL,NULL,NULL,NULL,0),('160324613559861111','BRANCO VERNIZ',2,'9050-50729-ZAPATOBRANCOVERNIZ771-772-773-774',1,'160324612097055574','NIU','10',NULL,1,'6011','7011','',NULL,NULL,NULL,NULL,NULL,NULL,NULL,NULL,0),('160324613578569233','PINK VERNIZ',2,'9000-50744-ZAPATOPINKVERNIZ771-772-773-774',1,'160324612097055574','NIU','10',NULL,1,'6011','7011','',NULL,NULL,NULL,NULL,NULL,NULL,NULL,NULL,0),('160324613588754793','FLORATA VERNIZ',2,'9050-50729-ZAPATOFLORATAVERNIZ771-772-773-774',1,'160324612097055574','NIU','10',NULL,1,'6011','7011','',NULL,NULL,NULL,NULL,NULL,NULL,NULL,NULL,0),('160324613591942566','JASMIN NAPA',2,'9052-50749-ZAPATOJASMINNAPA771-772-773-774',1,'160324612097055574','NIU','10',NULL,1,'6011','7011','',NULL,NULL,NULL,NULL,NULL,NULL,NULL,NULL,0),('160324613615983824','ROSA CANDY NAPA',2,'9047-50688-SANDALIAROSACANDYNAPA771-772-773-774',1,'160324612512843371','NIU','10',NULL,1,'6011','7011','',NULL,NULL,NULL,NULL,NULL,NULL,NULL,NULL,0),('160324613636917941','ROSA CANDY VERNIZ',2,'9045-50693-SANDALIAROSACANDYVERNIZ771-772-773-774',1,'160324612512843371','NIU','10',NULL,1,'6011','7011','',NULL,NULL,NULL,NULL,NULL,NULL,NULL,NULL,0),('160324613636949803','NATURAL NAPA',2,'9025-50754-ZAPATONATURALNAPA771-772-773-774',1,'160324612097055574','NIU','10',NULL,1,'6011','7011','',NULL,NULL,NULL,NULL,NULL,NULL,NULL,NULL,0),('160324613643672637','PINK VERNIZ',2,'9046-50689-SANDALIAPINKVERNIZ771-772-773-774',1,'160324612512843371','NIU','10',NULL,1,'6011','7011','',NULL,NULL,NULL,NULL,NULL,NULL,NULL,NULL,0),('160324613647953678','BRANCO NAPA',2,'9047-50688-SANDALIABRANCONAPA771-772-773-774',1,'160324612512843371','NIU','10',NULL,1,'6011','7011','',NULL,NULL,NULL,NULL,NULL,NULL,NULL,NULL,0),('160324613653046959','VANILLA NAPA',2,'9052-50748-SANDALIAVANILLANAPA771-772-773-774',1,'160324612512843371','NIU','10',NULL,1,'6011','7011','',NULL,NULL,NULL,NULL,NULL,NULL,NULL,NULL,0),('160324613658728020','CHAMPAGNE NEW METALIC',2,'9046-50689-SANDALIACHAMPAGNENEWMETALIC771-772-773-774',1,'160324612512843371','NIU','10',NULL,1,'6011','7011','',NULL,NULL,NULL,NULL,NULL,NULL,NULL,NULL,0),('160324613683973777','MARINHO VERNIZ',2,'9045-50693-SANDALIAMARINHOVERNIZ771-772-773-774',1,'160324612512843371','NIU','10',NULL,1,'6011','7011','',NULL,NULL,NULL,NULL,NULL,NULL,NULL,NULL,0),('160324613712605970','PRETO NAPA',2,'5390-21680-ZAPATOPRETONAPAMPE',1,'160324612097055574','NIU','10',NULL,1,'6011','7011','',NULL,NULL,NULL,NULL,NULL,NULL,NULL,NULL,0),('160324613713015413','ROSA CANDY NAPA',2,'7001-00011-ZAPATOROSACANDYNAPA312',1,'160324612097055574','NIU','10',NULL,1,'6011','7011','',NULL,NULL,NULL,NULL,NULL,NULL,NULL,NULL,0),('160324613713449838','PRETO VERNIZ',2,'7001-00012-ZAPATOPRETOVERNIZ314-315',1,'160324612097055574','NIU','10',NULL,1,'6011','7011','',NULL,NULL,NULL,NULL,NULL,NULL,NULL,NULL,0),('160324613714346991','NEW WHISKY CROCO',2,'5423-21835-ZAPATONEWWHISKYCROCOMPE',1,'160324612097055574','NIU','10',NULL,1,'6011','7011','',NULL,NULL,NULL,NULL,NULL,NULL,NULL,NULL,0),('160324613716731205','ANTIQUE NAPA',2,'5418-21807-SANDALIAANTIQUENAPAMPE',1,'160324612512843371','NIU','10',NULL,1,'6011','7011','',NULL,NULL,NULL,NULL,NULL,NULL,NULL,NULL,0),('160324613734857116','PRETO VERNIZ',2,'9049-50722-ZAPATOPRETOVERNIZ314-315',1,'160324612097055574','NIU','10',NULL,1,'6011','7011','',NULL,NULL,NULL,NULL,NULL,NULL,NULL,NULL,0),('160324613750294415','PINK VERNIZ',2,'9000-50744-ZAPATOPINKVERNIZ314-315',1,'160324612097055574','NIU','10',NULL,1,'6011','7011','',NULL,NULL,NULL,NULL,NULL,NULL,NULL,NULL,0),('160324613758471346','ROSA CANDY VERNIZ',2,'9002-50713-ZAPATOROSACANDYVERNIZ314-315',1,'160324612097055574','NIU','10',NULL,1,'6011','7011','',NULL,NULL,NULL,NULL,NULL,NULL,NULL,NULL,0),('160324613760164637','ROSA CANDY VERNIZ',2,'7000-00006-ZAPATOROSACANDYVERNIZ314-315',1,'160324612097055574','NIU','10',NULL,1,'6011','7011','',NULL,NULL,NULL,NULL,NULL,NULL,NULL,NULL,0),('160324613761219631','NEW WHISKY GOOD SUEDE',2,'5418-21808-SANDALIANEWWHISKYGOODSUEDEMPE',1,'160324612512843371','NIU','10',NULL,1,'6011','7011','',NULL,NULL,NULL,NULL,NULL,NULL,NULL,NULL,0),('160324613769739768','PRETO NAPA',2,'5424-21840-ZAPATOPRETONAPAMPE',1,'160324612097055574','NIU','10',NULL,1,'6011','7011','',NULL,NULL,NULL,NULL,NULL,NULL,NULL,NULL,0),('160324613773233356','PEROLA VERNIZ',2,'7001-00012-ZAPATOPEROLAVERNIZ314-315',1,'160324612097055574','NIU','10',NULL,1,'6011','7011','',NULL,NULL,NULL,NULL,NULL,NULL,NULL,NULL,0),('160324613782069955','PRETO VERNIZ',2,'9002-50713-ZAPATOPRETOVERNIZ314-315',1,'160324612097055574','NIU','10',NULL,1,'6011','7011','',NULL,NULL,NULL,NULL,NULL,NULL,NULL,NULL,0),('160324613793952522','NEW WHISKY BABY CALF',2,'5399-21712-SANDALIANEWWHISKYBABYCALFMPE',1,'160324612512843371','NIU','10',NULL,1,'6011','7011','',NULL,NULL,NULL,NULL,NULL,NULL,NULL,NULL,0),('160324613810932340','MARINHO LONA',2,'8153-12788T-ZAPATOMARINHOLONAMPE',1,'160324612097055574','NIU','10',NULL,1,'6011','7011','',NULL,NULL,NULL,NULL,NULL,NULL,NULL,NULL,0),('160324613813016129','VANILLA VERNIZ',2,'9052-50748-SANDALIAVANILLAVERNIZMPE',1,'160324612512843371','NIU','10',NULL,1,'6011','7011','',NULL,NULL,NULL,NULL,NULL,NULL,NULL,NULL,0),('160324613824889033','PRETO NAPA',2,'8153-12787-ZAPATOPRETONAPAMPE',1,'160324612097055574','NIU','10',NULL,1,'6011','7011','',NULL,NULL,NULL,NULL,NULL,NULL,NULL,NULL,0),('160324613829307410','JASMIN NAPA',2,'9052-50749-SANDALIAJASMINNAPAMPE',1,'160324612512843371','NIU','10',NULL,1,'6011','7011','',NULL,NULL,NULL,NULL,NULL,NULL,NULL,NULL,0),('160324613837211072','JASMIN VERNIZ',2,'7000-00006-ZAPATOJASMINVERNIZMPE',1,'160324612097055574','NIU','10',NULL,1,'6011','7011','',NULL,NULL,NULL,NULL,NULL,NULL,NULL,NULL,0),('160324613840093425','MARESIA NAPA',2,'9049-50722-ZAPATOMARESIANAPAMPE',1,'160324612097055574','NIU','10',NULL,1,'6011','7011','',NULL,NULL,NULL,NULL,NULL,NULL,NULL,NULL,0),('160324613847404230','KAKY CROCO',2,'5423-21835-ZAPATOKAKYCROCOMPE',1,'160324612097055574','NIU','10',NULL,1,'6011','7011','',NULL,NULL,NULL,NULL,NULL,NULL,NULL,NULL,0),('160324613848115319','KAKY BABY CALF',2,'8157-12841-ZAPATOKAKYBABYCALFMPE',1,'160324612097055574','NIU','10',NULL,1,'6011','7011','',NULL,NULL,NULL,NULL,NULL,NULL,NULL,NULL,0),('160324613854138599','BRANCO VERNIZ',2,'9047-50688-SANDALIABRANCOVERNIZMPE',1,'160324612512843371','NIU','10',NULL,1,'6011','7011','',NULL,NULL,NULL,NULL,NULL,NULL,NULL,NULL,0),('160324613880709798','BRANCO NAPA',2,'8153-12787-ZAPATOBRANCONAPAMPE',1,'160324612097055574','NIU','10',NULL,1,'6011','7011','',NULL,NULL,NULL,NULL,NULL,NULL,NULL,NULL,0),('160324613885378392','NEW WHISKY GOOD SUEDE',2,'8163-12872-ZAPATONEWWHISKYGOODSUEDEMPE',1,'160324612097055574','NIU','10',NULL,1,'6011','7011','',NULL,NULL,NULL,NULL,NULL,NULL,NULL,NULL,0),('160324613886574946','BRANCO NAPA',2,'8152-12778-ZAPATOBRANCONAPAMPE',1,'160324612097055574','NIU','10',NULL,1,'6011','7011','',NULL,NULL,NULL,NULL,NULL,NULL,NULL,NULL,0),('160324613888168605','BRANCO VERNIZ',2,'7000-00005-ZAPATOBRANCOVERNIZMPE',1,'160324612097055574','NIU','10',NULL,1,'6011','7011','',NULL,NULL,NULL,NULL,NULL,NULL,NULL,NULL,0),('160324613889246745','PEROLA NAPA',2,'9052-50745-SANDALIAPEROLANAPAMPE',1,'160324612512843371','NIU','10',NULL,1,'6011','7011','',NULL,NULL,NULL,NULL,NULL,NULL,NULL,NULL,0),('160324613896593047','PRETO VERNIZ',2,'9002-50711-ZAPATOPRETOVERNIZMPE',1,'160324612097055574','NIU','10',NULL,1,'6011','7011','',NULL,NULL,NULL,NULL,NULL,NULL,NULL,NULL,0),('160324613898505131','VANILLA VERNIZ',2,'9049-50722-ZAPATOVANILLAVERNIZMPE',1,'160324612097055574','NIU','10',NULL,1,'6011','7011','',NULL,NULL,NULL,NULL,NULL,NULL,NULL,NULL,0),('160324613898698242','BLACK STONE CROCO',2,'8166-12913-ZAPATOBLACKSTONECROCOMPE',1,'160324612097055574','NIU','10',NULL,1,'6011','7011','',NULL,NULL,NULL,NULL,NULL,NULL,NULL,NULL,0),('160324613898896068','NATURAL NAPA',2,'9052-50746-SANDALIANATURALNAPAMPE',1,'160324612512843371','NIU','10',NULL,1,'6011','7011','',NULL,NULL,NULL,NULL,NULL,NULL,NULL,NULL,0),('160324613912868914','MARESIA TELA STAR',2,'7008-00045T-ZAPATOMARESIATELASTARERICA',1,'160324612097055574','NIU','10',NULL,1,'6011','7011','',NULL,NULL,NULL,NULL,NULL,NULL,NULL,NULL,0),('160324613921786309','NEW WHISKY TECIDO LEOPARDO',2,'8164-12892T-SANDALIANEWWHISKYTECIDOLEOPARDO347-354',1,'160324612512843371','NIU','10',NULL,1,'6011','7011','',NULL,NULL,NULL,NULL,NULL,NULL,NULL,NULL,0),('160324613932526801','KAKY TECIDO PANAMA',2,'8003-12807T-ZAPATOKAKYTECIDOPANAMAMPE',1,'160324612097055574','NIU','10',NULL,1,'6011','7011','',NULL,NULL,NULL,NULL,NULL,NULL,NULL,NULL,0),('160324613934969442','ROSA CANDY NAPA',2,'7010-00056-ZAPATOROSACANDYNAPAERICA',1,'160324612097055574','NIU','10',NULL,1,'6011','7011','',NULL,NULL,NULL,NULL,NULL,NULL,NULL,NULL,0),('160324613936095996','CINZA URBANO FORRO CURCEL',2,'9028-50474-ZAPATOCINZAURBANOFORROCURCELERICA',1,'160324612097055574','NIU','10',NULL,1,'6011','7011','',NULL,NULL,NULL,NULL,NULL,NULL,NULL,NULL,0),('160324613951009620','OFF WHITE TELA STAR',2,'7008-00045T-ZAPATOOFFWHITETELASTAR330-333-MINI',1,'160324612097055574','NIU','10',NULL,1,'6011','7011','',NULL,NULL,NULL,NULL,NULL,NULL,NULL,NULL,0),('160324613957861037','BRANCO NAPA',2,'9028-50472-ZAPATOBRANCONAPAERICA',1,'160324612097055574','NIU','10',NULL,1,'6011','7011','',NULL,NULL,NULL,NULL,NULL,NULL,NULL,NULL,0),('160324613959265057','KAKY TECIDO LEOPARDO',2,'8164-12892T-SANDALIAKAKYTECIDOLEOPARDO347-354',1,'160324612512843371','NIU','10',NULL,1,'6011','7011','',NULL,NULL,NULL,NULL,NULL,NULL,NULL,NULL,0),('160324613962927425','CANDY GLITER DIAMANTE',2,'7002-00018T-SANDALIACANDYGLITERDIAMANTE637-638',1,'160324612512843371','NIU','10',NULL,1,'6011','7011','',NULL,NULL,NULL,NULL,NULL,NULL,NULL,NULL,0),('160324613963333701','KAKY TECIDO PANAMA',2,'8120-12910T-ZAPATOKAKYTECIDOPANAMA347-354',1,'160324612097055574','NIU','10',NULL,1,'6011','7011','',NULL,NULL,NULL,NULL,NULL,NULL,NULL,NULL,0),('160324613979665032','ROSA CANDY VERNIZ',2,'9001-50760-ZAPATOROSACANDYVERNIZMPE',1,'160324612097055574','NIU','10',NULL,1,'6011','7011','',NULL,NULL,NULL,NULL,NULL,NULL,NULL,NULL,0),('160324613981965449','PRETO TECIDO PANAMA',2,'8120-12910T-ZAPATOPRETOTECIDOPANAMA347-354',1,'160324612097055574','NIU','10',NULL,1,'6011','7011','',NULL,NULL,NULL,NULL,NULL,NULL,NULL,NULL,0),('160324613989695066','OURO LIGHT GLITER DIAMANTE',2,'7010-00058T-ZAPATOOUROLIGHTGLITERDIAMANTEERICA',1,'160324612097055574','NIU','10',NULL,1,'6011','7011','',NULL,NULL,NULL,NULL,NULL,NULL,NULL,NULL,0),('160324613990287224','JAMBO VERNIZ',2,'9000-50743-ZAPATOJAMBOVERNIZMPE',1,'160324612097055574','NIU','10',NULL,1,'6011','7011','',NULL,NULL,NULL,NULL,NULL,NULL,NULL,NULL,0),('160324613994017902','NATURAL TECIDO PANAMA',2,'8120-12910T-ZAPATONATURALTECIDOPANAMA347-354',1,'160324612097055574','NIU','10',NULL,1,'6011','7011','',NULL,NULL,NULL,NULL,NULL,NULL,NULL,NULL,0),('160324614022024147','OURO LIGHT GLITER ELEGANCE',2,'7001-00008T-ZAPATOOUROLIGHTGLITERELEGANCE312',1,'160324612097055574','NIU','10',NULL,1,'6011','7011','',NULL,NULL,NULL,NULL,NULL,NULL,NULL,NULL,0),('160324614046716967','OFF WHITE TELA STAR',2,'7008-00045T-ZAPATOOFFWHITETELASTAR314-315',1,'160324612097055574','NIU','10',NULL,1,'6011','7011','',NULL,NULL,NULL,NULL,NULL,NULL,NULL,NULL,0),('160324614061428299','OFF WHITE TELA STAR',2,'7008-00045T-ZAPATOOFFWHITETELASTARERICA',1,'160324612097055574','NIU','10',NULL,1,'6011','7011','',NULL,NULL,NULL,NULL,NULL,NULL,NULL,NULL,0),('160324614065733202','OFF WHITE TELA STAR',2,'7008-00045T-ZAPATOOFFWHITETELASTARMPE',1,'160324612097055574','NIU','10',NULL,1,'6011','7011','',NULL,NULL,NULL,NULL,NULL,NULL,NULL,NULL,0),('160324614073956815','BRANCO TECIDO LYCRA CANDY',2,'7010-00054T-ZAPATOBRANCOTECIDOLYCRACANDYERICA',1,'160324612097055574','NIU','10',NULL,1,'6011','7011','',NULL,NULL,NULL,NULL,NULL,NULL,NULL,NULL,0),('160324614079095028','OFF WHITE GLITER MAXXI',2,'9052-50745T-SANDALIAOFFWHITEGLITERMAXXI771-772-773-774',1,'160324612512843371','NIU','10',NULL,1,'6011','7011','',NULL,NULL,NULL,NULL,NULL,NULL,NULL,NULL,0),('160324614081398425','NUDE TECIDO LYCRA CONFORT',2,'7010-00054T-ZAPATONUDETECIDOLYCRACONFORTERICA',1,'160324612097055574','NIU','10',NULL,1,'6011','7011','',NULL,NULL,NULL,NULL,NULL,NULL,NULL,NULL,0),('160324614082057704','NUDE TECIDO LYCRA CONFORT',2,'7010-00057T-ZAPATONUDETECIDOLYCRACONFORTERICA',1,'160324612097055574','NIU','10',NULL,1,'6011','7011','',NULL,NULL,NULL,NULL,NULL,NULL,NULL,NULL,0),('160324614084563878','OFF WHITE TELA STAR',2,'7008-00045T-ZAPATOOFFWHITETELASTAR637-638',1,'160324612097055574','NIU','10',NULL,1,'6011','7011','',NULL,NULL,NULL,NULL,NULL,NULL,NULL,NULL,0),('160324614088419903','OFF WHITE GLITER MAXXI',2,'7002-00018T-SANDALIAOFFWHITEGLITERMAXXI637-638',1,'160324612512843371','NIU','10',NULL,1,'6011','7011','',NULL,NULL,NULL,NULL,NULL,NULL,NULL,NULL,0),('160454178186979099','PELOTAS VOLEY',1,'0000004',1,NULL,NULL,NULL,NULL,NULL,NULL,NULL,NULL,NULL,NULL,NULL,NULL,NULL,NULL,NULL,NULL,NULL),('160454180916568022','EEP1',2,'0001',1,'160454178186979099','NIU','10','',0,NULL,NULL,NULL,NULL,'','','','','','',0,0),('160454182589991578','EPP2',2,'002',1,'160454178186979099','NIU','10','',0,NULL,NULL,NULL,NULL,'','','','','','',0,0),('160454184283819932','EPP3',2,'003',1,'160454178186979099','NIU','10','',0,NULL,NULL,NULL,NULL,'','','','','','',0,0),('160459872471757949','CASCO',2,'1234568888',1,'160454178186979099','NIU','10','DEMO',0,'6011','7011',NULL,NULL,'','','','','','',0,0);
/*!40000 ALTER TABLE `alm_producto` ENABLE KEYS */;
UNLOCK TABLES;

--
-- Table structure for table `alm_proveedor`
--

DROP TABLE IF EXISTS `alm_proveedor`;
/*!40101 SET @saved_cs_client     = @@character_set_client */;
/*!50503 SET character_set_client = utf8mb4 */;
CREATE TABLE `alm_proveedor` (
  `alm_proveedor_id` varchar(100) NOT NULL,
  `alm_proveedor_ruc` decimal(11,0) NOT NULL,
  `alm_proveedor_razon_social` varchar(100) DEFAULT NULL,
  `alm_proveedor_tipo_contribuyente` varchar(100) DEFAULT NULL,
  `alm_proveedor_nombre_comercial` varchar(100) DEFAULT NULL,
  `alm_proveedor_fecha_inscripcion` date DEFAULT NULL,
  `alm_proveedor_fecha_inicio_actividades` date DEFAULT NULL,
  `alm_proveedor_estado_contribuyente` varchar(50) DEFAULT NULL,
  `alm_proveedor_condicion_contribuyente` varchar(500) DEFAULT NULL,
  `alm_proveedor_direccion` varchar(2000) DEFAULT NULL,
  `alm_proveedor_sistema_emicion_comprobante` varchar(50) DEFAULT NULL,
  `alm_proveedor_actividad_comercio_exterior` varchar(50) DEFAULT NULL,
  `alm_proveedor_sistema_contabilidad` varchar(50) DEFAULT NULL,
  `alm_proveedor_telefono` varchar(9) DEFAULT NULL,
  `alm_proveedor_correo` varchar(100) DEFAULT NULL,
  `alm_proveedor_representante_id` varchar(100) DEFAULT NULL,
  `alm_porveedor_tipo_doc_ident` varchar(3) DEFAULT NULL,
  PRIMARY KEY (`alm_proveedor_id`),
  UNIQUE KEY `alm_proveedor_alm_proveedor_id_uindex` (`alm_proveedor_id`),
  UNIQUE KEY `alm_proveedor_alm_proveedor_ruc_uindex` (`alm_proveedor_ruc`),
  KEY `alm_proveedor_seg_persona_seg_persona_id_fk` (`alm_proveedor_representante_id`),
  CONSTRAINT `alm_proveedor_seg_persona_seg_persona_id_fk` FOREIGN KEY (`alm_proveedor_representante_id`) REFERENCES `seg_cliente` (`seg_cliente_id`)
) ENGINE=InnoDB DEFAULT CHARSET=latin1;
/*!40101 SET character_set_client = @saved_cs_client */;

--
-- Dumping data for table `alm_proveedor`
--

LOCK TABLES `alm_proveedor` WRITE;
/*!40000 ALTER TABLE `alm_proveedor` DISABLE KEYS */;
INSERT INTO `alm_proveedor` VALUES ('158163211735375934',10472596972,'TIPO MAMANI NOE WILBER',NULL,NULL,NULL,NULL,'ACTIVO','HABIDO','-',NULL,NULL,NULL,NULL,NULL,NULL,'6'),('159944540285076890',10466485948,'PACCO PALOMINO RODOLFO',NULL,NULL,NULL,NULL,'ACTIVO','HABIDO','-',NULL,NULL,NULL,NULL,NULL,NULL,NULL),('160053219782968019',20600186494,'JIREH CRUZ SOCIEDAD ANONIMA CERRADA',NULL,'-',NULL,NULL,'ACTIVO','HABIDO','AV. SANTO DOMINGO NRO. 133 (ESQUINA CON JIRON AREQUIPA)','MANUAL','SIN ACTIVIDAD','COMPUTARIZADO',NULL,NULL,NULL,NULL),('160053582629524679',47259697,'NOE WILBER TIPO MAMANI',NULL,NULL,NULL,NULL,NULL,NULL,'oruro',NULL,NULL,NULL,'997124032','noe.tipo@gmail.com',NULL,'1'),('160264272687131038',20600574524,'GREENBERRY CORPORATION S.A.C.',NULL,NULL,NULL,NULL,'ACTIVO','HABIDO','JR. CUZCO NRO. 626 INT. 3071',NULL,NULL,NULL,NULL,NULL,NULL,NULL),('160281476091312306',10434124510,'CCALLOMAMANI DIAZ HERMOGENES',NULL,NULL,NULL,NULL,'ACTIVO','HABIDO','-',NULL,NULL,NULL,NULL,NULL,NULL,NULL),('160459881719193625',20448844456,'PCS MULTICOMP S.R.L.',NULL,NULL,NULL,NULL,'ACTIVO','HABIDO','JR. MOQUEGUA NRO. 752 URB.  CERCADO  (A MEDIA CDRA MERC. TUPAC AMARU) ',NULL,NULL,NULL,NULL,NULL,NULL,NULL);
/*!40000 ALTER TABLE `alm_proveedor` ENABLE KEYS */;
UNLOCK TABLES;

--
-- Table structure for table `alm_unidad_medida`
--

DROP TABLE IF EXISTS `alm_unidad_medida`;
/*!40101 SET @saved_cs_client     = @@character_set_client */;
/*!50503 SET character_set_client = utf8mb4 */;
CREATE TABLE `alm_unidad_medida` (
  `alm_unidad_medida_id` varchar(100) NOT NULL,
  `alm_unidad_medida_nombre` varchar(100) NOT NULL,
  `alm_unidad_medida_estado` tinyint(1) DEFAULT NULL,
  `alm_unidad_medida_simbolo` varchar(10) DEFAULT NULL,
  `alm_unidad_medida_simbolo_impresion` varchar(10) DEFAULT NULL,
  PRIMARY KEY (`alm_unidad_medida_id`),
  UNIQUE KEY `alm_unidad_medida_alm_unidad_medida_id_uindex` (`alm_unidad_medida_id`)
) ENGINE=InnoDB DEFAULT CHARSET=latin1;
/*!40101 SET character_set_client = @saved_cs_client */;

--
-- Dumping data for table `alm_unidad_medida`
--

LOCK TABLES `alm_unidad_medida` WRITE;
/*!40000 ALTER TABLE `alm_unidad_medida` DISABLE KEYS */;
INSERT INTO `alm_unidad_medida` VALUES ('4A','BOBINAS',1,'4A','4A'),('BA15615876441301139','BALDE',0,'BALDE','BALDE'),('BE','FARDO',0,'BE','PAQUETE'),('BG','BOLSA',0,'BG','BG'),('BJ','BALDE',0,'BJ','BJ'),('BLL','BARRILES',0,'BLL','BLL'),('BO','BOTELLAS',0,'BO','BO'),('BX','CAJA',0,'BX','BX'),('C62','PIEZAS',0,'C62','C62'),('CA','LATAS',0,'CA','CA'),('CEN','CIENTO DE UNIDADES',0,'CEN','CEN'),('CJ','CONOS',0,'CJ','CJ'),('CMK','CENTIMETRO CUADRADO',0,'CMK','CMK'),('CMQ','CENTIMETRO CUBICO',0,'CMQ','CMQ'),('CMT','CENTIMETRO LINEAL',0,'CMT','CMT'),('CT','CARTONES',0,'CT','CT'),('CY','CILINDRO',0,'CY','CY'),('DR','TAMBOR',0,'DR','DR'),('DZN','DOCENA',0,'DZN','DZN'),('DZP','DOCENA POR 10**6',0,'DZP','DZP'),('FOT','PIES',0,'FOT','FOT'),('FTK','PIES CUADRADOS',0,'FTK','FTK'),('FTQ','PIES CUBICOS',0,'FTQ','FTQ'),('GLI','GALON',0,'GLN','GAL'),('GLL','US GALON (3,7843 L)',0,'GLL','GLL'),('GRM','GRAMO',0,'GRM','GRM'),('GRO','GRUESA',0,'GRO','GRO'),('HLT','HECTOLITRO',0,'HLT','HLT'),('INH','PULGADAS',0,'INH','INH'),('KGM','KILOGRAMOS',0,'KGM','KG'),('KI15627220997037150','KILOGRAMOS',0,'KGM','KG'),('KT','KIT',0,'KT','KT'),('KTM','KILOMETRO',0,'KTM','KTM'),('KWH','KILOVATIO HORA',0,'KWH','KWH'),('LBR','LIBRAS',0,'LBR','LBR'),('LEF','HOJA',0,'LEF','LEF'),('LTN','TONELADA LARGA',0,'LTN','LTN'),('LTR','LITRO',0,'LTR','LTR'),('MGM','MILIGRAMOS',0,'MGM','MGM'),('MKT','METRO CUADRADO',0,'MTK','M2'),('MLL','MILLARES',0,'MLL','MLL'),('MLT','MILILITRO',0,'MLT','MLT'),('MMK','MILIMETRO CUADRADO',0,'MMK','MMK'),('MMQ','MILIMETRO CUBICO',0,'MMQ','MMQ'),('MMT','MILIMETRO',0,'MMT','MMT'),('MTQ','METRO CUBICO',0,'MTQ','MTQ'),('MTR','METRO',0,'MTR','M'),('MWH','MEGAWATT HORA',0,'MWH','MWH'),('NIU','Unidades',1,'NIU','UND'),('NIUBIENES','UNIDAD',0,'UND','UND'),('ONZ','ONZAS',0,'ONZ','ONZ'),('PA15627866311250188','PAR',0,'PR','PAR'),('PF','PALETAS',0,'PF','PF'),('PG','PLACAS',0,'PG','PG'),('PK','PAQUETE',0,'PK','PK'),('PL15713474876850196','PLIEGO',0,'PLG','PLG'),('RM','RESMA',0,'RM','RM'),('ROL','ROLLO',0,'ROL','RLL'),('SET','JUEGO',0,'SET','SET'),('ST','PLIEGO',0,'PLG','PLG'),('STN','TONELADA CORTA',0,'STN','STN'),('TNE','TONELADAS',0,'TNE','TNE'),('TU','TUBOS',0,'TU','TU'),('UM','MILLON DE UNIDADES',0,'UM','UM'),('VA15627787229745158','VARILLA',0,'VR','VAR'),('YDK','YARDA CUADRADA',0,'YDK','YDK'),('YRD','YARDA',0,'YRD','YRD'),('ZZ','UNIDAD (SERVICIOS)',0,'ZZ','ZZ');
/*!40000 ALTER TABLE `alm_unidad_medida` ENABLE KEYS */;
UNLOCK TABLES;

--
-- Table structure for table `caja_movimiento`
--

DROP TABLE IF EXISTS `caja_movimiento`;
/*!40101 SET @saved_cs_client     = @@character_set_client */;
/*!50503 SET character_set_client = utf8mb4 */;
CREATE TABLE `caja_movimiento` (
  `caja_movimiento_id` varchar(100) NOT NULL,
  `caja_movimiento_monto` decimal(10,2) DEFAULT NULL,
  `caja_movimiento_user` int unsigned DEFAULT NULL,
  `caja_movimiento_almacen_id` varchar(100) DEFAULT NULL,
  `caja_movimiento_fecha` date DEFAULT NULL,
  `caja_movimiento_periodo_id` varchar(100) DEFAULT NULL,
  `caja_movimiento_tipo` varchar(50) DEFAULT NULL,
  `caja_movimiento_doc_identidad` varchar(20) DEFAULT NULL,
  `caja_movimiento_descripcion` varchar(300) DEFAULT NULL,
  `caja_movimiento_serie_ref` varchar(5) DEFAULT NULL,
  `caja_movimiento_numero_ref` varchar(8) DEFAULT NULL,
  PRIMARY KEY (`caja_movimiento_id`),
  UNIQUE KEY `caja_movimineto_caja_movimiento_id_uindex` (`caja_movimiento_id`),
  KEY `caja_movimiento_user_fk` (`caja_movimiento_user`),
  KEY `caja_movimiento_almacen_fk` (`caja_movimiento_almacen_id`),
  CONSTRAINT `caja_movimiento_almacen_fk` FOREIGN KEY (`caja_movimiento_almacen_id`) REFERENCES `alm_almacen` (`alm_almacen_id`),
  CONSTRAINT `caja_movimiento_user_fk` FOREIGN KEY (`caja_movimiento_user`) REFERENCES `users` (`id`)
) ENGINE=InnoDB DEFAULT CHARSET=latin1;
/*!40101 SET character_set_client = @saved_cs_client */;

--
-- Dumping data for table `caja_movimiento`
--

LOCK TABLES `caja_movimiento` WRITE;
/*!40000 ALTER TABLE `caja_movimiento` DISABLE KEYS */;
INSERT INTO `caja_movimiento` VALUES ('160254312254226006',50.00,1,'PR15469593836888181','2020-10-12',NULL,'INGRESO','47259697','fsdff','F001','123465'),('160324824525445587',889.83,1,'PR15469593836888181','2020-10-20','154687684564333875','SALIDA','47259697','Pago por comisión',NULL,NULL),('160324906030511906',20.00,1,'PR15469593836888181','2020-10-20',NULL,'SALIDA','47259697','compra de lapicero','B001','123156');
/*!40000 ALTER TABLE `caja_movimiento` ENABLE KEYS */;
UNLOCK TABLES;

--
-- Table structure for table `comp_compra`
--

DROP TABLE IF EXISTS `comp_compra`;
/*!40101 SET @saved_cs_client     = @@character_set_client */;
/*!50503 SET character_set_client = utf8mb4 */;
CREATE TABLE `comp_compra` (
  `comp_compra_id` varchar(100) NOT NULL,
  `comp_compra_total` decimal(10,2) DEFAULT NULL,
  `comp_compra_igv` decimal(10,2) DEFAULT NULL,
  `comp_compra_bi` decimal(10,2) DEFAULT NULL,
  `comp_compra_fecha` date NOT NULL,
  `comp_compra_tipo_venta` varchar(100) DEFAULT NULL,
  `comp_compra_serie` varchar(20) DEFAULT NULL,
  `comp_compra_estado` varchar(20) DEFAULT NULL,
  `comp_compra_numero_venta` varchar(10) DEFAULT NULL,
  `comp_compra_tipo_comprobante_id` varchar(100) DEFAULT NULL,
  `comp_compra_almacen_id` varchar(100) DEFAULT NULL,
  `comp_compra_periodo_id` varchar(100) DEFAULT NULL,
  `comp_compra_preveedor_id` varchar(100) DEFAULT NULL,
  `comp_compra_user_id` int unsigned DEFAULT NULL,
  `comp_compra_fecha_registro` datetime DEFAULT NULL,
  `comp_compra_retenciones` varchar(2) DEFAULT NULL,
  `comp_compra_estado_pago` tinyint(1) DEFAULT NULL,
  `comp_compra_tipo` varchar(2) DEFAULT NULL,
  `comp_compra_almacen_destino` varchar(30) DEFAULT NULL,
  `comp_compra_confirmado` tinyint(1) DEFAULT NULL,
  `comp_compra_desc` varchar(1000) DEFAULT NULL,
  `comp_compra_serie_ref` varchar(10) DEFAULT NULL,
  `comp_compra_numero_venta_ref` varchar(10) DEFAULT NULL,
  `comp_compra_imagen` varchar(50) DEFAULT NULL,
  `comp_compra_validacion_1` tinyint(1) DEFAULT NULL,
  `comp_compra_validacion_2` tinyint(1) DEFAULT NULL,
  `comp_compra_tipo_cambio` decimal(10,2) DEFAULT NULL,
  `comp_compra_flete` decimal(10,2) DEFAULT NULL,
  `comp_compra_precio_dolar` decimal(10,2) DEFAULT NULL,
  `comp_compra_porcentaje_utilidad` decimal(10,2) DEFAULT NULL,
  `comp_compra_receta_nombre` varchar(500) DEFAULT NULL,
  `comp_compra_receta_rendimiento` int DEFAULT NULL,
  PRIMARY KEY (`comp_compra_id`),
  UNIQUE KEY `comp_compra_comp_compra_id_uindex` (`comp_compra_id`),
  KEY `comp_compra_almacen_fk` (`comp_compra_almacen_id`),
  KEY `comp_compra_tipo_comprobante_fk` (`comp_compra_tipo_comprobante_id`),
  KEY `comp_compra_periodo_fk` (`comp_compra_periodo_id`),
  KEY `comp_compra_proveedor_fk` (`comp_compra_preveedor_id`),
  KEY `comp_compra_user_fk` (`comp_compra_user_id`),
  KEY `comp_compra_tipo_venta_fk` (`comp_compra_tipo_venta`),
  CONSTRAINT `comp_compra_almacen_fk` FOREIGN KEY (`comp_compra_almacen_id`) REFERENCES `alm_almacen` (`alm_almacen_id`),
  CONSTRAINT `comp_compra_periodo_fk` FOREIGN KEY (`comp_compra_periodo_id`) REFERENCES `cont_periodo` (`cont_periodo_id`),
  CONSTRAINT `comp_compra_proveedor_fk` FOREIGN KEY (`comp_compra_preveedor_id`) REFERENCES `alm_proveedor` (`alm_proveedor_id`),
  CONSTRAINT `comp_compra_tipo_comprobante_fk` FOREIGN KEY (`comp_compra_tipo_comprobante_id`) REFERENCES `doc_tipo_comprabante` (`doc_tipo_comprobante_id`),
  CONSTRAINT `comp_compra_tipo_venta_fk` FOREIGN KEY (`comp_compra_tipo_venta`) REFERENCES `pag_tipo_pago` (`pago_tipo_pago_id`),
  CONSTRAINT `comp_compra_user_fk` FOREIGN KEY (`comp_compra_user_id`) REFERENCES `users` (`id`)
) ENGINE=InnoDB DEFAULT CHARSET=latin1;
/*!40101 SET character_set_client = @saved_cs_client */;

--
-- Dumping data for table `comp_compra`
--

LOCK TABLES `comp_compra` WRITE;
/*!40000 ALTER TABLE `comp_compra` DISABLE KEYS */;
INSERT INTO `comp_compra` VALUES ('160363938375064662',118.00,18.00,100.00,'2020-10-25','01','F001','REGISTRADO','123456','FA15455239119328121','PR15469593836888181','154687684564333875','158163211735375934',1,'2020-10-25 10:23:03',NULL,0,'C',NULL,1,NULL,NULL,NULL,NULL,NULL,NULL,NULL,NULL,NULL,NULL,NULL,NULL),('160375722197893228',236.00,36.00,200.00,'2020-10-26','01','RC01','REGISTRADO','00000001','159942109535049993','PR15469593836888181','154687684564333875',NULL,1,'2020-10-26 19:07:01',NULL,0,'R',NULL,1,NULL,NULL,NULL,NULL,NULL,NULL,NULL,NULL,NULL,NULL,NULL,NULL),('160375730150393457',118.00,18.00,100.00,'2020-10-26','01','RC01','REGISTRADO','00000002','160375648186602400','PR15469593836888181','154687684564333875',NULL,1,'2020-10-26 19:08:21',NULL,0,'R',NULL,0,NULL,NULL,NULL,NULL,NULL,NULL,NULL,NULL,NULL,NULL,NULL,NULL),('160375796588819602',118.00,18.00,100.00,'2020-10-26','01','EC01','REGISTRADO','00000001','160375648186602400','PR15469593836888181','154687684564333875',NULL,1,'2020-10-26 19:19:25',NULL,0,'E',NULL,1,NULL,NULL,NULL,NULL,NULL,NULL,NULL,NULL,NULL,NULL,NULL,NULL),('160375808796244441',118.00,18.00,100.00,'2020-10-26','01','ET01','REGISTRADO','00000001','160375648186602400','PR15469593836888181','154687684564333875',NULL,1,'2020-10-26 19:21:27',NULL,0,'E',NULL,1,NULL,NULL,NULL,NULL,NULL,NULL,NULL,NULL,NULL,NULL,NULL,NULL),('160375842827701860',118.00,18.00,100.00,'2020-10-26','01','ET01','REGISTRADO','00000002','159942109535049993','PR15469593836888181','154687684564333875',NULL,1,'2020-10-26 19:27:08',NULL,0,'E',NULL,1,NULL,NULL,NULL,NULL,NULL,NULL,NULL,NULL,NULL,NULL,NULL,NULL),('160375846117739521',118.00,18.00,100.00,'2020-10-26','01','ET01','REGISTRADO','00000003','159942109535049993','PR15469593836888181','154687684564333875',NULL,1,'2020-10-26 19:27:41',NULL,0,'E',NULL,1,NULL,NULL,NULL,NULL,NULL,NULL,NULL,NULL,NULL,NULL,NULL,NULL),('160375848121067793',0.00,0.00,0.00,'2020-10-26','01','RC01','REGISTRADO','00000003','159942109535049993','PR15469593836888181','154687684564333875',NULL,1,'2020-10-26 19:28:01',NULL,1,'R',NULL,1,NULL,NULL,NULL,NULL,NULL,NULL,NULL,NULL,NULL,NULL,NULL,NULL),('160375851295909118',118.00,18.00,100.00,'2020-10-26','01','ET01','REGISTRADO','00000004','159942109535049993','159396651674028042','154687684564333875',NULL,1,'2020-10-26 19:28:32',NULL,0,'E',NULL,1,NULL,NULL,NULL,NULL,NULL,NULL,NULL,NULL,NULL,NULL,NULL,NULL),('160375861116529388',0.00,0.00,0.00,'2020-10-26','01','RC01','REGISTRADO','00000004','159942109535049993','159396651674028042','154687684564333875',NULL,1,'2020-10-26 19:30:11',NULL,1,'R',NULL,1,NULL,NULL,NULL,NULL,NULL,NULL,NULL,NULL,NULL,NULL,NULL,NULL),('160453624738277474',1000.00,152.54,847.46,'2020-11-04','01','ET01','REGISTRADO','00000005','160375648186602400','159396651674028042','154687684564333875',NULL,1,'2020-11-04 19:30:47',NULL,0,'E',NULL,1,NULL,NULL,NULL,NULL,NULL,NULL,NULL,NULL,NULL,NULL,NULL,NULL),('160453857126485144',0.00,0.00,0.00,'2020-11-04','01','RC01','REGISTRADO','00000005','159942109535049993','159396651674028042','154687684564333875',NULL,1,'2020-11-04 20:09:31',NULL,1,'R',NULL,1,NULL,NULL,NULL,NULL,NULL,NULL,NULL,NULL,NULL,NULL,NULL,NULL),('160453868614569964',1100.00,167.80,932.20,'2020-11-04','02','C001','REGISTRADO','1','159943072188869191','159396651674028042','154687684564333875',NULL,1,'2020-11-04 20:11:26',NULL,0,'CC',NULL,1,NULL,'RC01','00000005',NULL,NULL,NULL,NULL,NULL,NULL,NULL,NULL,NULL),('160454189950186660',600.00,91.52,508.48,'2020-11-04','01','ET01','REGISTRADO','00000006','160375648186602400','159396651674028042','154687684564333875',NULL,1,'2020-11-04 21:04:59',NULL,0,'E',NULL,1,NULL,NULL,NULL,NULL,NULL,NULL,NULL,NULL,NULL,NULL,NULL,NULL),('160454198469353579',264.00,40.27,223.73,'2020-11-04','01','f001','REGISTRADO','1233','FA15455239119328121','159396651674028042','154687684564333875','158163211735375934',1,'2020-11-04 21:06:24',NULL,0,'C',NULL,1,NULL,NULL,NULL,NULL,NULL,NULL,NULL,NULL,NULL,NULL,NULL,NULL),('160454232888925023',10.00,1.53,8.47,'2020-11-04','01','f002','REGISTRADO','212334','BO15455238811363142','159396651674028042','154687684564333875','158163211735375934',1,'2020-11-04 21:12:08',NULL,0,'C',NULL,1,NULL,NULL,NULL,NULL,NULL,NULL,NULL,NULL,NULL,NULL,NULL,NULL),('160454360984474718',80.00,12.20,67.80,'2020-11-04','01','F001','REGISTRADO','13213','FA15455239119328121','159396651674028042','154687684564333875','158163211735375934',1,'2020-11-04 21:33:29',NULL,1,'C',NULL,1,NULL,NULL,NULL,NULL,NULL,NULL,NULL,NULL,NULL,NULL,NULL,NULL),('160459888280794621',1180.00,180.00,1000.00,'2020-11-05','01','f001','REGISTRADO','123123123','FA15455239119328121','159396651674028042','154687684564333875','160459881719193625',1,'2020-11-05 12:54:42',NULL,1,'C',NULL,1,NULL,NULL,NULL,NULL,NULL,NULL,NULL,NULL,NULL,NULL,NULL,NULL),('160467489274418649',0.00,0.00,0.00,'2020-11-06','02','RC01','REGISTRADO','00000006','159942109535049993','PR15469593836888181','154687684564333875',NULL,1,'2020-11-06 10:03:40',NULL,1,'R',NULL,0,NULL,NULL,NULL,NULL,NULL,NULL,NULL,NULL,NULL,NULL,NULL,NULL),('160467983348649162',0.00,0.00,0.00,'2020-11-06','02','S001','REGISTRADO','00000001','S1521212121217778789','159396651674028042','154687684564333875',NULL,1,'2020-11-06 11:23:53',NULL,1,'S',NULL,1,NULL,NULL,NULL,NULL,NULL,NULL,NULL,NULL,NULL,NULL,NULL,NULL),('160625940971298095',100.00,15.25,84.75,'2020-11-24','01','F001','REGISTRADO','1233','FA15455239119328121','159396651674028042','154687684564333875','158163211735375934',1,'2020-11-24 18:10:09',NULL,1,'C',NULL,1,NULL,NULL,NULL,NULL,NULL,NULL,NULL,NULL,NULL,NULL,NULL,NULL),('161050500741622442',0.00,0.00,0.00,'2021-01-12','01','RE01','REGISTRADO','00000001','160467650689423253','159396651674028042','154687684564333875',NULL,1,'2021-01-12 21:30:07',NULL,1,'RE',NULL,1,NULL,NULL,NULL,NULL,NULL,NULL,NULL,NULL,NULL,NULL,'arroz chaufa',10),('161050502295963508',0.00,0.00,0.00,'2021-01-12','02','S001','REGISTRADO','00000002','S1521212121217778789','159396651674028042','154687684564333875',NULL,1,'2021-01-12 21:30:22',NULL,1,'S',NULL,1,NULL,NULL,NULL,NULL,NULL,NULL,NULL,NULL,NULL,NULL,NULL,NULL),('161056171775582756',5.00,0.76,4.24,'2021-01-13','01','F001','REGISTRADO','1','BO15455238811363142','159396651674028042','154687684564333875','159944540285076890',1,'2021-01-13 13:15:17',NULL,1,'C',NULL,1,NULL,NULL,NULL,NULL,NULL,NULL,NULL,NULL,NULL,NULL,NULL,NULL),('161056406959293284',1000.00,152.54,847.46,'2021-01-13','01','ET01','REGISTRADO','00000007','160375648186602400','159396651674028042','154687684564333875',NULL,1,'2021-01-13 13:54:29',NULL,0,'E',NULL,1,'expediente tecnico',NULL,NULL,NULL,NULL,NULL,NULL,NULL,NULL,NULL,NULL,NULL),('161056413095848547',100.00,15.25,84.75,'2021-01-13','01','F001','REGISTRADO','222','BO15455238811363142','159396651674028042','154687684564333875','159944540285076890',1,'2021-01-13 13:55:30',NULL,1,'C',NULL,1,NULL,NULL,NULL,NULL,NULL,NULL,NULL,NULL,NULL,NULL,NULL,NULL),('161056431536739078',0.00,0.00,0.00,'2021-01-13','01','RC01','REGISTRADO','00000007','159942109535049993','159396651674028042','154687684564333875',NULL,1,'2021-01-13 13:58:35',NULL,1,'R',NULL,1,NULL,NULL,NULL,NULL,NULL,NULL,NULL,NULL,NULL,NULL,NULL,NULL),('161056438538602275',900.00,137.29,762.71,'2021-01-13','02','C001','REGISTRADO','222','159943072188869191','159396651674028042','154687684564333875',NULL,1,'2021-01-13 13:59:45',NULL,0,'CC',NULL,1,NULL,'RC01','00000007','72420210113140332.png',NULL,NULL,NULL,NULL,NULL,NULL,NULL,NULL);
/*!40000 ALTER TABLE `comp_compra` ENABLE KEYS */;
UNLOCK TABLES;

--
-- Table structure for table `comp_compra_detalle`
--

DROP TABLE IF EXISTS `comp_compra_detalle`;
/*!40101 SET @saved_cs_client     = @@character_set_client */;
/*!50503 SET character_set_client = utf8mb4 */;
CREATE TABLE `comp_compra_detalle` (
  `comp_compra_detalle_id` varchar(100) NOT NULL,
  `comp_compra_detalle_precio` decimal(10,2) DEFAULT NULL,
  `comp_compra_detalle_precio_unitario` decimal(10,2) DEFAULT NULL,
  `comp_compra_detalle_cantidad` decimal(10,2) DEFAULT NULL,
  `comp_compra_detalle_igv` decimal(10,2) DEFAULT NULL,
  `comp_compra_detalle_bi` decimal(10,2) DEFAULT NULL,
  `comp_compra_compra_id` varchar(100) DEFAULT NULL,
  `comp_compra_detalle_producto_id` varchar(100) DEFAULT NULL,
  `comp_compra_detalle_tipo_operacion` varchar(100) DEFAULT NULL,
  `comp_compra_detalle_cuenta_compra` varchar(6) DEFAULT NULL,
  `comp_compra_detalle_producto` varchar(300) DEFAULT NULL,
  `comp_compra_detalle_serie` varchar(300) DEFAULT NULL,
  `comp_compra_detalle_vendido` tinyint(1) DEFAULT NULL,
  `comp_compra_detalle_serie_estado` tinyint(1) DEFAULT NULL,
  `comp_compra_detalle_item` int DEFAULT NULL,
  `comp_compra_detalle_fecha_registro` datetime DEFAULT NULL,
  `comp_compra_detalle_precio_dolar` decimal(10,2) DEFAULT NULL,
  `comp_compra_detalle_flete` decimal(10,2) DEFAULT NULL,
  `comp_compra_detalle_tipo_cambio` decimal(10,2) DEFAULT NULL,
  `comp_compra_detalle_costo_real_unitario` decimal(10,2) DEFAULT NULL,
  PRIMARY KEY (`comp_compra_detalle_id`),
  UNIQUE KEY `comp_compra_detalle_comp_compra_detalle_id_uindex` (`comp_compra_detalle_id`),
  KEY `comp_compra_detalle_producto_fk` (`comp_compra_detalle_producto_id`),
  KEY `comp_compra_detalle_compra_fk` (`comp_compra_compra_id`),
  CONSTRAINT `comp_compra_detalle_compra_fk` FOREIGN KEY (`comp_compra_compra_id`) REFERENCES `comp_compra` (`comp_compra_id`),
  CONSTRAINT `comp_compra_detalle_producto_fk` FOREIGN KEY (`comp_compra_detalle_producto_id`) REFERENCES `alm_producto` (`alm_producto_id`)
) ENGINE=InnoDB DEFAULT CHARSET=latin1;
/*!40101 SET character_set_client = @saved_cs_client */;

--
-- Dumping data for table `comp_compra_detalle`
--

LOCK TABLES `comp_compra_detalle` WRITE;
/*!40000 ALTER TABLE `comp_compra_detalle` DISABLE KEYS */;
INSERT INTO `comp_compra_detalle` VALUES ('160363938327979974',118.00,118.00,1.00,18.00,100.00,'160363938375064662','160324611929644138','10',NULL,'BOTA NEW WHISKY GOOD SUEDE',NULL,0,0,1,'2020-10-25 10:23:03',NULL,NULL,NULL,NULL),('160375722258676076',118.00,118.00,1.00,18.00,100.00,'160375722197893228','160324612035807636','10',NULL,'ZAPATO JAMBO STONE CROCO',NULL,1,0,2,'2020-10-26 19:07:02',NULL,NULL,NULL,NULL),('160375722272319160',118.00,118.00,1.00,18.00,100.00,'160375722197893228','1603246120100006314','10',NULL,'ZAPATO NEW WHISKY GOOD SUEDE',NULL,1,0,1,'2020-10-26 19:07:02',NULL,NULL,NULL,NULL),('160375730261742100',118.00,118.00,1.00,18.00,100.00,'160375730150393457','1603246120100006314','10',NULL,'ZAPATO NEW WHISKY GOOD SUEDE',NULL,1,0,1,'2020-10-26 19:08:22',NULL,NULL,NULL,NULL),('160375796573786173',118.00,118.00,1.00,18.00,100.00,'160375796588819602','1603246120100006314','10',NULL,'ZAPATO NEW WHISKY GOOD SUEDE',NULL,1,0,1,'2020-10-26 19:19:25',NULL,NULL,NULL,NULL),('160375808794359514',118.00,118.00,1.00,18.00,100.00,'160375808796244441','160324612017042421','10',NULL,'ZAPATO KAKY GOOD SUEDE',NULL,1,0,1,'2020-10-26 19:21:27',NULL,NULL,NULL,NULL),('160375842858566956',118.00,118.00,1.00,18.00,100.00,'160375842827701860','160324612017152100','10',NULL,'ZAPATO JAMBO CROCO',NULL,1,0,1,'2020-10-26 19:27:08',NULL,NULL,NULL,NULL),('160375846126278246',118.00,118.00,1.00,18.00,100.00,'160375846117739521','160324612017152100','10',NULL,'ZAPATO JAMBO CROCO',NULL,1,0,1,'2020-10-26 19:27:41',NULL,NULL,NULL,NULL),('160375848126548323',0.00,0.00,100.00,0.00,0.00,'160375848121067793','160324612017152100','10',NULL,'ZAPATO JAMBO CROCO',NULL,1,0,1,'2020-10-26 19:28:01',NULL,NULL,NULL,NULL),('160375851288976693',118.00,118.00,1.00,18.00,100.00,'160375851295909118','160324612014257120','10',NULL,'ZAPATO BLACK STONE CROCO',NULL,0,0,1,'2020-10-26 19:28:32',NULL,NULL,NULL,NULL),('160375861111243667',0.00,0.00,100.00,0.00,0.00,'160375861116529388','160324612014257120','10',NULL,'ZAPATO BLACK STONE CROCO',NULL,0,0,1,'2020-10-26 19:30:11',NULL,NULL,NULL,NULL),('160453624754588714',400.00,4.00,100.00,61.02,338.98,'160453624738277474','160324612515034509','10',NULL,'SANDALIA PRETO CROCO',NULL,0,0,4,'2020-11-04 19:30:47',NULL,NULL,NULL,NULL),('160453624757402550',300.00,3.00,100.00,45.76,254.24,'160453624738277474','160324612035968062','10',NULL,'ZAPATO JAMBO STONE CROCO',NULL,0,0,3,'2020-11-04 19:30:47',NULL,NULL,NULL,NULL),('160453624781343843',200.00,2.00,100.00,30.51,169.49,'160453624738277474','160324612014257120','10',NULL,'ZAPATO BLACK STONE CROCO',NULL,0,0,2,'2020-11-04 19:30:47',NULL,NULL,NULL,NULL),('160453624792121317',100.00,1.00,100.00,15.25,84.75,'160453624738277474','1603246120100006314','10',NULL,'ZAPATO NEW WHISKY GOOD SUEDE',NULL,1,0,1,'2020-11-04 19:30:47',NULL,NULL,NULL,NULL),('160453857116217230',0.00,0.00,100.00,0.00,0.00,'160453857126485144','160324612014257120','10',NULL,'ZAPATO BLACK STONE CROCO',NULL,0,0,2,'2020-11-04 20:09:31',NULL,NULL,NULL,NULL),('160453857133663119',0.00,0.00,100.00,0.00,0.00,'160453857126485144','1603246120100006314','10',NULL,'ZAPATO NEW WHISKY GOOD SUEDE',NULL,1,0,1,'2020-11-04 20:09:31',NULL,NULL,NULL,NULL),('160453857139552947',0.00,0.00,100.00,0.00,0.00,'160453857126485144','160324612515034509','10',NULL,'SANDALIA PRETO CROCO',NULL,0,0,4,'2020-11-04 20:09:31',NULL,NULL,NULL,NULL),('160453857162391508',0.00,0.00,100.00,0.00,0.00,'160453857126485144','160324612035807636','10',NULL,'ZAPATO JAMBO STONE CROCO',NULL,1,0,3,'2020-11-04 20:09:31',NULL,NULL,NULL,NULL),('160453868631477658',110.00,1.10,100.00,16.78,93.22,'160453868614569964','1603246120100006314','10',NULL,'ZAPATO NEW WHISKY GOOD SUEDE',NULL,1,0,1,'2020-11-04 20:11:26',NULL,NULL,NULL,NULL),('160453868645635948',440.00,4.40,100.00,67.12,372.88,'160453868614569964','160324612515034509','10',NULL,'SANDALIA PRETO CROCO',NULL,0,0,4,'2020-11-04 20:11:26',NULL,NULL,NULL,NULL),('160453868678066881',220.00,2.20,100.00,33.56,186.44,'160453868614569964','160324612014257120','10',NULL,'ZAPATO BLACK STONE CROCO',NULL,0,0,2,'2020-11-04 20:11:26',NULL,NULL,NULL,NULL),('160453868697303089',330.00,3.30,100.00,50.34,279.66,'160453868614569964','160324612035968062','10',NULL,'ZAPATO JAMBO STONE CROCO',NULL,0,0,3,'2020-11-04 20:11:26',NULL,NULL,NULL,NULL),('160454189941372789',100.00,1.00,100.00,15.25,84.75,'160454189950186660','160454180916568022','10',NULL,'EPP EEP1',NULL,1,0,1,'2020-11-04 21:04:59',NULL,NULL,NULL,NULL),('160454189958553029',300.00,3.00,100.00,45.76,254.24,'160454189950186660','160454184283819932','10',NULL,'EPP EPP3',NULL,0,0,3,'2020-11-04 21:04:59',NULL,NULL,NULL,NULL),('160454189974905295',200.00,2.00,100.00,30.51,169.49,'160454189950186660','160454182589991578','10',NULL,'EPP EPP2',NULL,0,0,2,'2020-11-04 21:04:59',NULL,NULL,NULL,NULL),('160454198415255809',220.00,2.20,100.00,33.56,186.44,'160454198469353579','160454182589991578','10',NULL,'EPP EPP2',NULL,0,0,2,'2020-11-04 21:06:24',NULL,NULL,NULL,NULL),('160454198473037489',33.00,3.30,10.00,5.03,27.97,'160454198469353579','160454184283819932','10',NULL,'EPP EPP3',NULL,0,0,3,'2020-11-04 21:06:24',NULL,NULL,NULL,NULL),('160454198485276106',11.00,1.10,10.00,1.68,9.32,'160454198469353579','160454180916568022','10',NULL,'EPP EEP1',NULL,1,0,1,'2020-11-04 21:06:24',NULL,NULL,NULL,NULL),('160454232892548425',10.00,1.00,10.00,1.53,8.47,'160454232888925023','160454180916568022','10',NULL,'EPP EEP1',NULL,1,0,1,'2020-11-04 21:12:08',NULL,NULL,NULL,NULL),('160454360929347662',80.00,1.00,80.00,12.20,67.80,'160454360984474718','160454180916568022','10',NULL,'EPP EEP1',NULL,1,0,1,'2020-11-04 21:33:29',NULL,NULL,NULL,NULL),('160459888236542954',0.00,0.00,0.00,0.00,0.00,'160459888280794621','160459872471757949','10',NULL,'EPP PRODUCTO CON SERIE DEMO','123454',1,1,5,'2020-11-05 12:54:42',NULL,NULL,NULL,NULL),('160459888236797514',0.00,0.00,0.00,0.00,0.00,'160459888280794621','160459872471757949','10',NULL,'EPP PRODUCTO CON SERIE DEMO','123452',1,1,3,'2020-11-05 12:54:42',NULL,NULL,NULL,NULL),('160459888237156598',1180.00,118.00,10.00,180.00,1000.00,'160459888280794621','160459872471757949','10',NULL,'EPP PRODUCTO CON SERIE DEMO','123456',0,1,1,'2020-11-05 12:54:42',NULL,NULL,NULL,NULL),('160459888246433352',0.00,0.00,0.00,0.00,0.00,'160459888280794621','160459872471757949','10',NULL,'EPP PRODUCTO CON SERIE DEMO','123453',1,1,4,'2020-11-05 12:54:42',NULL,NULL,NULL,NULL),('160459888255381473',0.00,0.00,0.00,0.00,0.00,'160459888280794621','160459872471757949','10',NULL,'EPP PRODUCTO CON SERIE DEMO','123451',0,1,2,'2020-11-05 12:54:42',NULL,NULL,NULL,NULL),('160459888323668186',0.00,0.00,0.00,0.00,0.00,'160459888280794621','160459872471757949','10',NULL,'EPP PRODUCTO CON SERIE DEMO','123457',0,1,8,'2020-11-05 12:54:43',NULL,NULL,NULL,NULL),('160459888333708484',0.00,0.00,0.00,0.00,0.00,'160459888280794621','160459872471757949','10',NULL,'EPP PRODUCTO CON SERIE DEMO','123410',0,1,7,'2020-11-05 12:54:43',NULL,NULL,NULL,NULL),('160459888336274603',0.00,0.00,0.00,0.00,0.00,'160459888280794621','160459872471757949','10',NULL,'EPP PRODUCTO CON SERIE DEMO','123455',0,1,6,'2020-11-05 12:54:43',NULL,NULL,NULL,NULL),('160459888362875549',0.00,0.00,0.00,0.00,0.00,'160459888280794621','160459872471757949','10',NULL,'EPP PRODUCTO CON SERIE DEMO','123459',0,1,10,'2020-11-05 12:54:43',NULL,NULL,NULL,NULL),('160459888377772613',0.00,0.00,0.00,0.00,0.00,'160459888280794621','160459872471757949','10',NULL,'EPP PRODUCTO CON SERIE DEMO','123458',0,1,9,'2020-11-05 12:54:43',NULL,NULL,NULL,NULL),('160467502034273242',0.00,0.00,10.00,0.00,0.00,'160467489274418649','1603246120100006314','10',NULL,'ZAPATO NEW WHISKY GOOD SUEDE',NULL,1,0,1,'2020-11-06 10:03:40',NULL,NULL,NULL,NULL),('160467983328883030',0.00,0.00,100.00,0.00,0.00,'160467983348649162','160324612035807636','10',NULL,'ZAPATO JAMBO STONE CROCO',NULL,0,0,2,'2020-11-06 10:32:13',NULL,NULL,NULL,NULL),('160467983376275807',0.00,0.00,100.00,0.00,0.00,'160467983348649162','160324612017152100','10',NULL,'ZAPATO JAMBO CROCO',NULL,0,0,1,'2020-11-06 10:32:13',NULL,NULL,NULL,NULL),('160625940975062301',100.00,100.00,1.00,15.25,84.75,'160625940971298095','160459872471757949','10',NULL,'EPP PRODUCTO CON SERIE DEMO',NULL,0,1,1,'2020-11-24 18:10:09',NULL,NULL,NULL,NULL),('161050500743458730',0.00,0.00,2.00,0.00,0.00,'161050500741622442','1603246120100006314','10',NULL,'ZAPATO NEW WHISKY GOOD SUEDE',NULL,1,0,2,'2021-01-12 21:30:07',NULL,NULL,NULL,NULL),('161050500781111184',0.00,0.00,10.00,0.00,0.00,'161050500741622442','160324611812939043','10',NULL,'BOTA NATURAL NAPA',NULL,1,0,1,'2021-01-12 21:30:07',NULL,NULL,NULL,NULL),('161050502319475707',0.00,0.00,2.00,0.00,0.00,'161050502295963508','1603246120100006314','10',NULL,'ZAPATO NEW WHISKY GOOD SUEDE',NULL,1,0,2,'2021-01-12 21:30:07',NULL,NULL,NULL,NULL),('161050502387677679',0.00,0.00,10.00,0.00,0.00,'161050502295963508','160324611812939043','10',NULL,'BOTA NATURAL NAPA',NULL,1,0,1,'2021-01-12 21:30:07',NULL,NULL,NULL,NULL),('161056171716519076',5.00,1.00,5.00,0.76,4.24,'161056171775582756','160324611812939043','10',NULL,'BOTA NATURAL NAPA','11111',0,1,1,'2021-01-13 13:15:17',NULL,NULL,NULL,NULL),('161056171717156113',0.00,0.00,0.00,0.00,0.00,'161056171775582756','160324611812939043','10',NULL,'BOTA NATURAL NAPA','11114',0,1,4,'2021-01-13 13:15:17',NULL,NULL,NULL,NULL),('161056171722683244',0.00,0.00,0.00,0.00,0.00,'161056171775582756','160324611812939043','10',NULL,'BOTA NATURAL NAPA','11113',0,1,3,'2021-01-13 13:15:17',NULL,NULL,NULL,NULL),('161056171792209989',0.00,0.00,0.00,0.00,0.00,'161056171775582756','160324611812939043','10',NULL,'BOTA NATURAL NAPA','11112',0,1,2,'2021-01-13 13:15:17',NULL,NULL,NULL,NULL),('161056171850981351',0.00,0.00,0.00,0.00,0.00,'161056171775582756','160324611812939043','10',NULL,'BOTA NATURAL NAPA','11115',0,1,5,'2021-01-13 13:15:18',NULL,NULL,NULL,NULL),('161056407043514442',1000.00,10.00,100.00,152.54,847.46,'161056406959293284','160459872471757949','10',NULL,'EPP CASCO DEMO',NULL,0,0,1,'2021-01-13 13:54:30',NULL,NULL,NULL,NULL),('161056413094649825',100.00,10.00,10.00,15.25,84.75,'161056413095848547','160459872471757949','10',NULL,'EPP CASCO DEMO',NULL,0,0,1,'2021-01-13 13:55:30',NULL,NULL,NULL,NULL),('161056431667282014',0.00,0.00,100.00,0.00,0.00,'161056431536739078','160459872471757949','10',NULL,'EPP CASCO DEMO',NULL,0,0,1,'2021-01-13 13:58:36',NULL,NULL,NULL,NULL),('161056438551963048',900.00,9.00,100.00,137.29,762.71,'161056438538602275','160459872471757949','10',NULL,'EPP CASCO DEMO',NULL,0,0,1,'2021-01-13 13:59:45',NULL,NULL,NULL,NULL);
/*!40000 ALTER TABLE `comp_compra_detalle` ENABLE KEYS */;
UNLOCK TABLES;

--
-- Table structure for table `comp_pago_proveedores`
--

DROP TABLE IF EXISTS `comp_pago_proveedores`;
/*!40101 SET @saved_cs_client     = @@character_set_client */;
/*!50503 SET character_set_client = utf8mb4 */;
CREATE TABLE `comp_pago_proveedores` (
  `comp_pago_proveedores_id` varchar(100) NOT NULL,
  `comp_pago_proveedores_importe` decimal(10,2) DEFAULT NULL,
  `comp_pago_proveedores_fecha` date DEFAULT NULL,
  `comp_pago_proveedores_numero_pago` varchar(100) DEFAULT NULL,
  `comp_pago_proveedores_tipo_pago` varchar(100) DEFAULT NULL,
  `comp_pago_proveedores_id_compra` varchar(100) DEFAULT NULL,
  `comp_pago_proveedores_id_user` int unsigned DEFAULT NULL,
  `comp_pago_proveedores_vuelto` decimal(10,2) DEFAULT NULL,
  `comp_pago_proveedores_pago` decimal(10,2) DEFAULT NULL,
  `comp_pago_proveedores_periodo_id` varchar(100) DEFAULT NULL,
  `comp_pago_proveedores_serie` varchar(4) DEFAULT NULL,
  PRIMARY KEY (`comp_pago_proveedores_id`),
  UNIQUE KEY `comp_pago_proveedores_comp_pago_proveedores_id_uindex` (`comp_pago_proveedores_id`),
  KEY `comp_pago_proveedores_user_fk` (`comp_pago_proveedores_id_user`),
  KEY `comp_pago_proveedores_compra_fk` (`comp_pago_proveedores_id_compra`),
  KEY `comp_pago_proveedores_tipo_pago_fk` (`comp_pago_proveedores_tipo_pago`),
  CONSTRAINT `comp_pago_proveedores_compra_fk` FOREIGN KEY (`comp_pago_proveedores_id_compra`) REFERENCES `comp_compra` (`comp_compra_id`),
  CONSTRAINT `comp_pago_proveedores_tipo_pago_fk` FOREIGN KEY (`comp_pago_proveedores_tipo_pago`) REFERENCES `pag_tipo_pago` (`pago_tipo_pago_id`),
  CONSTRAINT `comp_pago_proveedores_user_fk` FOREIGN KEY (`comp_pago_proveedores_id_user`) REFERENCES `users` (`id`)
) ENGINE=InnoDB DEFAULT CHARSET=latin1;
/*!40101 SET character_set_client = @saved_cs_client */;

--
-- Dumping data for table `comp_pago_proveedores`
--

LOCK TABLES `comp_pago_proveedores` WRITE;
/*!40000 ALTER TABLE `comp_pago_proveedores` DISABLE KEYS */;
INSERT INTO `comp_pago_proveedores` VALUES ('160459888375565948',1180.00,'2020-11-05','00000001','01','160459888280794621',1,NULL,1180.00,'154687684564333875','PP01'),('161056171834994373',5.00,'2021-01-13','00000002','01','161056171775582756',1,NULL,5.00,'154687684564333875','PP01'),('161056273287487539',100.00,'2021-01-13','00000003','02','160625940971298095',1,0.00,100.00,'154687684564333875','PP01'),('161056274310745274',40.00,'2021-01-13','00000004','02','160454360984474718',1,0.00,40.00,'154687684564333875','PP01'),('161056275279909842',40.00,'2021-01-13','00000005','02','160454360984474718',1,0.00,40.00,'154687684564333875','PP01'),('161056413068234966',100.00,'2021-01-13','00000006','01','161056413095848547',1,NULL,100.00,'154687684564333875','PP01');
/*!40000 ALTER TABLE `comp_pago_proveedores` ENABLE KEYS */;
UNLOCK TABLES;

--
-- Table structure for table `cont_asiento_contable`
--

DROP TABLE IF EXISTS `cont_asiento_contable`;
/*!40101 SET @saved_cs_client     = @@character_set_client */;
/*!50503 SET character_set_client = utf8mb4 */;
CREATE TABLE `cont_asiento_contable` (
  `cont_asiento_id` varchar(100) NOT NULL,
  `cont_asiento_nombre` varchar(150) NOT NULL,
  `cont_asiento_cuenta` int NOT NULL,
  `cont_asiento_nivel` varchar(100) NOT NULL,
  `cont_asiento_estado` int NOT NULL,
  `Parent_cont_asiento_id` varchar(100) DEFAULT NULL,
  `cont_asiento_clase` varchar(20) DEFAULT NULL,
  PRIMARY KEY (`cont_asiento_id`),
  KEY `cont_asiento_contable_cont_asiento_contable_cont_asiento_id_fk` (`Parent_cont_asiento_id`),
  CONSTRAINT `cont_asiento_contable_cont_asiento_contable_cont_asiento_id_fk` FOREIGN KEY (`Parent_cont_asiento_id`) REFERENCES `cont_asiento_contable` (`cont_asiento_id`)
) ENGINE=InnoDB DEFAULT CHARSET=latin1;
/*!40101 SET character_set_client = @saved_cs_client */;

--
-- Dumping data for table `cont_asiento_contable`
--

LOCK TABLES `cont_asiento_contable` WRITE;
/*!40000 ALTER TABLE `cont_asiento_contable` DISABLE KEYS */;
INSERT INTO `cont_asiento_contable` VALUES ('154723515261656','elemento 5',5,'1',1,NULL,'PT'),('154723515261656555','Elemento 4',4,'1',1,NULL,'P'),('1547235155493261656','Elemento 6',6,'1',1,NULL,'GA'),('154723515593261656','Elemento 7',7,'1',1,NULL,'IN'),('1547235184100003810','Ventas',70,'2',1,'154723515593261656','IN'),('154723521980637836','Mercaderias',701,'3',1,'1547235184100003810','IN'),('154723528514126433','Productos terminados',702,'3',1,'1547235184100003810','IN'),('154723535293805774','Prestación de servicios',704,'3',1,'1547235184100003810','IN'),('154723539255388472','Gravado',7011,'4',1,'154723521980637836','IN'),('154723539255388f472','Gravado',7021,'4',1,'154723528514126433','IN'),('154723543632399349','Inafecto',7012,'4',1,'154723521980637836','IN'),('15472354363f2399349','Inafecto',7022,'4',1,'154723528514126433','IN'),('154723574057815839','Exonerado',7013,'4',1,'154723521980637836','IN'),('15472357405df7815839','Exonerado',7023,'4',1,'154723528514126433','IN'),('154723678396393754','Elemento 1',1,'1',1,NULL,'A'),('1547236783963t93754','Elemento 3',3,'1',1,NULL,'A'),('154723678396c393754','Elemento 2',2,'1',1,NULL,'A'),('154723694673946977','Gravado',7041,'4',1,'154723535293805774','IN'),('154723698536165729','Inafecto',7042,'4',1,'154723535293805774','IN'),('154723707614628341','Exonerado',7043,'4',1,'154723535293805774','IN'),('154723713823443519','Compras',60,'2',1,'1547235155493261656','GA'),('15472372211358762641','Materiales auxiliares, suministros y repuestos',603,'3',1,'154723713823443519','GA'),('1547237223583332762641','Envases y embalajes',604,'3',1,'154723713823443519','GA'),('154723722358762641','Mercaderías',601,'3',1,'154723713823443519','GA'),('1547237223587632132641','Costos vinculados con las compras',609,'3',1,'154723713823443519','GA'),('1547237659867589037710','Exonerado',6013,'4',1,'154723722358762641','GA'),('15472376598889037710','Inafecto',6012,'4',1,'154723722358762641','GA'),('154723765989037710','Gravado',6011,'4',1,'154723722358762641','GA'),('154723814220191412','Gravado',6021,'4',1,'22222233454555433456567','GA'),('1547238142201914dd12','Exonerado',6023,'4',1,'22222233454555433456567','GA'),('15472381422019ff1412','Inafecto',6022,'4',1,'22222233454555433456567','GA'),('154723839818162178','Gravado',6031,'4',1,'15472372211358762641','GA'),('154723854359436261','Inafecto',6032,'4',1,'15472372211358762641','GA'),('154723916887028043','Exonerado',6033,'4',1,'15472372211358762641','GA'),('154723919318308376','Gravado',6041,'4',1,'1547237223583332762641','GA'),('15472391931830tg8376','Exonerado',6043,'4',1,'1547237223583332762641','GA'),('154723919318333208376','Inafecto',6042,'4',1,'1547237223583332762641','GA'),('154723921876208100','Gravado',6091,'4',1,'1547237223587632132641','GA'),('15472392187620810044','Exonerado',6093,'4',1,'1547237223587632132641','GA'),('154723921876208155500','Inafecto',6092,'4',1,'1547237223587632132641','GA'),('154723982319141661240','Cuentas por cobrar diversas -\r\nRelacionadas ',17,'2',1,'154723678396393754','A'),('15472398339141661240','Cuentas por cobrar\r\ncomerciales - Terceros',12,'2',1,'154723678396393754','A'),('154723989141661240','Efectivo y equivalentes de efectivo',10,'2',1,'154723678396393754','A'),('1547239891421661240','Inversiones financieras',11,'2',1,'154723678396393754','A'),('15472398966141661240','Cuentas por cobrar diversas -\r\nTerceros',16,'2',1,'154723678396393754','A'),('154723994253419772','Mercaderías',20,'2',1,'154723678396c393754','A'),('154723996688674723','Inversiones mobiliarias',30,'2',1,'1547236783963t93754','A'),('154723999349593227','Tributos, contraprestaciones y aportes al sistema de pensiones y de salud por pagar',40,'2',1,'154723515261656555','P'),('154724002691405043','Capital',50,'2',1,'154723515261656','PT'),('154724038792935949','Servicios y otros contratados por anticipado',18,'2',1,'154723678396393754','A'),('154724044391362843','Estimación de cuentas de cobranza dudosa',19,'2',1,'154723678396393754','A'),('22222233454555433456567','Materias Primas',602,'3',1,'154723713823443519','GA'),('55555657','Cuentas por cobrar al\r\npersonal, a los accionistas\r\n(socios), directores y\r\ngerentes ',14,'2',1,'154723678396393754','A'),('5675675647457564','Cuentas por cobrar\r\ncomerciales - Relacionadas',13,'2',1,'154723678396393754','A');
/*!40000 ALTER TABLE `cont_asiento_contable` ENABLE KEYS */;
UNLOCK TABLES;

--
-- Table structure for table `cont_periodo`
--

DROP TABLE IF EXISTS `cont_periodo`;
/*!40101 SET @saved_cs_client     = @@character_set_client */;
/*!50503 SET character_set_client = utf8mb4 */;
CREATE TABLE `cont_periodo` (
  `cont_periodo_id` varchar(100) NOT NULL,
  `cont_periodo_periodo` varchar(20) NOT NULL,
  `cont_periodo_igv` decimal(10,2) DEFAULT NULL,
  `cont_periodo_estado` tinyint(1) DEFAULT NULL,
  `cont_periodo_anio` int DEFAULT NULL,
  PRIMARY KEY (`cont_periodo_id`),
  UNIQUE KEY `cont_periodo_cont_periodo_id_uindex` (`cont_periodo_id`),
  UNIQUE KEY `cont_periodo_cont_periodo_periodo_uindex` (`cont_periodo_periodo`)
) ENGINE=InnoDB DEFAULT CHARSET=latin1;
/*!40101 SET character_set_client = @saved_cs_client */;

--
-- Dumping data for table `cont_periodo`
--

LOCK TABLES `cont_periodo` WRITE;
/*!40000 ALTER TABLE `cont_periodo` DISABLE KEYS */;
INSERT INTO `cont_periodo` VALUES ('154687684564333875','2020',18.00,1,2020);
/*!40000 ALTER TABLE `cont_periodo` ENABLE KEYS */;
UNLOCK TABLES;

--
-- Table structure for table `doc_tipo_comprabante`
--

DROP TABLE IF EXISTS `doc_tipo_comprabante`;
/*!40101 SET @saved_cs_client     = @@character_set_client */;
/*!50503 SET character_set_client = utf8mb4 */;
CREATE TABLE `doc_tipo_comprabante` (
  `doc_tipo_comprobante_id` varchar(100) NOT NULL,
  `doc_tipo_comprobante_nombre` varchar(100) NOT NULL,
  `doc_tipo_comprobante_codigo` varchar(2) DEFAULT NULL,
  PRIMARY KEY (`doc_tipo_comprobante_id`),
  UNIQUE KEY `doc_tipo_comprabante_doc_tipo_comprobante_id_uindex` (`doc_tipo_comprobante_id`),
  UNIQUE KEY `doc_tipo_comprabante_doc_tipo_comprobante_codigo_uindex` (`doc_tipo_comprobante_codigo`)
) ENGINE=InnoDB DEFAULT CHARSET=latin1;
/*!40101 SET character_set_client = @saved_cs_client */;

--
-- Dumping data for table `doc_tipo_comprabante`
--

LOCK TABLES `doc_tipo_comprabante` WRITE;
/*!40000 ALTER TABLE `doc_tipo_comprabante` DISABLE KEYS */;
INSERT INTO `doc_tipo_comprabante` VALUES ('158100719713223228','Proforma','88'),('159942109535049993','Requerimiento de Cotizacion','77'),('159943072188869191','Cotización de Compra','66'),('160375648186602400','Expediente tecnico','55'),('160467650689423253','Recetas','44'),('BO15455238811363142','Boleta Electrónica','03'),('FA15455239119328121','Factura Electrónica','01'),('I1521212121217778789','Ingreso Almacen','10'),('NO15455239275629160','Nota de crédito Electrónico','07'),('NO15455239418190139','Nota de débito','08'),('NV152121212121212','Boleta de venta','99'),('NV1521212121217778789','Guia de Remision','09'),('S1521212121217778789','Salida Almacen','11'),('T1521212121217778789','Transferencia Almacen','12');
/*!40000 ALTER TABLE `doc_tipo_comprabante` ENABLE KEYS */;
UNLOCK TABLES;

--
-- Table structure for table `emp_empresa`
--

DROP TABLE IF EXISTS `emp_empresa`;
/*!40101 SET @saved_cs_client     = @@character_set_client */;
/*!50503 SET character_set_client = utf8mb4 */;
CREATE TABLE `emp_empresa` (
  `emp_empresa_id` varchar(100) NOT NULL,
  `emp_empresa_ruc` varchar(15) NOT NULL,
  `emp_empresa_razon_social` varchar(200) NOT NULL,
  `emp_empresa_nombre_comercial` varchar(200) DEFAULT NULL,
  `emp_empresa_telefono` int DEFAULT NULL,
  `emp_empresa_direccion` varchar(300) DEFAULT NULL,
  `emp_empresa_codigo_ubigeo` varchar(6) DEFAULT NULL,
  `emp_empresa_direccion_departamento` varchar(50) DEFAULT NULL,
  `emp_empresa_direccion_provincia` varchar(50) DEFAULT NULL,
  `emp_empresa_direccion_distrito` varchar(50) DEFAULT NULL,
  `emp_empresa_codigopais` varchar(3) DEFAULT NULL,
  `emp_empresa_usuariosol` varchar(50) DEFAULT NULL,
  `emp_empresa_clavesol` varchar(50) DEFAULT NULL,
  `emp_empresa_tipoproceso` varchar(1) DEFAULT NULL,
  `emp_empresa_llave_ruc_dni` varchar(200) DEFAULT NULL,
  `emp_empresa_formato_doc_imp` varchar(2) DEFAULT NULL,
  `emp_empresa_email` varchar(200) DEFAULT NULL,
  `emp_empresa_regimen_tributario` int DEFAULT NULL,
  `emp_empresa_delivery` int DEFAULT NULL,
  `emp_empresa_firma_digital_passwd` varchar(50) DEFAULT NULL,
  `emp_empresa_logo_url` varchar(1000) DEFAULT NULL,
  `emp_empresa_firma_digital` varchar(500) DEFAULT NULL,
  `emp_empresa_calculo_total` tinyint(1) DEFAULT NULL,
  `emp_empresa_ose` tinyint(1) DEFAULT NULL,
  PRIMARY KEY (`emp_empresa_id`),
  UNIQUE KEY `emp_empresa_emp_empresa_id_uindex` (`emp_empresa_id`),
  UNIQUE KEY `emp_empresa_emp_empresa_ruc_uindex` (`emp_empresa_ruc`)
) ENGINE=InnoDB DEFAULT CHARSET=latin1;
/*!40101 SET character_set_client = @saved_cs_client */;

--
-- Dumping data for table `emp_empresa`
--

LOCK TABLES `emp_empresa` WRITE;
/*!40000 ALTER TABLE `emp_empresa` DISABLE KEYS */;
INSERT INTO `emp_empresa` VALUES ('155172379735396716','10420875032','HOLDING FIT','HOLDING FIT',943875771,'Jr. Moquegua Nro 705','211101','21','2111','211101','PE','PCSM','I9GQ2L4MKY','3','68465SAS465123GA56PRI1Q3','03','holdingfit@holdingfit.com',2,0,'pcsmulticomp752','https://i.ibb.co/18xpHPv/Multicomp.jpg','20448844456.pfx',0,0);
/*!40000 ALTER TABLE `emp_empresa` ENABLE KEYS */;
UNLOCK TABLES;

--
-- Table structure for table `guia_remision`
--

DROP TABLE IF EXISTS `guia_remision`;
/*!40101 SET @saved_cs_client     = @@character_set_client */;
/*!50503 SET character_set_client = utf8mb4 */;
CREATE TABLE `guia_remision` (
  `guia_remision_id` varchar(100) NOT NULL,
  `guia_remision_serie_comprobante` varchar(100) DEFAULT NULL,
  `guia_remision_fecha_comprobante` date DEFAULT NULL,
  `guia_remision_cod_tipo_documento` varchar(2) DEFAULT NULL,
  `guia_remision_nota` varchar(300) DEFAULT NULL,
  `guia_remision_codmotivo_traslado` varchar(2) DEFAULT NULL,
  `guia_remision_motivo_traslado` varchar(500) DEFAULT NULL,
  `guia_remision_peso` decimal(10,2) DEFAULT NULL,
  `guia_remision_numero_paquetes` varchar(10) DEFAULT NULL,
  `guia_remision_codtipo_trasportista` varchar(2) DEFAULT NULL,
  `guia_remision_tipo_documento_transporte` varchar(2) DEFAULT NULL,
  `guia_remision_nro_documento_transporte` varchar(20) DEFAULT NULL,
  `guia_remision_razon_social_tranporte` varchar(500) DEFAULT NULL,
  `guia_remision_ubigeo_destino` varchar(6) DEFAULT NULL,
  `guia_remision_dir_destino` varchar(500) DEFAULT NULL,
  `guia_remision_ubigeo_partida` varchar(6) DEFAULT NULL,
  `guia_remision_dir_partida` varchar(500) DEFAULT NULL,
  `guia_remision_cliente_numerodocumento` varchar(20) DEFAULT NULL,
  `guia_remision_cliente_nombre` varchar(500) DEFAULT NULL,
  `guia_remision_cliente_tipodocuemnto` varchar(2) DEFAULT NULL,
  `guia_remision_estado_envio` tinyint(1) DEFAULT NULL,
  `guia_remision_xml` varchar(500) DEFAULT NULL,
  `guia_remision_cdr` varchar(500) DEFAULT NULL,
  `guia_remision_numero_comprobante` varchar(8) DEFAULT NULL,
  `guia_remision_periodo_id` varchar(100) DEFAULT NULL,
  `guia_remision_almacen_id` varchar(100) DEFAULT NULL,
  `guia_remision_placa_vehiculo` varchar(20) DEFAULT NULL,
  `guia_remision_num_doc_conductor` varchar(20) DEFAULT NULL,
  `guia_remision_fecha_partida` date DEFAULT NULL,
  `guia_remision_unidad_medida` varchar(10) DEFAULT NULL,
  `guia_remision_user_id` varchar(10) DEFAULT NULL,
  `guia_remision_sunat_codigo` varchar(50) DEFAULT NULL,
  `guia_remision_sunat_mensaje` varchar(300) DEFAULT NULL,
  `guia_remision_sunat_hash_cpe` varchar(300) DEFAULT NULL,
  `guia_remision_sunat_hash_cdr` varchar(1000) DEFAULT NULL,
  PRIMARY KEY (`guia_remision_id`),
  UNIQUE KEY `guia_remision_guia_remision_id_uindex` (`guia_remision_id`)
) ENGINE=InnoDB DEFAULT CHARSET=latin1;
/*!40101 SET character_set_client = @saved_cs_client */;

--
-- Dumping data for table `guia_remision`
--

LOCK TABLES `guia_remision` WRITE;
/*!40000 ALTER TABLE `guia_remision` DISABLE KEYS */;
/*!40000 ALTER TABLE `guia_remision` ENABLE KEYS */;
UNLOCK TABLES;

--
-- Table structure for table `guia_remision_detalle`
--

DROP TABLE IF EXISTS `guia_remision_detalle`;
/*!40101 SET @saved_cs_client     = @@character_set_client */;
/*!50503 SET character_set_client = utf8mb4 */;
CREATE TABLE `guia_remision_detalle` (
  `guia_remision_detalle_id` varchar(100) NOT NULL,
  `guia_remision_detalle_item` varchar(4) DEFAULT NULL,
  `guia_remision_detalle_descripcion` varchar(500) DEFAULT NULL,
  `guia_remision_detalle_cantidad` varchar(10) DEFAULT NULL,
  `guia_remision_detalle_guia_remision_id` varchar(100) DEFAULT NULL,
  `guia_remision_detalle_codigo_producto` varchar(20) DEFAULT NULL,
  `guia_remision_detalle_peso` varchar(20) DEFAULT NULL,
  PRIMARY KEY (`guia_remision_detalle_id`),
  UNIQUE KEY `guia_remision_detalle_guia_remision_detalle_id_uindex` (`guia_remision_detalle_id`),
  KEY `guia_remision_detalle_guia_remision_fk` (`guia_remision_detalle_guia_remision_id`),
  CONSTRAINT `guia_remision_detalle_guia_remision_fk` FOREIGN KEY (`guia_remision_detalle_guia_remision_id`) REFERENCES `guia_remision` (`guia_remision_id`)
) ENGINE=InnoDB DEFAULT CHARSET=latin1;
/*!40101 SET character_set_client = @saved_cs_client */;

--
-- Dumping data for table `guia_remision_detalle`
--

LOCK TABLES `guia_remision_detalle` WRITE;
/*!40000 ALTER TABLE `guia_remision_detalle` DISABLE KEYS */;
/*!40000 ALTER TABLE `guia_remision_detalle` ENABLE KEYS */;
UNLOCK TABLES;

--
-- Table structure for table `migrations`
--

DROP TABLE IF EXISTS `migrations`;
/*!40101 SET @saved_cs_client     = @@character_set_client */;
/*!50503 SET character_set_client = utf8mb4 */;
CREATE TABLE `migrations` (
  `id` int unsigned NOT NULL AUTO_INCREMENT,
  `migration` varchar(255) CHARACTER SET utf8mb4 COLLATE utf8mb4_unicode_ci NOT NULL,
  `batch` int NOT NULL,
  PRIMARY KEY (`id`)
) ENGINE=InnoDB AUTO_INCREMENT=8 DEFAULT CHARSET=utf8mb4 COLLATE=utf8mb4_unicode_ci;
/*!40101 SET character_set_client = @saved_cs_client */;

--
-- Dumping data for table `migrations`
--

LOCK TABLES `migrations` WRITE;
/*!40000 ALTER TABLE `migrations` DISABLE KEYS */;
INSERT INTO `migrations` VALUES (1,'2014_10_12_000000_create_users_table',1),(2,'2014_10_12_100000_create_password_resets_table',1),(3,'2016_06_01_000001_create_oauth_auth_codes_table',1),(4,'2016_06_01_000002_create_oauth_access_tokens_table',1),(5,'2016_06_01_000003_create_oauth_refresh_tokens_table',1),(6,'2016_06_01_000004_create_oauth_clients_table',1),(7,'2016_06_01_000005_create_oauth_personal_access_clients_table',1);
/*!40000 ALTER TABLE `migrations` ENABLE KEYS */;
UNLOCK TABLES;

--
-- Table structure for table `oauth_access_tokens`
--

DROP TABLE IF EXISTS `oauth_access_tokens`;
/*!40101 SET @saved_cs_client     = @@character_set_client */;
/*!50503 SET character_set_client = utf8mb4 */;
CREATE TABLE `oauth_access_tokens` (
  `id` varchar(100) CHARACTER SET utf8mb4 COLLATE utf8mb4_unicode_ci NOT NULL,
  `user_id` int DEFAULT NULL,
  `client_id` int NOT NULL,
  `name` varchar(255) CHARACTER SET utf8mb4 COLLATE utf8mb4_unicode_ci DEFAULT NULL,
  `scopes` text CHARACTER SET utf8mb4 COLLATE utf8mb4_unicode_ci,
  `revoked` tinyint(1) NOT NULL,
  `created_at` timestamp NULL DEFAULT NULL,
  `updated_at` timestamp NULL DEFAULT NULL,
  `expires_at` datetime DEFAULT NULL,
  PRIMARY KEY (`id`),
  KEY `oauth_access_tokens_user_id_index` (`user_id`)
) ENGINE=InnoDB DEFAULT CHARSET=utf8mb4 COLLATE=utf8mb4_unicode_ci;
/*!40101 SET character_set_client = @saved_cs_client */;

--
-- Dumping data for table `oauth_access_tokens`
--

LOCK TABLES `oauth_access_tokens` WRITE;
/*!40000 ALTER TABLE `oauth_access_tokens` DISABLE KEYS */;
INSERT INTO `oauth_access_tokens` VALUES ('00f27a00f6e8c921992a318179b1c756a4352426aa5a1e630ef0c8be63c991142582edb0732eacfd',4,8,'Personal Access Token','[]',1,'2019-06-28 20:09:09','2019-06-28 20:09:09','2020-06-28 15:09:09'),('01611a7f068ecd7bcf9d4f91d7cdc7c5aeb15eb4a42ac0096acc6abcfdfd855c2cac616f0c8fee9e',4,8,'Personal Access Token','[]',0,'2019-11-11 21:29:16','2019-11-11 21:29:16','2020-11-11 16:29:16'),('01d6510530838bfed6551b120f487c0f3588669f92bf99e6f7cb8eea8629af6b6129b44ff87ac434',5,1,'Personal Access Token','[]',1,'2019-03-07 21:05:58','2019-03-07 21:05:58','2020-03-07 16:05:58'),('02dc7d82cc396f141e1d544c716d1bd8f627df91cbd40b23a8dfac44245aa811fcfbccb4feb60623',7,4,'Personal Access Token','[]',1,'2019-03-14 15:24:01','2019-03-14 15:24:01','2020-03-14 10:24:01'),('02e6451c286df2a7786b31812ab316654978823e2e00e5dbb5bd6a81137d88ff6df2398e2cf6d3cc',1,10,'Personal Access Token','[]',0,'2020-09-06 21:46:21','2020-09-06 21:46:21','2021-09-06 16:46:21'),('039fafcdcfcd279beff305eb4c07daeebc979a4e6c1d93e6eee8a817303e336529f36b926ae0a8da',1,10,'Personal Access Token','[]',0,'2020-11-12 17:40:31','2020-11-12 17:40:31','2021-11-12 12:40:31'),('03a34a9d9f194e8df8e591d8044ab93ffb30c059e98c32b58d24adbb9cb35c7393c72e87d2d8a51f',8,8,'Personal Access Token','[]',1,'2019-04-11 00:13:27','2019-04-11 00:13:27','2020-04-10 19:13:27'),('03ed43a2b4f133165ac4b95f11d17661faf7190cf2f043156dc7ef09f80e4a15b92150b220608424',1,10,'Personal Access Token','[]',0,'2020-01-21 15:09:10','2020-01-21 15:09:10','2021-01-21 10:09:10'),('0470062f18c2d573d7952dfde68fb6b5e5e2eebf972b239abaa4a9565402d682c9cfba39f2a3dcb6',1,1,'Personal Access Token','[]',0,'2019-03-04 14:25:19','2019-03-04 14:25:19','2020-03-04 09:25:19'),('053ac088626a78bb372f70b4ec4b906d3d03f1ea9d29781019c9eac10897208b80b19065c0859c79',1,2,'Personal Access Token','[]',0,'2019-03-12 16:20:35','2019-03-12 16:20:35','2020-03-12 11:20:35'),('059d73eff87d23240671bc5ef13485b18dc94cc426c758bb87c81b7c7e4f3da2e6deb0bd725e589b',1,10,'Personal Access Token','[]',0,'2020-09-06 00:05:05','2020-09-06 00:05:05','2021-09-05 19:05:05'),('05ed689cfa78f6ce833bfe9b921f307ba99a314d6f701c22f91a4081c2348deb59242c69e6557922',1,10,'Personal Access Token','[]',0,'2020-01-21 23:59:33','2020-01-21 23:59:33','2021-01-21 18:59:33'),('064e8e5fd6ce88593db0445b1d7340e44b6665eda284eaf49cce8b7675db50ef3e9d84584d66ee4b',1,1,'Personal Access Token','[]',0,'2019-02-28 04:24:56','2019-02-28 04:24:56','2020-02-27 23:24:56'),('06505a1b6e3e16ab990810a32f8e2089c8e7306f04dce15bd909bd54bcfb5a3471edd4aa446dbc2f',1,1,'Personal Access Token','[]',0,'2019-03-06 20:02:53','2019-03-06 20:02:53','2020-03-06 15:02:53'),('06c06e41078e72a04c7df9ac3532e2ae7e8546cacf208b0887e2a5ae349c2dd9e7ef32b683848b7c',1,10,'Personal Access Token','[]',0,'2020-01-23 00:25:08','2020-01-23 00:25:08','2021-01-22 19:25:08'),('06cf19fecac4013fe0e0f07c70a95b3a3cf54e54f059f9cba39ac58ee3fc207ef5eebcfc27e8ba52',8,8,'Personal Access Token','[]',1,'2019-04-11 00:21:27','2019-04-11 00:21:27','2020-04-10 19:21:27'),('070e86440047dab5edadf62030a093b2ce3a472a4e4295badd4790656b1bb90f64b2060d9224831d',1,10,'Personal Access Token','[]',0,'2021-01-13 07:09:02','2021-01-13 07:09:02','2022-01-13 02:09:02'),('073a5e655338722c8dda24bd44a66bd9bbf55d8903b53c71778a030e6e3fb68cf573754ce9821e2d',8,8,'Personal Access Token','[]',1,'2019-04-11 00:21:25','2019-04-11 00:21:25','2020-04-10 19:21:25'),('07ac9b35b28795aa3d77d26179e6365704a8e0872090fcb5edd74853039d5a18a10f464356cd3e65',5,8,'Personal Access Token','[]',1,'2019-10-26 15:02:30','2019-10-26 15:02:30','2020-10-26 10:02:30'),('07cc17d319df389916aee4fbf57e346747bdd72160c53733c8a3dca718f2d40db4ca59512f090ae5',7,8,'Personal Access Token','[]',1,'2019-10-14 18:36:29','2019-10-14 18:36:29','2020-10-14 13:36:29'),('08469b588fccdbffaa6717d728496c186ef314acb34bc18bd8b029fe2e3165144fe44fe3638667d3',1,10,'Personal Access Token','[]',0,'2020-01-31 18:42:21','2020-01-31 18:42:21','2021-01-31 13:42:21'),('09244e0bd526603211d8a5ffd9d4a39bc4c50d45bc485918705c7314fa49cb61d33451c16a60429e',7,8,'Personal Access Token','[]',1,'2019-04-26 22:50:46','2019-04-26 22:50:46','2020-04-26 17:50:46'),('095facee29374a94715ab8449478aac61088439d1a719e901552edd1ce04a9d5b6691b3f571fc96f',5,2,'Personal Access Token','[]',1,'2019-03-12 18:40:29','2019-03-12 18:40:29','2020-03-12 13:40:29'),('09761b27d2680e1961f7ea206ce953075be12bb5c2054e719621cca56cbe02f84e96af5ccd3af785',1,1,'Personal Access Token','[]',0,'2019-02-28 04:51:52','2019-02-28 04:51:52','2020-02-27 23:51:52'),('0a21063e9c520a244937d52168d6adc4b8b351232c66a788783967959c18f3b494d0f564f2954433',1,1,'Personal Access Token','[]',0,'2019-02-28 19:16:34','2019-02-28 19:16:34','2020-02-28 14:16:34'),('0a2fea7dbee13a3800a87323f5cf9cd178c5d98aa3aaf83900ebf304db365c635620039089ee35c6',1,10,'Personal Access Token','[]',1,'2021-01-13 06:18:44','2021-01-13 06:18:44','2022-01-13 01:18:44'),('0a8475fb38bbd1de202489b669e702fcb73a8208924d920fc01af0487a3dd945ba1e983cf2559235',1,10,'Personal Access Token','[]',1,'2020-01-31 19:03:53','2020-01-31 19:03:53','2021-01-31 14:03:53'),('0acafdc1fec744f4b1391533fe37343b71e966c8da807be85327eafb1e6e8e8f3a29b73841803bf4',1,10,'Personal Access Token','[]',0,'2020-02-07 16:01:13','2020-02-07 16:01:13','2021-02-07 11:01:13'),('0ae3af71c76d7a1afce89f8743b23b18e5689af115a88c8c92b4e64774ca381313cf871924c20972',1,1,'Personal Access Token','[]',0,'2019-02-28 19:15:04','2019-02-28 19:15:04','2020-02-28 14:15:04'),('0b0ff1716b1f0fa631296376a1096749d9899f90e0b9dfe9a278fada8697f34cb0d3c81ef8d748bd',1,1,'Personal Access Token','[]',0,'2019-03-05 23:14:36','2019-03-05 23:14:36','2020-03-05 18:14:36'),('0b1a6239ad683ed874ee334c8878346557faf213bfd90573309b8d116dc493446f7a39af1eec183e',1,10,'Personal Access Token','[]',1,'2020-10-04 16:31:37','2020-10-04 16:31:37','2021-10-04 11:31:37'),('0c1d0cdae2e0cd0a9481cc73c6d4750fe5bd092fa18e488e978f2b6d4e969ef3e2b7b013f1db76b0',5,8,'Personal Access Token','[]',1,'2019-03-21 21:13:10','2019-03-21 21:13:10','2020-03-21 16:13:10'),('0db1b2832328b62f6de863b9a5748080fc442a8aa3520b5fcbe356c96b7b7d2c4dbbbdd3c61e4097',4,8,'Personal Access Token','[]',0,'2019-07-19 22:50:57','2019-07-19 22:50:57','2020-07-19 17:50:57'),('0dc17a7ef0b770ce523435ea193cf008b6acb3fdc638d3ca8262390c5a65ebfc782595603b64f63c',7,8,'Personal Access Token','[]',1,'2019-09-21 18:43:17','2019-09-21 18:43:17','2020-09-21 13:43:17'),('0e5e534d96d5ee8f4fbe5cffc24d365fd7f08a538cad65be59f8bcd7aeaeb3c4afcad2bea2d9ca70',7,8,'Personal Access Token','[]',1,'2019-10-26 15:06:34','2019-10-26 15:06:34','2020-10-26 10:06:34'),('0e6318e720c8c1a32e2c87d2c13ae159f0af1365c4c0a929006d419ca7abc935ef012eb94e4c7b77',5,1,'Personal Access Token','[]',1,'2019-03-08 16:14:46','2019-03-08 16:14:46','2020-03-08 11:14:46'),('0e6f32ff5c894273beb5c6698f665f9de37a43e5468559359d58c0dafca8300fa7e4b274054763fb',1,1,'Personal Access Token','[]',0,'2019-02-28 16:07:56','2019-02-28 16:07:56','2020-02-28 11:07:56'),('0e76fb2b081d756ae2ba33da2e93acbf170a5f93c3d218e7fac35d4195838b5bdcef42ce7dde66f8',1,1,'Personal Access Token','[]',0,'2019-02-28 04:16:06','2019-02-28 04:16:06','2020-02-27 23:16:06'),('0ece2bfa9e143a5c2a80fde60c579742db2d72addc5ce3fd74a05d7dc6517dbb62cf2ce42b9dd3ac',4,8,'Personal Access Token','[]',1,'2019-06-23 02:11:30','2019-06-23 02:11:30','2020-06-22 21:11:30'),('0f47909b5fef821b54cdfa6084206408e1bba5c38c5a24a7d33061d743762a9b519e43321e8d258a',5,8,'Personal Access Token','[]',1,'2019-06-23 02:21:05','2019-06-23 02:21:05','2020-06-22 21:21:05'),('0f5cb1d646dd27f24b923151cb0f3295a21662d5e10d4da2f7c149d7d7fa82ac2b2a5fee60b39616',1,10,'Personal Access Token','[]',0,'2020-01-21 16:37:07','2020-01-21 16:37:07','2021-01-21 11:37:07'),('0f5f7b629b653b31dbac13f67c480b05fbd0e5c2d246134cdaf6d138ac84b9cf4075e2e78a2e2034',1,1,'Personal Access Token','[]',0,'2019-02-28 13:05:39','2019-02-28 13:05:39','2020-02-28 08:05:39'),('0f83f98a026001cc909601a1a5e38c6331cf9158fe85f507936535069d306de0b0359eae39352e41',7,8,'Personal Access Token','[]',1,'2019-06-21 16:31:56','2019-06-21 16:31:56','2020-06-21 11:31:56'),('1047d3a02b37d2cd820f847244320ccca6fb2128ef9e42f46c70916268b7f1de40a1c0ca5bbdc242',5,1,'Personal Access Token','[]',1,'2019-03-04 01:15:24','2019-03-04 01:15:24','2020-03-03 20:15:24'),('10b86b47b6a9c4b7c5084c3c32f4cf76f0bf3cb6c4befd039c09654840d5c0a845fbbe7e7345abc8',5,1,'Personal Access Token','[]',1,'2019-03-10 00:05:20','2019-03-10 00:05:20','2020-03-09 19:05:20'),('117d39c72892ac59176b464d41d9c16814826a1de8dc33161bf6398f03ef0d287c9ef32c00224428',1,10,'Personal Access Token','[]',0,'2020-01-31 19:02:58','2020-01-31 19:02:58','2021-01-31 14:02:58'),('125b3d286be9883b52aab1f31ff820da5d06727bfc75b33a3959649fa1879c529343a272167696fd',4,8,'Personal Access Token','[]',0,'2019-09-05 21:27:18','2019-09-05 21:27:18','2020-09-05 16:27:18'),('126780edf62435ec6922145d47806ab67d2322837b3a49999d24f5233a63a10cf9280133ea6da702',8,8,'Personal Access Token','[]',1,'2019-04-11 00:21:48','2019-04-11 00:21:48','2020-04-10 19:21:48'),('128278645780ac6c5464c2c3510f9c9e4361c2be5df526b36338229869303970a4c5fc2368a25625',7,8,'Personal Access Token','[]',1,'2019-09-21 18:43:18','2019-09-21 18:43:18','2020-09-21 13:43:18'),('128e15a2763d46b51e7dfe52ce97e99ada00e0a0367c238320f14da3d98c8bbb0c40ef35392fefee',1,10,'Personal Access Token','[]',0,'2020-01-28 12:27:36','2020-01-28 12:27:36','2021-01-28 07:27:36'),('12ad8ba2f6411c0854a36ff9f779cf3d745fb266ccd7ccbdbcbf8900aa8b9bce12a187e0b8d350f9',1,1,'Personal Access Token','[]',0,'2019-03-06 16:13:56','2019-03-06 16:13:56','2020-03-06 11:13:56'),('12ff05e0bc585520cd0ca7bf34b4aedfed8372cb385362db77360d2e5c39a292387638a214bec857',1,1,'Personal Access Token','[]',0,'2019-03-04 14:07:53','2019-03-04 14:07:53','2020-03-04 09:07:53'),('14f40f49254d2f25f20dd8b1d7f657390a9cd2745987e28ded6a054edf052bd92d6631cd222472cb',1,10,'Personal Access Token','[]',1,'2020-02-03 14:55:04','2020-02-03 14:55:04','2021-02-03 09:55:04'),('155da0429785cdbaa552f8acdddfd210cfa3e7a59bf1494bea18a61589c6aeeaa1499b856a3c347a',1,10,'Personal Access Token','[]',1,'2020-02-03 15:03:34','2020-02-03 15:03:34','2021-02-03 10:03:34'),('162ce3605a1a8c199d0e6b2e2164b195443a94ae7611d6fba91c748317deb5fdd765e3536b37dbb9',4,8,'Personal Access Token','[]',1,'2019-07-10 19:36:58','2019-07-10 19:36:58','2020-07-10 14:36:58'),('1639e21c8ade80d9a29f31a244cef0a98cc2033fde391ff418d979c46e8169d2b20d8a77598b2de7',1,10,'Personal Access Token','[]',1,'2020-01-31 00:53:00','2020-01-31 00:53:00','2021-01-30 19:53:00'),('1666085c52f115fb6100e66115f487b12fd82edced8608a962caf166076d70baa225236b45fe0c75',1,1,'Personal Access Token','[]',0,'2019-03-04 14:29:29','2019-03-04 14:29:29','2020-03-04 09:29:29'),('16c4d6399abf0e193f4a05ce0fdb95ed426a0302842a2715fa22af824906df26c0930c8460d5ad44',1,10,'Personal Access Token','[]',0,'2020-03-06 16:15:37','2020-03-06 16:15:37','2021-03-06 11:15:37'),('16cfe5c39a98c19c3982f06dcc13d83a977e0988272faf70f80d291848279a3e632bd29eb39065df',1,10,'Personal Access Token','[]',0,'2020-09-26 13:24:18','2020-09-26 13:24:18','2021-09-26 08:24:18'),('17c548eb24798c468e55863c2771a6191f8a5dd9d70eb9adeece813ba159b2a71ea84c62ce467457',1,1,'Personal Access Token','[]',0,'2019-02-28 16:28:40','2019-02-28 16:28:40','2020-02-28 11:28:40'),('184c81c41a89187f358b6a30f36edfe36805a7a99ba6bd51820c3ffdf428490eae7724120d0a493a',1,10,'Personal Access Token','[]',1,'2020-02-13 16:49:36','2020-02-13 16:49:36','2021-02-13 11:49:36'),('19c529fb51fbe000a7e6aacb38231fb1d27c46f27559d21be43f1821ebe900a64756f47e9c96f449',5,1,'Personal Access Token','[]',1,'2019-03-04 13:08:54','2019-03-04 13:08:54','2020-03-04 08:08:54'),('1a585e689c648468ffb4e4be320e614bc30300e97c994f22a4140b4a274ce467d76b4f9ec659f13d',7,4,'Personal Access Token','[]',1,'2019-03-19 17:50:25','2019-03-19 17:50:25','2020-03-19 12:50:25'),('1a6d2593f22a4216f4901973d5026e0ff66bb788a4b6f45653db84c1ffd61013c671bc4826250273',5,10,'Personal Access Token','[]',1,'2019-11-19 14:24:52','2019-11-19 14:24:52','2020-11-19 09:24:52'),('1b39b002356d09ed79ad4f1f31fb759da45034a1ca867a0a70ede2dea996ccdc8269e3f640dd793f',1,10,'Personal Access Token','[]',1,'2020-02-03 14:58:10','2020-02-03 14:58:10','2021-02-03 09:58:10'),('1bacc43c344ae208a660ac79b95fdd881b1326c88635e50c38d1153778fca2aada9de63cf597f0c6',1,10,'Personal Access Token','[]',0,'2020-03-05 20:03:17','2020-03-05 20:03:17','2021-03-05 15:03:17'),('1bf2722db8a0c9a0cbf615b0bf29e32dac44362126a92329398798102d1dbd01073d85ee9f96f9d3',1,10,'Personal Access Token','[]',0,'2020-02-07 15:37:06','2020-02-07 15:37:06','2021-02-07 10:37:06'),('1c0075f5d27d842588ec8b98fb818e7ae6b604ace7b9880f4febfb17170916b0b40f99f374c4b7a7',1,2,'Personal Access Token','[]',0,'2019-03-12 17:28:23','2019-03-12 17:28:23','2020-03-12 12:28:23'),('1c7cccd8e9f25b9a7b1adba60af46b6ce50234d31f833d2463bb8ed2a70236ec0965e6a724b83360',1,10,'Personal Access Token','[]',1,'2020-01-31 20:37:47','2020-01-31 20:37:47','2021-01-31 15:37:47'),('1cf266921d56bee302b26b7f74dfc3253c14aa08a8317ccc89ccd2375570cae7da650c970c211939',7,8,'Personal Access Token','[]',1,'2019-04-12 14:42:54','2019-04-12 14:42:54','2020-04-12 09:42:54'),('1d3336c5c982c9f268fb8fa17bb56867510e4b7b644973f3a33f8e2626d3762e1e50d883e97cedd8',8,8,'Personal Access Token','[]',1,'2019-04-11 00:22:10','2019-04-11 00:22:10','2020-04-10 19:22:10'),('1da52f5e22df076df06607b286a5b727c1daadf179ef1371ceed119ff4255b6b6e722a9ad2e95782',4,8,'Personal Access Token','[]',1,'2019-06-04 14:39:28','2019-06-04 14:39:28','2020-06-04 09:39:28'),('1dbf22ad64b0d6c96b892f7847f27abf3993018f17d0036ffdd81ec3c7cb96e51b512c7edca20c45',1,10,'Personal Access Token','[]',0,'2020-01-31 00:54:04','2020-01-31 00:54:04','2021-01-30 19:54:04'),('1e359ffb8afe7e92c518aefa691ca223d2e79c11ebe87f94762aa4419f6e1f6ee20db90bbc283408',1,10,'Personal Access Token','[]',0,'2020-02-14 15:24:20','2020-02-14 15:24:20','2021-02-14 10:24:20'),('1e473d4a45dff1df213af61592b2dd59962c5aef614a497e115507d90de3a17d66832a98b8db2ca1',1,1,'Personal Access Token','[]',0,'2019-03-04 01:06:25','2019-03-04 01:06:25','2020-03-03 20:06:25'),('1e6526334d99a75b0686872bb24a37e1231f9ee7594bb906a2654cfb9efdeceecfdccac715a73b91',7,4,'Personal Access Token','[]',1,'2019-03-21 15:07:05','2019-03-21 15:07:05','2020-03-21 10:07:05'),('1e71987d5467ce8a3774451a392d7f705f699a8986229a89a3decfc0924adb0465db6b9d0b5cdec9',4,8,'Personal Access Token','[]',1,'2019-07-10 20:47:57','2019-07-10 20:47:57','2020-07-10 15:47:57'),('1e9b7cd63d23c0f0d58fb76d31a3a4d5cf4c962ba0422ab347744b0aee36c41cca6ec17f4aa078a9',7,8,'Personal Access Token','[]',1,'2019-09-21 18:43:17','2019-09-21 18:43:17','2020-09-21 13:43:17'),('1f778a3a4048ec651c0204c1dfdb3f43da0c1789c04cd4b442492e9b3c8cda821c8bdcd018a0c017',1,1,'Personal Access Token','[]',0,'2019-02-28 13:52:59','2019-02-28 13:52:59','2020-02-28 08:52:59'),('1fead72e3a989fa547111be3d141c2ee3805bfa36fdb43700615ae7a014f2df6a79f726b9d3b95f4',1,1,'Personal Access Token','[]',0,'2019-03-05 23:21:32','2019-03-05 23:21:32','2020-03-05 18:21:32'),('20357dedc84b23878b245be05a7f23932e817bc591711fb5210a3f3cc7c79f98c0d5ad9a2cce84a6',1,10,'Personal Access Token','[]',0,'2020-01-19 22:55:58','2020-01-19 22:55:58','2021-01-19 17:55:58'),('20506603272b27d15bae6d6b3b6da72e0c7b380bb97fbeb68af1facd133eda8a7cc147c2b7ec0ec0',1,1,'Personal Access Token','[]',0,'2019-03-06 20:48:18','2019-03-06 20:48:18','2020-03-06 15:48:18'),('20accc6bfa41ae179bfcd84c16dbdb3bb2125742fa73ca84d865ac8ec816cb3118b2920cfc0040ca',1,1,'Personal Access Token','[]',0,'2019-02-28 04:14:11','2019-02-28 04:14:11','2020-02-27 23:14:11'),('210c08b6677c19c462a7410436981d540d4e88793fcc87768d3882280991ec5cf1de45f8050cb03b',2,8,'Personal Access Token','[]',1,'2019-04-10 01:00:46','2019-04-10 01:00:46','2020-04-09 20:00:46'),('21131bf58c058bc0f4587d69fc29750e9639d1c205f78ac75dbf07ef8f73f2fae9b4163de4ab04d5',7,8,'Personal Access Token','[]',1,'2019-06-04 14:37:07','2019-06-04 14:37:07','2020-06-04 09:37:07'),('216eb59fb2bf957d41143b5896a80647596649d7460856ceb73f9c1018433ec8c5cba09454ebc017',8,8,'Personal Access Token','[]',1,'2019-04-11 00:24:16','2019-04-11 00:24:16','2020-04-10 19:24:16'),('22afc4f7e728e766173e6d6685c11126d336d82bd4d23f2bc65af395bdf08132fc96479e53cc1545',1,10,'Personal Access Token','[]',0,'2020-11-17 21:52:31','2020-11-17 21:52:31','2021-11-17 16:52:31'),('236a1777c55fcce39b46e6bb7d60caacef2d55ac5d0a9a0ee011d1ce4c593f04161c6adc05d3cf55',1,10,'Personal Access Token','[]',1,'2020-02-13 17:00:42','2020-02-13 17:00:42','2021-02-13 12:00:42'),('238fce9a7bd07a0024d5545956145f2501139cf725a69e8f6a0f0c405bb0222f80dbc81a51ef6f08',5,1,'Personal Access Token','[]',1,'2019-03-07 00:14:04','2019-03-07 00:14:04','2020-03-06 19:14:04'),('23e4caf9da25ca801b55a58d1d31b32590b4df1ed3ec835505b231b119e5be3d3562d48933342974',1,10,'Personal Access Token','[]',0,'2020-01-19 23:18:30','2020-01-19 23:18:30','2021-01-19 18:18:30'),('23f6600e514a69b514a5766b3b5c2c8ad25efc4ae471a033b936b7f505dd7bf98459090bbf62d1bd',1,10,'Personal Access Token','[]',0,'2020-11-25 22:21:54','2020-11-25 22:21:54','2021-11-25 17:21:54'),('240d3465efc1948c50c90409050f40a989d1ebc940009cd89363767ba557374bfd64fbb90b6dff9b',7,4,'Personal Access Token','[]',1,'2019-03-13 19:55:52','2019-03-13 19:55:52','2020-03-13 14:55:52'),('25b12ff90957c7a7bc836e1fcb12f51d45f1319ea1f13cb6744bf03bc9244f74ef646aad94c0596e',1,10,'Personal Access Token','[]',1,'2020-01-31 00:56:54','2020-01-31 00:56:54','2021-01-30 19:56:54'),('25c793d7163b3a91dc79a0a70ef9b23c8434316ed543ad097966f7b6a1bc90bbaa24927f16aa433b',7,6,'Personal Access Token','[]',1,'2019-03-21 19:38:59','2019-03-21 19:38:59','2020-03-21 14:38:59'),('26391e29297ca893f260e9ea5ab4a751b2e6df8767d33c02eef9d628aeb43cc5bd1be9da02b97efa',8,8,'Personal Access Token','[]',1,'2019-04-11 00:21:47','2019-04-11 00:21:47','2020-04-10 19:21:47'),('263d0b3b9bf2af59716489ea8b1228fe50a007d772964bc80331c575c78a272a8bbd43fba23705ee',5,4,'Personal Access Token','[]',1,'2019-03-13 16:53:24','2019-03-13 16:53:24','2020-03-13 11:53:24'),('2651b8f244fde3378f4f5d842285dcd0a03c9430b905e47f225eb9321fd4d4500689bcf8189461dd',1,2,'Personal Access Token','[]',0,'2019-03-12 16:28:46','2019-03-12 16:28:46','2020-03-12 11:28:46'),('26b9adad5c5e80ff22c40bf5ecdf004d0e6325b84888e71c8b98f0345250a8e71f394613274f68fd',7,2,'Personal Access Token','[]',1,'2019-03-12 18:47:56','2019-03-12 18:47:56','2020-03-12 13:47:56'),('26dc73584b5ac2b5bc953f81b0f5b950e0931ece5f465d8c497b954c24a37352c7f2f05cab78b99b',1,1,'Personal Access Token','[]',0,'2019-03-01 03:34:49','2019-03-01 03:34:49','2020-02-28 22:34:49'),('280eeeef9405c703235b96815ea51d3147ff9469834b24c7d49a8ef05efb4c5ea8fb62b813988482',1,10,'Personal Access Token','[]',0,'2020-02-03 19:10:45','2020-02-03 19:10:45','2021-02-03 14:10:45'),('2822f2f25e23c222ffb9201105cfe9ce4c614906e727e2598b960632ec87b7c5c57c0dfa74c5a4cd',5,8,'Personal Access Token','[]',1,'2019-04-24 20:11:33','2019-04-24 20:11:33','2020-04-24 15:11:33'),('2907b1b2c0918d38c44e507cecff76fd4d6a0804c7fca97291a11ab35bfa83d8d76a433bd91cf7be',7,8,'Personal Access Token','[]',1,'2019-09-21 18:43:17','2019-09-21 18:43:17','2020-09-21 13:43:17'),('29a2a2c00b4ce3818d91cc3c23ce6aa230db3bf6ef1df04362f3eec5aad840cdb80557bc7e3b283c',1,10,'Personal Access Token','[]',0,'2020-01-19 23:45:08','2020-01-19 23:45:08','2021-01-19 18:45:08'),('2a0b1049415363e8242f2066524de6634dc203ca95b21ef4e7dd213851d7b0ec63e73e7997101d16',2,8,'Personal Access Token','[]',0,'2019-04-09 15:52:15','2019-04-09 15:52:15','2020-04-09 10:52:15'),('2a27dbf3afe2b9c46956e79e193f929f68eb6800d7e7f947f9ce01d02defdbf2a04b19a7046a045b',7,8,'Personal Access Token','[]',1,'2019-09-21 18:37:02','2019-09-21 18:37:02','2020-09-21 13:37:02'),('2a63d804c327b8bcc7d0692fbe21baba0a0f1bf706d4d738b33cf60f0d23a3c9a34d701e62370d92',1,1,'Personal Access Token','[]',0,'2019-03-05 23:57:34','2019-03-05 23:57:34','2020-03-05 18:57:34'),('2aa61abc3abde077d02b8e7b20f4abb4e42640a2476a8279de0f8b6fe363f3132be07415ed3a0ead',1,10,'Personal Access Token','[]',0,'2020-01-29 17:36:32','2020-01-29 17:36:32','2021-01-29 12:36:32'),('2ade8cb96742f5a230bed903833e930e3bb5f39cbdbe84e1d9e5757f22c68a764c672836be4d2a59',5,8,'Personal Access Token','[]',1,'2019-04-05 18:56:06','2019-04-05 18:56:06','2020-04-05 13:56:06'),('2b30279a67f922c577bf0e886d50ee8a4a3318a189f5d4becc7c193163e095eca9af685413d53b20',7,8,'Personal Access Token','[]',1,'2019-09-21 18:43:17','2019-09-21 18:43:17','2020-09-21 13:43:17'),('2b3a32dd2eb05de587a12e37308d41ce5664a2afe76be1000cd3be295dbcbbd8fbc4a2f72b50b4ac',1,10,'Personal Access Token','[]',0,'2020-01-31 20:45:51','2020-01-31 20:45:51','2021-01-31 15:45:51'),('2b719abefae82bcdb4bc56e950bf229f3590edf646035513234038ae04f5992f79ffd9635ab74a61',1,1,'Personal Access Token','[]',0,'2019-03-01 04:02:47','2019-03-01 04:02:47','2020-02-28 23:02:47'),('2c6109d683059dc37976a7ef05dc9362b2eaf875b081e14b1c024cfebffc8362c5636481ad06ae43',1,10,'Personal Access Token','[]',0,'2020-01-28 16:29:08','2020-01-28 16:29:08','2021-01-28 11:29:08'),('2c96850cfec9e39b6673cc4979d10afa678185412b3baec059442ec1cb1ef063e7b8a3fb9f8130a6',7,4,'Personal Access Token','[]',1,'2019-03-14 19:08:43','2019-03-14 19:08:43','2020-03-14 14:08:43'),('2cc1e8c8e42d5875e5cd18f3c81745fcf92fdb867dccac14800484d729d42f204466cfb53191f6ad',1,10,'Personal Access Token','[]',0,'2020-01-31 18:32:30','2020-01-31 18:32:30','2021-01-31 13:32:30'),('2d45e7dee1d7ebbc42992c8e38581b6368482129dab7e6e44f5edc0f1ad3a9f8cd364858423302c7',1,10,'Personal Access Token','[]',0,'2020-01-23 00:08:42','2020-01-23 00:08:42','2021-01-22 19:08:42'),('2d50e58034c919e5354c97270dff176051abfa2242914f6fa8f7115763e067b5e4835e32791a12dd',7,8,'Personal Access Token','[]',1,'2019-09-21 18:43:18','2019-09-21 18:43:18','2020-09-21 13:43:18'),('2d67f3839651182a79b605ded10efaf0078e52851a35d54b84a68015bdb99d459fcbccaf56f3353a',1,10,'Personal Access Token','[]',1,'2020-02-13 21:27:39','2020-02-13 21:27:39','2021-02-13 16:27:39'),('2d86f0e631de45adee08efbb08b7ffc73d003bf5862f56235c6c4cff4449c9fc538bbec2f2884139',1,10,'Personal Access Token','[]',1,'2020-01-31 20:40:13','2020-01-31 20:40:13','2021-01-31 15:40:13'),('2e01ea0343a0447cc390211310fe384699af9df6ec00ee4d7439208d3a2d71993559531404fbe343',1,1,'Personal Access Token','[]',0,'2019-03-04 00:11:38','2019-03-04 00:11:38','2020-03-03 19:11:38'),('2f5d8d161b76de2fa8013381965a26a59388f0e77ad4b608bf7e04fbb334daaa6cca50faa1e0b19d',1,10,'Personal Access Token','[]',0,'2020-01-22 15:12:39','2020-01-22 15:12:39','2021-01-22 10:12:39'),('2ff7fa46b72cef74279e6e54868baf6299e2916ce17e375e287e00f86115022ad6b11d9f6f3b16fe',1,1,'Personal Access Token','[]',0,'2019-03-04 14:42:39','2019-03-04 14:42:39','2020-03-04 09:42:39'),('3200f1c628deec5dcb3d8bfe9f1ecda381025a0a441789999d22a2874e68feabd7a2182b6136c9b3',7,8,'Personal Access Token','[]',1,'2019-06-21 16:53:00','2019-06-21 16:53:00','2020-06-21 11:53:00'),('335783d06ae01633f6f90209a59ab6369f3f73a29db57e8b1d35c7a93437c60e99569194ecf633e3',5,1,'Personal Access Token','[]',1,'2019-03-10 16:52:51','2019-03-10 16:52:51','2020-03-10 11:52:51'),('335fc1376d4a99080f54d13805135a830c273de10477fd1ee66b0851e0d5f04c2f0c46c59d89e074',1,10,'Personal Access Token','[]',1,'2020-09-05 01:36:59','2020-09-05 01:36:59','2021-09-04 20:36:59'),('3423bbf461acdec438efdb8f8aa5184fac95b3ee9f586b05b4b94acbee19a92ed5a241ff6be11ce3',5,8,'Personal Access Token','[]',1,'2019-06-04 11:58:30','2019-06-04 11:58:30','2020-06-04 06:58:30'),('343f5fd94910e780522c52c5a6e1b97f1ffd4804376e5419625d91148d2c29468c10e3f55a7ed3f8',7,2,'Personal Access Token','[]',1,'2019-03-12 18:19:51','2019-03-12 18:19:51','2020-03-12 13:19:51'),('351900fda0f671f084bf379cf005f93a150364ef49a7a7c098d1aa86841366158b8946ae20937c50',1,10,'Personal Access Token','[]',1,'2020-01-31 22:38:27','2020-01-31 22:38:27','2021-01-31 17:38:27'),('35a307542870246a4089afe2dd95d93f0401232c38fc49f5a2e5be5df937bb270d1004938baae2d7',4,8,'Personal Access Token','[]',1,'2019-07-12 01:22:40','2019-07-12 01:22:40','2020-07-11 20:22:40'),('35a3f62dc8ccc36581d34fb4b9b770bc908ed1c60419e711b08c53dfa55423408854cc3d883f0db6',1,10,'Personal Access Token','[]',0,'2020-03-10 20:59:28','2020-03-10 20:59:28','2021-03-10 15:59:28'),('35de46f31f64c03b825adffd222f62a0f6a2df074e326b016f9689835797433d3298bb5c86624d00',1,1,'Personal Access Token','[]',0,'2019-02-28 04:50:45','2019-02-28 04:50:45','2020-02-27 23:50:45'),('364573b5bf98719417936345d20763b72e6e424272134253820d97e5578df6df0597be8e912db749',7,8,'Personal Access Token','[]',1,'2019-09-21 18:43:18','2019-09-21 18:43:18','2020-09-21 13:43:18'),('368317a96d4f8598fe199a58ad0226620eb9591b5c037616d71a9122b65404c621f3c9a23503bb52',1,10,'Personal Access Token','[]',0,'2020-01-23 00:05:56','2020-01-23 00:05:56','2021-01-22 19:05:56'),('368fa9e64b2f24bd4a5aba44fc1013f998d919b803eb987cf61c91d84514179b11f3849cc01caad2',1,1,'Personal Access Token','[]',0,'2019-02-28 16:57:22','2019-02-28 16:57:22','2020-02-28 11:57:22'),('3700e81c89c35f0fa978e66d6526814b1412b7547e671d0921801faf8bbb0316dd608587371993cc',1,10,'Personal Access Token','[]',0,'2020-02-19 16:18:59','2020-02-19 16:18:59','2021-02-19 11:18:59'),('37552e0cb3d1754a3e5989d14d30611400d6d85a9b6356b279f8bd34d015894074bd7281cd8c3680',1,1,'Personal Access Token','[]',0,'2019-03-06 16:50:10','2019-03-06 16:50:10','2020-03-06 11:50:10'),('37ef1702ed4494ee24298616b4ec7e5a08cfc51191e970a0817b8a20286d4311f00a5e87f0ff189a',1,10,'Personal Access Token','[]',1,'2020-02-03 14:48:34','2020-02-03 14:48:34','2021-02-03 09:48:34'),('381b8f69f2c5dbe234f678c509d3e2e34aff18ac9008fa7ba1636c5c83d4064dba2e176a44fcb7dc',7,8,'Personal Access Token','[]',1,'2019-07-10 02:55:47','2019-07-10 02:55:47','2020-07-09 21:55:47'),('38d8210829c96448958b2850d8c5bb1fbf4133eb1ee52f3dc38668ad2544ebd634ebf9ae23724a0e',7,4,'Personal Access Token','[]',1,'2019-03-13 14:23:34','2019-03-13 14:23:34','2020-03-13 09:23:34'),('38ec247b15534c6d8b1e08938a98a924ba74c020bd5cf6d3dddb9beb66ba392d6cc78ba6fc9d1cd8',7,8,'Personal Access Token','[]',1,'2019-06-21 16:42:24','2019-06-21 16:42:24','2020-06-21 11:42:24'),('392e09528f132abc4ae1584b8643119a88e81d85a63cc58bb0c4cb05734e5e73fc034247a6e2db50',1,10,'Personal Access Token','[]',0,'2020-01-20 14:40:30','2020-01-20 14:40:30','2021-01-20 09:40:30'),('396b75463a30dcb916ada2944d5c1282b631d265795578d2ccdb2ad5a431eb4dfb4450e2596ea989',1,10,'Personal Access Token','[]',0,'2020-01-22 16:48:59','2020-01-22 16:48:59','2021-01-22 11:48:59'),('39a00489894efcb9e3e48acd1dab3087e472899b2a130ee95fa29120bfd14dc1777355abe61d2099',7,2,'Personal Access Token','[]',1,'2019-03-12 18:21:51','2019-03-12 18:21:51','2020-03-12 13:21:51'),('3a0969498ed1788e864a2d3907053a2ea85d90632afa69873a1433fd2107726e25770b0087d30ec4',4,2,'Personal Access Token','[]',1,'2019-03-12 18:18:22','2019-03-12 18:18:22','2020-03-12 13:18:22'),('3a546c672387be06e9e33e2e69b92b3d6cad6cb7b437b9f2f1c4e609bd7a64c662f333d89093c272',1,10,'Personal Access Token','[]',0,'2020-01-31 13:51:16','2020-01-31 13:51:16','2021-01-31 08:51:16'),('3a7cc6c07b04b1d42085d49332b22ba479d9a292c29221c0e7aefb47408a3a622961ff84a7812c4d',7,8,'Personal Access Token','[]',1,'2019-04-12 14:42:55','2019-04-12 14:42:55','2020-04-12 09:42:55'),('3a9e57cfbcceaa9f724c1c31b127c28490e75e81e8c56d007aee967480c9a44683c69e344ebf7e62',1,1,'Personal Access Token','[]',0,'2019-03-01 03:19:02','2019-03-01 03:19:02','2020-02-28 22:19:02'),('3b15551f373a42882775fb784de30af11ef318f6ca4717cfb2017e13c8f29f19ecbf1d1401b151d2',5,1,'Personal Access Token','[]',1,'2019-03-08 23:00:10','2019-03-08 23:00:10','2020-03-08 18:00:10'),('3b6c0735b4a61b2ada05c9bcfb0f782e9b767b0213d0ed7fd846ad49b4a3b0eb920798cd03210c43',1,1,'Personal Access Token','[]',0,'2019-03-04 01:30:44','2019-03-04 01:30:44','2020-03-03 20:30:44'),('3b839d3474010c883ef10d99cb19441f8ba5b65b54678fa56e6e4d5054f259f29487f97b465162f3',1,4,'Personal Access Token','[]',0,'2019-03-13 16:44:00','2019-03-13 16:44:00','2020-03-13 11:44:00'),('3bb3e868e0e8a80ad09466074f64e84b10ee36d2fc960aa033ca9164647cb4238539062d22e6e2fc',4,8,'Personal Access Token','[]',1,'2019-07-10 18:50:59','2019-07-10 18:50:59','2020-07-10 13:50:59'),('3bb8ac84c16e850dd5d1e0060ac4ff8092db552debcc95520c01f366b9e461ab3dfdd199e313cfaf',1,10,'Personal Access Token','[]',0,'2020-11-17 22:52:07','2020-11-17 22:52:07','2021-11-17 17:52:07'),('3c294264aadf636bcdb327fa8107d4a42d826e2dfcf7f1acd6e508c83d897f6963d6adb505b8dc59',1,10,'Personal Access Token','[]',0,'2020-09-26 12:38:52','2020-09-26 12:38:52','2021-09-26 07:38:52'),('3d031c1ba7413693f54dd4bf83d4eccf3ad8f3772dd5149eeba3e1f4a481f5f909d91414d46abb43',1,10,'Personal Access Token','[]',1,'2020-02-07 16:11:01','2020-02-07 16:11:01','2021-02-07 11:11:01'),('3d4ab838fa4ff5f334ee31f2cbc13263be4cc812771e4c6d36819084576a18c46e96002e19c7e174',5,1,'Personal Access Token','[]',1,'2019-03-05 20:08:39','2019-03-05 20:08:39','2020-03-05 15:08:39'),('3d79a732f4438a7fb66ec1e0de27021dd2ddefc106c331553277f0a135ba46e60d523d0e4effa3df',4,8,'Personal Access Token','[]',0,'2019-03-23 15:38:36','2019-03-23 15:38:36','2020-03-23 10:38:36'),('3da7d40386d8feda5e67e152ff7e00ccd6cb992f50b28cb11978ab6a21d5061b6805f064c480524f',5,1,'Personal Access Token','[]',1,'2019-03-08 14:04:25','2019-03-08 14:04:25','2020-03-08 09:04:25'),('3e35b52e3228bf780eaabfdb47a846348c8235b61b00e2dac29fefe5298c24e4b64c0ff1b5406bcb',1,1,'Personal Access Token','[]',0,'2019-03-01 04:16:14','2019-03-01 04:16:14','2020-02-28 23:16:14'),('3e37ecb58f7c18a6cae23f1fa8b6c8b8786f05c62f739a97acabbb1c032e4f2d9fb83ab1a8274782',1,1,'Personal Access Token','[]',0,'2019-03-04 01:24:22','2019-03-04 01:24:22','2020-03-03 20:24:22'),('3e99dc35e264cb4776680a088491009e9a6861fd4a2c81bb8613caf56005b7bf490df10f6f04e917',5,4,'Personal Access Token','[]',1,'2019-03-20 23:16:31','2019-03-20 23:16:31','2020-03-20 18:16:31'),('3ebd172a7ba434534fba205f1e3b89b0e858843fe86f60a3266fde6a0ec1737170c76a0b032f7a7b',1,1,'Personal Access Token','[]',0,'2019-03-01 04:21:27','2019-03-01 04:21:27','2020-02-28 23:21:27'),('3ed6d08864cc4414f633774cb516a0a92c720cd1e7287935f6c1866d1e3ac54dc49e36ed0974039e',1,10,'Personal Access Token','[]',0,'2020-06-14 15:57:43','2020-06-14 15:57:43','2021-06-14 10:57:43'),('3ef956fd7ee8a29677415bdd1dbf151437af18f3abbf028b04fee0946e43671da63254499013dc15',1,10,'Personal Access Token','[]',1,'2020-01-31 01:03:36','2020-01-31 01:03:36','2021-01-30 20:03:36'),('3f29729c2c7f731acdbcfd5bee73f47fafe45b57c91755c53e826645915226f467377eca644f347d',8,8,'Personal Access Token','[]',1,'2019-04-11 00:22:10','2019-04-11 00:22:10','2020-04-10 19:22:10'),('3fba862c9747f36ce115e3ae90488880cb2ecdcbf52d4ce49bfe7ed277ffc26bb85ea0c270677ea9',7,8,'Personal Access Token','[]',1,'2019-07-10 18:51:26','2019-07-10 18:51:26','2020-07-10 13:51:26'),('3fe684d5ccfc821c8a999f539f64a98c34235cb50b00f832f1920fb073bc0e06a79a808e87a0ca8c',5,1,'Personal Access Token','[]',1,'2019-03-06 14:43:58','2019-03-06 14:43:58','2020-03-06 09:43:58'),('3feeb0c84d827a4efdbbeae83b8f919625d5f59df756da2b769709e297ff8192a001f930ffa291f9',5,8,'Personal Access Token','[]',1,'2019-04-27 14:17:16','2019-04-27 14:17:16','2020-04-27 09:17:16'),('4001c1e3f4523e088caacc99986f40657cf619bc2b31b10cd3d76160707f989ce90136702a9ea2bb',7,8,'Personal Access Token','[]',1,'2019-08-23 19:02:02','2019-08-23 19:02:02','2020-08-23 14:02:02'),('406642dca8f4db34a5a81bb474349c22a38908257bd539deb843e622bc6b8082044e2a987ac66b2f',1,10,'Personal Access Token','[]',0,'2020-02-06 15:25:55','2020-02-06 15:25:55','2021-02-06 10:25:55'),('408f98e17676f75d506372279074c7a48856bc9a8cf79d2162865756bb282da4ff9b221a3987190e',4,8,'Personal Access Token','[]',1,'2019-07-10 20:48:04','2019-07-10 20:48:04','2020-07-10 15:48:04'),('4098a88591d30aad4af5fa161b88ec32589b9c4d347062fd993a27085d988fb3026f7956efc9f1e5',1,10,'Personal Access Token','[]',0,'2020-10-04 12:52:58','2020-10-04 12:52:58','2021-10-04 07:52:58'),('40b7600a6b4655b7eb0674c1b223c6f627b933c4f1f2c0f9ee0688e287e4aa0b8d2c7842bf6d94ab',7,4,'Personal Access Token','[]',1,'2019-03-13 14:30:05','2019-03-13 14:30:05','2020-03-13 09:30:05'),('4136d9e4174ca52427eac97450bb5aab3309beb6873a864ba8c5f46ed9ec545caa26e4d528f89fb7',1,1,'Personal Access Token','[]',0,'2019-03-04 01:15:09','2019-03-04 01:15:09','2020-03-03 20:15:09'),('422ceafe1a84564462c711c7ac1ef0e082654aa476be1fb88f1a89ee12d3808b8fec1f98f22b08c2',1,10,'Personal Access Token','[]',0,'2020-09-06 20:29:02','2020-09-06 20:29:02','2021-09-06 15:29:02'),('4235adafeb367f8bb61f53994c91f5fede864850b6913151cb32b82b175234126bcbb92cd6be1a54',7,8,'Personal Access Token','[]',1,'2019-05-31 22:36:41','2019-05-31 22:36:41','2020-05-31 17:36:41'),('42806e2e58c58c79717e72b6f45d05b6057e541ca04992fc737d09e435b80663b25eb93872155d8b',1,10,'Personal Access Token','[]',1,'2020-02-25 11:33:16','2020-02-25 11:33:16','2021-02-25 06:33:16'),('430a6261a5e8ec18faab7804c81973e74b1b17a8b0cbfb2dbc8727434764fec56416901880f0fc5d',1,1,'Personal Access Token','[]',0,'2019-03-04 00:49:04','2019-03-04 00:49:04','2020-03-03 19:49:04'),('4373834c41198c10bae6d829f7aaf91c4d0df721e8cf6714d2a8632d5450f2214b4385a1ba9f7ee1',1,1,'Personal Access Token','[]',0,'2019-03-01 04:40:42','2019-03-01 04:40:42','2020-02-28 23:40:42'),('442851e71468a838d8c35272bb064c9236cb0db8c2accb7b29c14737651bffe306655ea5108e43f2',7,4,'Personal Access Token','[]',1,'2019-03-21 15:32:29','2019-03-21 15:32:29','2020-03-21 10:32:29'),('4430d3680a8ad3a7edfe26a0f5781b5bdfd8b0b35671d475e298335813bdcddc1e1dc1af688acd29',5,1,'Personal Access Token','[]',1,'2019-03-05 13:53:16','2019-03-05 13:53:16','2020-03-05 08:53:16'),('44e60cad0aa069dbff2754038ce3f3caabe462cb2c9abeb16e02367f4cc324d8ef755496e9cf7c41',7,8,'Personal Access Token','[]',1,'2019-04-12 14:42:44','2019-04-12 14:42:44','2020-04-12 09:42:44'),('4530329de30831e37afb4493230c4bcf8afb9e1624f7d7af5951cc9b8e111b2ca3c414c810657c93',1,1,'Personal Access Token','[]',0,'2019-03-04 14:06:47','2019-03-04 14:06:47','2020-03-04 09:06:47'),('4540eb89b5749a73d1e484e0fccf2fdcf6bd0d800a1f12f7441bc3c9e499a330c629ef49d7a61266',7,8,'Personal Access Token','[]',1,'2019-06-04 13:40:45','2019-06-04 13:40:45','2020-06-04 08:40:45'),('45ef6f970651149a1b0b754dd440cf43e6f576c626e57b6be34b85b59151462eee01127bc4aac9b6',1,1,'Personal Access Token','[]',0,'2019-02-28 15:43:20','2019-02-28 15:43:20','2020-02-28 10:43:20'),('475e2f03cf002ff5e60ca6f41db0f09b27931ad27800181999cb9181685fcf560ec1de04d0d73a76',1,1,'Personal Access Token','[]',0,'2019-03-01 04:17:35','2019-03-01 04:17:35','2020-02-28 23:17:35'),('478fd530054318e493957f82086d4db3bf26029cc1322a96db59ca541cdf06955412c58f04c5c7c9',1,8,'Personal Access Token','[]',1,'2019-11-12 18:30:23','2019-11-12 18:30:23','2020-11-12 13:30:23'),('47c4cd7d7297d1066c9fdd32da86d8f4e6ad0df2e03b94b0799c238fa08057d6259d0b7ed3046bb4',1,10,'Personal Access Token','[]',0,'2020-03-06 18:02:28','2020-03-06 18:02:28','2021-03-06 13:02:28'),('480989677b3ac1d1a08b185d8879e94e2ef69390b04d359c398c7a1e6976ceb1f4bc200495ec0101',7,8,'Personal Access Token','[]',1,'2019-04-12 14:42:53','2019-04-12 14:42:53','2020-04-12 09:42:53'),('481bb88c5ad2fd99053c2aa1f539d0bcdde54d28667d15138d69594a4976dc36e1efd1a477b598de',1,1,'Personal Access Token','[]',0,'2019-03-05 23:29:52','2019-03-05 23:29:52','2020-03-05 18:29:52'),('48563b04b45e055a05c9d3f623a481b76ea543f8167732f7ebfaa926bf2815413ef4aaf6c3cfcc18',1,10,'Personal Access Token','[]',1,'2020-02-13 16:05:19','2020-02-13 16:05:19','2021-02-13 11:05:19'),('485919108cbfebad8e0d55a3ec63145dc35e0e32d1fbc34dda9023bda9a1dc2460c1396526fd052e',7,8,'Personal Access Token','[]',1,'2019-06-19 19:46:17','2019-06-19 19:46:17','2020-06-19 14:46:17'),('494f2cda1d4bff2f0e1f43605e492629d93a898927a1c0338d4245c9307752be92f5697ece2258d8',7,8,'Personal Access Token','[]',1,'2019-09-21 18:43:17','2019-09-21 18:43:17','2020-09-21 13:43:17'),('49ee3adf973682f182ee9532991c3bbb359d2adf9a22584ea79fd9b2e6def15005cfd63d94a436a8',1,10,'Personal Access Token','[]',0,'2020-02-13 16:58:23','2020-02-13 16:58:23','2021-02-13 11:58:23'),('4a2096dfdd10c558cf07b30895276ce884afdfac6a91cd93507d462a53f2afdf46e1681a74c99b33',1,1,'Personal Access Token','[]',0,'2019-03-06 16:53:51','2019-03-06 16:53:51','2020-03-06 11:53:51'),('4a62e4ef25e8bac011e10b99d242abada8942aa02cd1fb17fc044f378d7ff592e9638cd344731314',7,8,'Personal Access Token','[]',1,'2019-06-28 19:34:38','2019-06-28 19:34:38','2020-06-28 14:34:38'),('4aa501846140492eb8c5d0ae0cfdeb98fc96b6196d93a2fc3606365a9834652d423600c0e7099b1f',7,8,'Personal Access Token','[]',1,'2019-06-28 22:06:13','2019-06-28 22:06:13','2020-06-28 17:06:13'),('4b0c19f0df8f11f697ebd97d94d9885935359bbe5b54cb540b66e76d6deb689b3d4bc1dfa7ca6ec1',1,1,'Personal Access Token','[]',0,'2019-03-04 00:46:22','2019-03-04 00:46:22','2020-03-03 19:46:22'),('4b9835d53cb1a7a39dbdbfe0d610b231f321e16d42810f35efcb5bdf759ce68a7630d538fd4f4577',1,1,'Personal Access Token','[]',0,'2019-03-05 23:23:30','2019-03-05 23:23:30','2020-03-05 18:23:30'),('4c944dd979403a7314fac722ca77df79f647254f5d55bebad01ec6e6422acf1b8308e07b631b7ae4',5,1,'Personal Access Token','[]',1,'2019-03-05 00:13:40','2019-03-05 00:13:40','2020-03-04 19:13:40'),('4cd75f44e74e732ebdbe80d5cb9faab57288a3a1909535852e781c36fe712acd70df66d18d4dc3c2',1,8,'Personal Access Token','[]',0,'2019-08-29 20:54:10','2019-08-29 20:54:10','2020-08-29 15:54:10'),('4d19539e15ecfd0b8dc5388149558690311ea6c064d82f97dcd730b3010c57443a49c3968be2ae89',5,2,'Personal Access Token','[]',1,'2019-03-12 15:22:15','2019-03-12 15:22:15','2020-03-12 10:22:15'),('4d468e73f19aa8316179d7045551046f1340f2fe4842b3da854c88b9bc8203e67b9e741b7e5890b1',1,1,'Personal Access Token','[]',0,'2019-03-04 01:23:01','2019-03-04 01:23:01','2020-03-03 20:23:01'),('4d887cfa63e309d87d101421eb85e597bc28711d769d374af833ac265db7bb2a353bb67dbd70b213',8,8,'Personal Access Token','[]',1,'2019-04-11 00:24:16','2019-04-11 00:24:16','2020-04-10 19:24:16'),('4e5a0e4c4bf27fd6e307d5255fbdf22a214ba0eba2615e4a8744b71aa0552f0b3d67a8267cdd6ef2',1,10,'Personal Access Token','[]',0,'2020-01-30 14:39:10','2020-01-30 14:39:10','2021-01-30 09:39:10'),('4f16bc7f9b0d0e097af907fa59a2e3205ffbfbf712bc6891279254ad43f651ab53e78f06b01eb3d3',1,1,'Personal Access Token','[]',0,'2019-02-28 15:36:41','2019-02-28 15:36:41','2020-02-28 10:36:41'),('4f1adc338d5ca75fa94be4c9312d8357301dbdf67160588cba1eabc3a79a31c2450a2ac0eeee9188',1,1,'Personal Access Token','[]',0,'2019-03-01 02:59:33','2019-03-01 02:59:33','2020-02-28 21:59:33'),('4fb4dff33d54401476d1ad3d9232c78c736f818a85318561301ee0760a2dc1040ee583073eba2e3c',1,1,'Personal Access Token','[]',0,'2019-02-28 04:03:06','2019-02-28 04:03:06','2020-02-27 23:03:06'),('4fecc1263fbfe3d677cb2d99d1fed82096d1cd6bf74dfb1db874fc02822d05ac93f347df193f96b1',1,10,'Personal Access Token','[]',1,'2020-01-30 20:38:29','2020-01-30 20:38:29','2021-01-30 15:38:29'),('5019858478a08073c3c23e9d3bc1e58eb50459f3f1dabbd244d231a09a882a290c0143e906c787d3',1,10,'Personal Access Token','[]',0,'2020-07-05 16:27:24','2020-07-05 16:27:24','2021-07-05 11:27:24'),('50a374b432dd245cd685f0f267e46999a5ed3ec545a60a9b4ad181e4d4623fe9ab894953119916d6',1,10,'Personal Access Token','[]',1,'2020-02-14 15:17:31','2020-02-14 15:17:31','2021-02-14 10:17:31'),('513b4b5669383cd352ed91844c662a8c168e8f42a82d3941bfb28c5fee82f73b69c719a2f6aa4c3e',5,8,'Personal Access Token','[]',1,'2019-04-05 18:55:03','2019-04-05 18:55:03','2020-04-05 13:55:03'),('516e4d13d96053171fd78547300d11710439e09be52aab6f8a417e96e86f429bd8d3badec571552e',1,10,'Personal Access Token','[]',0,'2020-01-21 23:59:53','2020-01-21 23:59:53','2021-01-21 18:59:53'),('51f62613dc01d222a4454904cd4a70b743f27e3ae328e17c95bc291c85a8ec1581f02844c563a685',7,8,'Personal Access Token','[]',1,'2019-04-12 14:42:44','2019-04-12 14:42:44','2020-04-12 09:42:44'),('52f13456807a858cd4fa931b6df20d18ee2085376a85d7bf3880cfaf2ae6ccb781f33d015e90e1ec',7,8,'Personal Access Token','[]',1,'2019-04-12 14:42:52','2019-04-12 14:42:52','2020-04-12 09:42:52'),('52f35c990e675ae266ba09ea26c205fa26f7e3492e22a2371ae74f324ee5242a9c26bcb8b55a29cb',4,4,'Personal Access Token','[]',1,'2019-03-15 00:12:54','2019-03-15 00:12:54','2020-03-14 19:12:54'),('53d6d2dec64271c656de9982d141398427a6ca4236f0af21303d8386e988072ad30322f1bb9694ba',1,10,'Personal Access Token','[]',1,'2020-01-31 00:57:51','2020-01-31 00:57:51','2021-01-30 19:57:51'),('53db7032269287033cb8216d4235563f3d8bb50f6d58146d4e70c46292d3db4f1c817a3a4bf5432e',1,1,'Personal Access Token','[]',0,'2019-02-28 15:38:12','2019-02-28 15:38:12','2020-02-28 10:38:12'),('546ba7deada6b162a2f9e3992277c679f61dab25b64885d9393588a60dc07b4d70eeb0a7c8f3475a',1,8,'Personal Access Token','[]',1,'2019-11-18 00:17:43','2019-11-18 00:17:43','2020-11-17 19:17:43'),('54fd250f25fdd7f92327104b8b0ca9783acc875438f475cdfc3f4baf0b027de976ef2bbb0ff6432c',1,1,'Personal Access Token','[]',1,'2019-02-28 03:40:18','2019-02-28 03:40:18','2020-02-27 22:40:18'),('551f2ca55d11d843dbc3c1fe61c758a3232e6fe1b6d58dd017d7e4d856487ac1eead46c67bd3c3d1',1,10,'Personal Access Token','[]',0,'2020-01-23 18:24:04','2020-01-23 18:24:04','2021-01-23 13:24:04'),('55b9533c7a0a77b200e08286f9c579e633a8fd453d5ad61091f07ddea63a0dc45070277cc54a953c',1,1,'Personal Access Token','[]',0,'2019-03-11 13:41:05','2019-03-11 13:41:05','2020-03-11 08:41:05'),('5678aa2710a04bee5755f664eef1e79c6e93d8e1eca30c4a8977469ac2db2baa2f148f5327f3ff36',1,10,'Personal Access Token','[]',0,'2020-02-07 20:52:48','2020-02-07 20:52:48','2021-02-07 15:52:48'),('56adb623f6d203ef09f9e98ffdceda4d0cc1390603e9d7096e275bfe058736b2d0ef83f12c433b56',1,10,'Personal Access Token','[]',1,'2020-09-19 17:24:32','2020-09-19 17:24:32','2021-09-19 12:24:32'),('56b32c72c7e89577d96435db29dc8e82f2ad04ec4bbe2c57a1e64c1994397becb3dbd70532780822',7,8,'Personal Access Token','[]',1,'2019-05-31 23:19:20','2019-05-31 23:19:20','2020-05-31 18:19:20'),('56c9a5cf84d31b3219df17da6a2fa863ece32dee55da977ce15fb690a1e393b4af896c61627e4591',1,10,'Personal Access Token','[]',1,'2020-09-19 16:44:37','2020-09-19 16:44:37','2021-09-19 11:44:37'),('56ee31e2c1c88c576ea40b55990cbcadd3608dd877eb817baad8d68fdd61e779a1c0d8bdd2554111',1,10,'Personal Access Token','[]',0,'2020-02-03 13:21:45','2020-02-03 13:21:45','2021-02-03 08:21:45'),('5767e95cb9f13ede7a4767dbae899751f8abbd3b6a835c44d845c65c8852fa95b57975940ced6b40',1,10,'Personal Access Token','[]',0,'2020-02-03 16:27:41','2020-02-03 16:27:41','2021-02-03 11:27:41'),('57c9d7f9554e173c4320378922bd6bce9bbd6b8276f2c6e6c8f4b7ed14466e02dad3072a1e9dccf2',1,1,'Personal Access Token','[]',0,'2019-02-28 13:54:03','2019-02-28 13:54:03','2020-02-28 08:54:03'),('58587b09046f658dff63784448d6f61b6312cd745fdd68fdfc7f3d2e6c19afd06e18c3fed6f2d3cb',1,10,'Personal Access Token','[]',0,'2020-01-19 22:38:15','2020-01-19 22:38:15','2021-01-19 17:38:15'),('58c7b91a2a5f720d2f3eb71321aa2023e0e17ddb789c69de4898ff06a57ab449159a9602f626dd85',7,4,'Personal Access Token','[]',1,'2019-03-13 14:30:08','2019-03-13 14:30:08','2020-03-13 09:30:08'),('59484157f32a1964e2e98239f245d57d7fe301eecac65c56d6855f13ad26994af707bf2a243e5076',1,10,'Personal Access Token','[]',0,'2020-01-21 18:02:09','2020-01-21 18:02:09','2021-01-21 13:02:09'),('595a89f5eef3aec83286f409ca76585ec9e8a2ce95e3b7461737c2a0c3f391d369b5f76c3ec140bb',1,10,'Personal Access Token','[]',0,'2020-02-07 19:06:02','2020-02-07 19:06:02','2021-02-07 14:06:02'),('5a15659af51a98a390a99d31a324b6345d92f12686fc4aef621a435cb249b11a904061abb36a900c',1,10,'Personal Access Token','[]',0,'2020-01-19 21:31:48','2020-01-19 21:31:48','2021-01-19 16:31:48'),('5a8840c44e52351ab31799129b8a10fd0191feae283a99003989a2008f0372013d6cf6a28c70245f',7,8,'Personal Access Token','[]',1,'2019-08-06 17:56:13','2019-08-06 17:56:13','2020-08-06 12:56:13'),('5b3850eab426d886658ab391650a3570b3a6815c54bba2160b2a09d80ddbd5de79903a0533717a10',1,10,'Personal Access Token','[]',0,'2020-09-06 20:42:46','2020-09-06 20:42:46','2021-09-06 15:42:46'),('5bc4be4f52637e55335ce9211971f59d48c11f77d1d820df7c0f4f3af952033b8c5d1612537577f2',7,2,'Personal Access Token','[]',1,'2019-03-13 01:48:38','2019-03-13 01:48:38','2020-03-12 20:48:38'),('5c017642ab3641145b79a6ccafe8372d37675c6ab372f76433696a67ef834a50b863877f2c002136',8,8,'Personal Access Token','[]',1,'2019-04-11 00:21:48','2019-04-11 00:21:48','2020-04-10 19:21:48'),('5c063fe839fa4def874857b1b6c859b3364393b6eb0b63d20fd7e4d64a6b3bb3f864069ad40d6df0',7,8,'Personal Access Token','[]',1,'2019-07-15 00:02:39','2019-07-15 00:02:39','2020-07-14 19:02:39'),('5d0a2872f458c70eaa83b868a87406fe73f82fb9685cd80e674d301f25c4eae629f3cd147be1add4',1,10,'Personal Access Token','[]',0,'2020-02-13 16:49:53','2020-02-13 16:49:53','2021-02-13 11:49:53'),('5d4c3fe19adb9a45a9829f5595c30af0bf565885260c019db917fc99289c6f21ec951477fb0cded0',5,1,'Personal Access Token','[]',1,'2019-03-05 23:26:27','2019-03-05 23:26:27','2020-03-05 18:26:27'),('5d90751f6e58f6540e4c17f56fe342e3c41ca6a8a49f09bcfd44a56ebc5c161a14023bc9635abaa8',1,10,'Personal Access Token','[]',1,'2020-01-31 00:51:10','2020-01-31 00:51:10','2021-01-30 19:51:10'),('5dd975bf7df1de22cb939b16a96aac410da3a94e855cc111ea05ff44cd4454dc24121c766a08422a',1,1,'Personal Access Token','[]',0,'2019-02-28 04:03:05','2019-02-28 04:03:05','2020-02-27 23:03:05'),('5e21f07b69e1cd86da27e157c72e7adb04a7e37183b9cf342f72795da4f34ceca9034ddde36cccb5',1,10,'Personal Access Token','[]',1,'2021-01-13 02:09:55','2021-01-13 02:09:55','2022-01-12 21:09:55'),('5e25319946b48d898e3597842063588ae53efff7cf3641000341e735a24e695f4974a0fcffdf3de8',1,10,'Personal Access Token','[]',0,'2020-03-06 22:24:07','2020-03-06 22:24:07','2021-03-06 17:24:07'),('5e7ede66e9cbf5bad23fc9957107ef8d345bbb1f7e593e0c3ca5c2d6e57a3a53cf4650acce76d801',1,10,'Personal Access Token','[]',1,'2020-01-30 20:30:23','2020-01-30 20:30:23','2021-01-30 15:30:23'),('5ea663f68b0f5ef5d6745a92b0f12f18c9de79ec057062e008d528d5e2b9a15b33a504e41461d8ca',1,10,'Personal Access Token','[]',0,'2020-02-21 20:37:39','2020-02-21 20:37:39','2021-02-21 15:37:39'),('5ed4e94f30ca5af020443ec5fc4d08f18fd1c24fc078ce6e5521480f9e2544e1673d8bdce1afd6c1',1,10,'Personal Access Token','[]',0,'2020-02-14 15:33:14','2020-02-14 15:33:14','2021-02-14 10:33:14'),('5f1af3cf265bccdc35a22637c801013982174ac0d0d28f19063cc5a968c2aab6c5a3cac0885db9a7',1,10,'Personal Access Token','[]',0,'2021-01-13 07:09:46','2021-01-13 07:09:46','2022-01-13 02:09:46'),('5f3a40d011865d05f13dfb064f7597179f5c8838f9d8c2b9d83fb305687ea5c1a3393b1e2c351f9f',8,8,'Personal Access Token','[]',1,'2019-04-11 00:21:45','2019-04-11 00:21:45','2020-04-10 19:21:45'),('5fba8574ccc9d37795291786bb379b7228807d344dabcd7320a050157e723ea391fadfc0bb5f5bdc',4,8,'Personal Access Token','[]',1,'2019-03-23 02:50:58','2019-03-23 02:50:58','2020-03-22 21:50:58'),('604c95845cfd16fb414585db6b50f1eb60d4873a74011949c51310c3b8e499e5c219a3feea58d560',7,8,'Personal Access Token','[]',1,'2019-06-27 22:46:16','2019-06-27 22:46:16','2020-06-27 17:46:16'),('60e42e7f7906243dcc68aae014768359b4e9daba74ae95dcccbc6d494c889a83ff963fbb107a700c',1,1,'Personal Access Token','[]',0,'2019-03-06 16:15:20','2019-03-06 16:15:20','2020-03-06 11:15:20'),('60f92fb64175994665cd9d338ec8f06b2f65b280165cb3b4e72e41c4046c3c7b842988251e65b837',1,1,'Personal Access Token','[]',0,'2019-03-06 00:02:14','2019-03-06 00:02:14','2020-03-05 19:02:14'),('61baec73672db70e5509a94afea9c82b3a5082260526e0001875f4958cf68614def2463517991503',4,8,'Personal Access Token','[]',1,'2019-07-08 17:30:22','2019-07-08 17:30:22','2020-07-08 12:30:22'),('62737c8eece078763201e2f8638034d20e1e1e4965d4f659b7421467d63ac52eb900bf14f83a62af',1,1,'Personal Access Token','[]',0,'2019-02-28 14:50:35','2019-02-28 14:50:35','2020-02-28 09:50:35'),('62a5fd4a9283998b2607330afef46f68fb80a645c32ceaa7aa9da3cbe5bed4f59d47986ba1e00daa',1,1,'Personal Access Token','[]',1,'2019-03-04 18:18:24','2019-03-04 18:18:24','2020-03-04 13:18:24'),('62c1bf7c925e81489e67121651628db5c7a870eaee0e52cb7802ce7bd7a01f37e9f2dc8fa5c3cea5',7,8,'Personal Access Token','[]',1,'2019-06-19 15:02:29','2019-06-19 15:02:29','2020-06-19 10:02:29'),('62e416508064bec25b81ca0468e52ad104837d23d89e4ad8fc8be5dbc87db79711e5ca72d24dd675',4,8,'Personal Access Token','[]',1,'2019-08-30 03:01:25','2019-08-30 03:01:25','2020-08-29 22:01:25'),('62f12bdb0611a5a07e8b75e020228a6516ed4a14596165389d2713f096c0a472fb144bc45cf534d6',1,1,'Personal Access Token','[]',0,'2019-03-05 23:13:52','2019-03-05 23:13:52','2020-03-05 18:13:52'),('635cad9f8037a77e3d60d845a4f723b3f38e5906e5985a198b539a6bda9c45d5813c9885850a7da7',7,8,'Personal Access Token','[]',1,'2019-09-20 18:46:01','2019-09-20 18:46:01','2020-09-20 13:46:01'),('64c8dce7abcc4f415757c3f1d4f8be3aaeba99d303c3e76fa4acf07d4fd4e63feb843f2ec766072f',2,8,'Personal Access Token','[]',0,'2019-08-06 18:33:30','2019-08-06 18:33:30','2020-08-06 13:33:30'),('650aa7a38b80bf74556b0ddf8238a09442cfa8d91c3bf6e1c41ecaad5e48c64a95f6e85aaf4b9bd6',4,8,'Personal Access Token','[]',0,'2019-06-02 21:21:09','2019-06-02 21:21:09','2020-06-02 16:21:09'),('65d2415c8bbb28d22f03a833c9d23d063697eb70a3b33b5fb110ac8afa74112468a7888d540fbcf9',1,10,'Personal Access Token','[]',0,'2021-01-13 17:47:15','2021-01-13 17:47:15','2022-01-13 12:47:15'),('66216356ed1a82694703f67bd4a107eb2bb23bcbba02a91b81c5aff8087328fed5d0ef05a2258a72',1,10,'Personal Access Token','[]',0,'2020-02-07 16:01:18','2020-02-07 16:01:18','2021-02-07 11:01:18'),('66e840c03fc1dadee6b2cbfc19006da0d616ebf0dcc69e361b3c100385ff3649350c2597b1f1c8b7',7,8,'Personal Access Token','[]',1,'2019-04-09 22:57:59','2019-04-09 22:57:59','2020-04-09 17:57:59'),('67957c509cd1a1268d67e516c52639236e73b8312cc41fa2554e7ef1651b76447a9c8e46ad98fa07',1,10,'Personal Access Token','[]',1,'2020-10-14 02:25:41','2020-10-14 02:25:41','2021-10-13 21:25:41'),('67f2681f8f1b2741ba52b424cf58c834aeed104f174fdf6ae1b79b4dbca90ca6bf7eb2bcbda07728',1,10,'Personal Access Token','[]',0,'2020-02-21 19:29:00','2020-02-21 19:29:00','2021-02-21 14:29:00'),('6851fc2f0e92dfb7119594e2abd3b9720756bd27156d8a640e48a0857548099dbeca51eb287792ef',1,10,'Personal Access Token','[]',0,'2020-01-20 15:00:59','2020-01-20 15:00:59','2021-01-20 10:00:59'),('686b3e7ac9c471596e55b4eeab739bee6c0839984711e42a07554dcc1122e1ecec7575077cba989c',5,1,'Personal Access Token','[]',1,'2019-03-04 13:08:55','2019-03-04 13:08:55','2020-03-04 08:08:55'),('68f232b095712511486a3701b4178e194c1a367432d902cb5f8e0a927425978061cef20ae90233a4',5,1,'Personal Access Token','[]',1,'2019-03-09 23:46:31','2019-03-09 23:46:31','2020-03-09 18:46:31'),('6aedc4af2f34162af535f8d72985f60dd5d2327d23d826b4485603b6e8be524335aa5ebd9e610000',1,10,'Personal Access Token','[]',0,'2020-01-29 19:15:10','2020-01-29 19:15:10','2021-01-29 14:15:10'),('6b412a1ba1648c9a8f83236dca9e7f6e4bdd721882eeb70edc946875ec1a1717dab69ce19f4e0945',1,1,'Personal Access Token','[]',0,'2019-02-28 16:52:38','2019-02-28 16:52:38','2020-02-28 11:52:38'),('6b4b1f09fc13b18ded540cb920e27a8ea4e8796b430aa5696c4c89c9752a871c7f43d3fff2406a82',1,10,'Personal Access Token','[]',0,'2020-02-03 14:17:05','2020-02-03 14:17:05','2021-02-03 09:17:05'),('6b6e0f138f2e72466ccea937163d247c16bd0c7b82d93ae706a5857dc82f78a6574eedb15327fa41',5,8,'Personal Access Token','[]',1,'2019-04-05 18:55:01','2019-04-05 18:55:01','2020-04-05 13:55:01'),('6bc521b88d352bad788e37f317957774551f77d982526b1ba2211f89871a408cebe7d90182476d56',7,8,'Personal Access Token','[]',1,'2019-04-12 14:42:44','2019-04-12 14:42:44','2020-04-12 09:42:44'),('6c1dbe4fb9a51a09442454f8c85b75208bdeae27792bd6e114b205dad97bcd2f530253754aa90005',1,10,'Personal Access Token','[]',1,'2020-01-31 01:01:04','2020-01-31 01:01:04','2021-01-30 20:01:04'),('6d5e64cd1d79fee1d30b21ecb3b6adc45a163a62257f8f3998041dd709ab4273e5dbc416300a2aad',7,8,'Personal Access Token','[]',1,'2019-04-26 20:19:48','2019-04-26 20:19:48','2020-04-26 15:19:48'),('6da28cdabf490afae06d399c60bb6cd5408788b3a2fc753a50370fadf0a205a42d34ebf3330520a7',1,10,'Personal Access Token','[]',0,'2020-10-11 21:57:10','2020-10-11 21:57:10','2021-10-11 16:57:10'),('6e52d305acd9697c8993913b27756d681afc521b289eb60274fa192f49f73fdb90e1888c211c0560',1,10,'Personal Access Token','[]',0,'2020-02-13 21:27:13','2020-02-13 21:27:13','2021-02-13 16:27:13'),('6e74f188c4005b2233646d70f06bbd9d78276e3eda54bb5470487236e30419f5015d0f25505c5d77',5,1,'Personal Access Token','[]',1,'2019-03-08 23:03:02','2019-03-08 23:03:02','2020-03-08 18:03:02'),('6f2f1e370de03536a669b7856363b1dc858e2fbda3cbcfaf6c2d240e24d9c1414e5526e3561110a0',1,1,'Personal Access Token','[]',1,'2019-03-06 17:05:01','2019-03-06 17:05:01','2020-03-06 12:05:01'),('70db0473f9639043a0c27ddb2770cdc4214f9bd77814412c6ff3d88e237237907423d9c2f97eadb3',7,8,'Personal Access Token','[]',1,'2019-04-12 14:42:54','2019-04-12 14:42:54','2020-04-12 09:42:54'),('718b71ef9688d7ce3875846eb41c3f12a60696b8074d3b44bd0a19e194ba7e89ee8b83e92c334452',1,10,'Personal Access Token','[]',1,'2020-02-03 14:46:13','2020-02-03 14:46:13','2021-02-03 09:46:13'),('7200a2e8b2f0fa4b238681c93a155ff60e9ee0b0b2fb2da062a9406d514442449d3dd599c316c812',5,1,'Personal Access Token','[]',1,'2019-03-09 23:10:59','2019-03-09 23:10:59','2020-03-09 18:10:59'),('7358933279f66e980a46020d7f5dcff56901ab6767c556ec0f40e8da2eeaac72b4556abea51e9177',1,1,'Personal Access Token','[]',0,'2019-02-28 13:51:53','2019-02-28 13:51:53','2020-02-28 08:51:53'),('738298263671803d42ef65d48ff7e0e7b4c16a3bfc446b49b95dbc8b975b438b9ebf6448f209c822',1,10,'Personal Access Token','[]',0,'2020-09-07 16:11:12','2020-09-07 16:11:12','2021-09-07 11:11:12'),('73c84b3448ed9524f2571575196fde038917c4218ba385bd6b7f3403b611c42e6387530965b14835',1,1,'Personal Access Token','[]',0,'2019-03-06 00:03:04','2019-03-06 00:03:04','2020-03-05 19:03:04'),('743af966213811893983dd60710d2295cc517eab2be91a5d64e58e184cff91f030880cb1ff880720',1,10,'Personal Access Token','[]',0,'2020-11-24 16:48:40','2020-11-24 16:48:40','2021-11-24 11:48:40'),('74b09f5dafa20258abb3c679f25644bf9d518ee3f0b6c9d6d767e490d5e0919a59ac46e2b3a4672a',1,1,'Personal Access Token','[]',0,'2019-03-05 23:29:58','2019-03-05 23:29:58','2020-03-05 18:29:58'),('75cdddffc8a1a2183af07fe55888d22bfd447f66a5c057daac5d7a0353bb0afe02a8739d8085f48f',1,1,'Personal Access Token','[]',0,'2019-02-28 15:42:00','2019-02-28 15:42:00','2020-02-28 10:42:00'),('7648e404f87091f1747beaf7d6c3cf84e99f04c8b56b4853e114e2089d2a2bae8560458edecb77a3',1,10,'Personal Access Token','[]',1,'2020-01-29 18:55:52','2020-01-29 18:55:52','2021-01-29 13:55:52'),('7681d78e2caf6bf7c771e9904c5c36d2bf59870f4836cd04c707957cd99b85dfabf80cedf081996a',8,8,'Personal Access Token','[]',1,'2019-04-11 00:22:08','2019-04-11 00:22:08','2020-04-10 19:22:08'),('76ebaa289e54506dc1f52a340b261cd915390d3e2306b6588f6795e0547c21635b9c2e546cf387c6',1,10,'Personal Access Token','[]',1,'2020-01-29 17:36:02','2020-01-29 17:36:02','2021-01-29 12:36:02'),('77c5a2accd9ca005e74d9b22137efab639c811dc0b2a00e1aabf0c9852b3c0b3b06805a465fbc816',1,10,'Personal Access Token','[]',0,'2020-10-04 19:18:45','2020-10-04 19:18:45','2021-10-04 14:18:45'),('786df8716fc7f949f4f1d1516e9b9fdb72207f5cb1b5746d33ea7831502dbfbd9fd32c5c1748cf6f',1,1,'Personal Access Token','[]',0,'2019-03-01 02:36:17','2019-03-01 02:36:17','2020-02-28 21:36:17'),('790c3f28b428d8990435e4ced5fbfc969346e067c2417dee971e3cbb183684af6c9abf6bbfdccd40',1,10,'Personal Access Token','[]',1,'2020-02-18 19:49:15','2020-02-18 19:49:15','2021-02-18 14:49:15'),('7973fe812d4aa80f2684dd5af2acbd2ea4edfa42918134e51b8e0b63147e9f62897c15cf9544000f',1,10,'Personal Access Token','[]',0,'2020-02-14 15:30:46','2020-02-14 15:30:46','2021-02-14 10:30:46'),('79dbb193dc169555310f5e3317adf2da9563a5ae5fea93463bf7da35a2183643c39e1e733fec4feb',1,1,'Personal Access Token','[]',0,'2019-03-06 16:06:03','2019-03-06 16:06:03','2020-03-06 11:06:03'),('7a31611667edddcd36cadbc28e35bb6fbfc3d299bfe523a5bdf2eb9eef5dc786c717938ccb105018',1,10,'Personal Access Token','[]',0,'2020-01-28 22:48:44','2020-01-28 22:48:44','2021-01-28 17:48:44'),('7a52f23c120b4f0b7d75109b8f2ab2b50342fbd6c4e832cebe4d38390a1997ea724089c0a95e447b',1,10,'Personal Access Token','[]',1,'2020-02-03 18:18:17','2020-02-03 18:18:17','2021-02-03 13:18:17'),('7b8cb77277a286e1324cb62fa88b028ed222bf68c8f1112bc13c78866b1e2dc3f128ef9c04c1d92a',1,10,'Personal Access Token','[]',0,'2020-10-13 01:34:11','2020-10-13 01:34:11','2021-10-12 20:34:11'),('7bcda241658b914c1fbcecd783ad0b8f3447709ea6e246c60c2dc379971656916eff6d6a41cac66b',1,1,'Personal Access Token','[]',0,'2019-03-10 22:27:12','2019-03-10 22:27:12','2020-03-10 17:27:12'),('7c46408a1a67842aaf0acea31cd516959dc6c1abc9f3f29acf3c81d209f1e04decc07f0877fe3b49',1,1,'Personal Access Token','[]',0,'2019-02-28 04:56:33','2019-02-28 04:56:33','2020-02-27 23:56:33'),('7c584f6028ccae1287b9d42b932fbe51d4987175376ff61269e424b5bcb54f5241a621caca37f1b9',1,1,'Personal Access Token','[]',0,'2019-03-05 23:28:27','2019-03-05 23:28:27','2020-03-05 18:28:27'),('7c977710d2d834076b1c09cfabb107da9b1d8b0d38ae129cf8c8c1ed26b5aa5a641e100a1e0beba2',7,8,'Personal Access Token','[]',1,'2019-04-12 14:42:37','2019-04-12 14:42:37','2020-04-12 09:42:37'),('7caba29378d75524d670780f23ecaada0fb54bd7ae83e0fac48f231eb45e7f1ded60d61af787552c',1,10,'Personal Access Token','[]',0,'2020-03-03 23:22:33','2020-03-03 23:22:33','2021-03-03 18:22:33'),('7ccdc610ed23c52540ddc21a3f6bde85127fe1b8682d8f9b774196de675b8fe67b617fa18b1317dd',4,2,'Personal Access Token','[]',0,'2019-03-12 18:42:03','2019-03-12 18:42:03','2020-03-12 13:42:03'),('7d3aafae0ac0c716bb7d34474ec58482545cee639a5b9b3f349bf003766c44db5ebc2ce051bdf5c9',1,10,'Personal Access Token','[]',0,'2020-09-07 00:40:39','2020-09-07 00:40:39','2021-09-06 19:40:39'),('7da4f3ccd5337f063f954a4bb2465097d78f2ed885b7f16a83bc00d9b168c0c6d68b12588861d8fb',7,8,'Personal Access Token','[]',1,'2019-06-28 19:16:21','2019-06-28 19:16:21','2020-06-28 14:16:21'),('7e7b95bd4e68ba04ca60e01f32cd618ce15b9d3b3b899509a1da3b4edc1d23689b04d147baf2ccb2',7,4,'Personal Access Token','[]',1,'2019-03-13 14:30:08','2019-03-13 14:30:08','2020-03-13 09:30:08'),('7e8988672e05266c88111e5f516962d4e4641cb2104ca4ac9636713d823466d891ca55529f68a1b0',5,10,'Personal Access Token','[]',1,'2019-11-19 14:27:54','2019-11-19 14:27:54','2020-11-19 09:27:54'),('7f029ba0ca140491a9f1e98e0c1a9befaff5612de71406b964d38e6a3c2fb3f6bd809762f834a6a1',7,8,'Personal Access Token','[]',1,'2019-09-21 18:43:16','2019-09-21 18:43:16','2020-09-21 13:43:16'),('7f3cc76a4d3dd3b7fdb2d69bb4aea52c1f69cbc865e7114d028064c372ce1e96f46042d889ca0bf9',1,10,'Personal Access Token','[]',0,'2020-10-11 21:55:43','2020-10-11 21:55:43','2021-10-11 16:55:43'),('7f4278cf9124026ceb2812aac7789dce149d3f8b6ab098a6c665e3afe8c80389fbe4511afbfcb8f3',7,4,'Personal Access Token','[]',1,'2019-03-13 05:20:38','2019-03-13 05:20:38','2020-03-13 00:20:38'),('7f91dd34895170333bf38ac8273cca1b97d82d12b17270c155fd03cbdda7b3e667d01b97527f7480',5,8,'Personal Access Token','[]',1,'2019-08-07 00:06:05','2019-08-07 00:06:05','2020-08-06 19:06:05'),('80475bb469554549ae80f4a49975fb923758db438156805b78fc1754078552bf5680b5d090e49e84',4,8,'Personal Access Token','[]',0,'2019-04-02 19:32:13','2019-04-02 19:32:13','2020-04-02 14:32:13'),('80b42963b4ffe8b4891c6295bf88dc2a79d0b42df71b8a9ae745e78edcf079568392765779670685',7,8,'Personal Access Token','[]',1,'2019-03-21 23:06:39','2019-03-21 23:06:39','2020-03-21 18:06:39'),('813540e5000ad3b1387df26b0dbe30dc2ccaf1b8b3499dcf6b000b8909e215d95c579d1546f295a1',4,4,'Personal Access Token','[]',1,'2019-03-14 16:00:31','2019-03-14 16:00:31','2020-03-14 11:00:31'),('8205e251e20e7b7dabcf57ae125a026e81dce9daff49c2b631ed556141334ed1188f5283a4fa68e1',7,8,'Personal Access Token','[]',1,'2019-04-24 20:14:00','2019-04-24 20:14:00','2020-04-24 15:14:00'),('83050e2886674ca923a66ce3b2d86bfc9be14ab15d726f1261b8e8927c89937b78be780d2f398195',1,10,'Personal Access Token','[]',0,'2020-01-20 21:18:47','2020-01-20 21:18:47','2021-01-20 16:18:47'),('831cf3b5af652629dfa79f46c6c4e928ae4dd6d6b17c7a29104a4269b48605044819448c7c4463c2',5,1,'Personal Access Token','[]',1,'2019-03-05 20:18:06','2019-03-05 20:18:06','2020-03-05 15:18:06'),('83ddbecf41bec3522501c0b618de2bab08cbba21ed2471bc32f9a18d30ee9b1d6b4eb4069a76cd07',8,8,'Personal Access Token','[]',1,'2019-04-11 00:22:24','2019-04-11 00:22:24','2020-04-10 19:22:24'),('84104a801b67bdc25932b787e129978dee3d2a45fd67c1a362d873ca674a5b937bed136d37d3cfef',1,10,'Personal Access Token','[]',0,'2020-08-23 22:24:36','2020-08-23 22:24:36','2021-08-23 17:24:36'),('849e8cfb28545ecdddad6965b40a844bd9ecdc1eaf362e9739fd3cc61dac95f880c5ca83639e80b8',5,1,'Personal Access Token','[]',1,'2019-03-08 14:04:24','2019-03-08 14:04:24','2020-03-08 09:04:24'),('84a2fc292c1a51f4ff86888ef55049a9ec21818986303c52114333394cb1caec1c78e96c689b06d9',1,1,'Personal Access Token','[]',0,'2019-02-28 14:41:51','2019-02-28 14:41:51','2020-02-28 09:41:51'),('84b8ebea2b48f81022d8f7561e70335a6af2e01d14e9d1371f8908c50a4067bd97762126f3304df6',1,10,'Personal Access Token','[]',0,'2020-02-13 21:58:18','2020-02-13 21:58:18','2021-02-13 16:58:18'),('84d4e7bcbdb6c1e56951ce1c14677d7fa310c5346227276e46b5d118e69f2e99bd5df85d782b0064',7,8,'Personal Access Token','[]',1,'2019-04-09 22:27:30','2019-04-09 22:27:30','2020-04-09 17:27:30'),('85113fe0a43fb43904522f6f25911b6c3314ed275f03e1638bcafe6f3d13459c4a6222e942ed9e3f',7,8,'Personal Access Token','[]',1,'2019-08-29 21:01:38','2019-08-29 21:01:38','2020-08-29 16:01:38'),('8534e5559e3a5f5cce04c5b1056ecdbd83d774799bbb9d4e53abf1d35c6c6f63c666ceffc59b3357',4,4,'Personal Access Token','[]',0,'2019-03-14 15:10:14','2019-03-14 15:10:14','2020-03-14 10:10:14'),('8684e932f68a7b295a7bdd544802004b62da698abe580deb3b967bd2b5e8641da750b4ed6b213be0',1,10,'Personal Access Token','[]',0,'2020-03-09 14:51:06','2020-03-09 14:51:06','2021-03-09 09:51:06'),('86d6b319f22f9ede30128d9f5ea322a3092f3f2c92633b5caa3770a779bc084613109228b8dba5e2',1,10,'Personal Access Token','[]',0,'2020-01-23 00:07:31','2020-01-23 00:07:31','2021-01-22 19:07:31'),('871c90b0c6c49748c60914525005d6b58d89b8c3238a64e33a4a0d0e49e362dbf712dc93a81fe594',7,8,'Personal Access Token','[]',1,'2019-05-15 20:14:50','2019-05-15 20:14:50','2020-05-15 15:14:50'),('872060318e7a833817b89008c051fad0b5ff598e37ab4dad27105104ada807b43cc27820e3ac48d9',1,1,'Personal Access Token','[]',0,'2019-03-04 00:52:14','2019-03-04 00:52:14','2020-03-03 19:52:14'),('8748570da6de31a5579f1f96d760ca877fb65601f68b1f5d5d982ee4cc0f71071fdd54294af4f157',1,1,'Personal Access Token','[]',0,'2019-03-06 16:52:18','2019-03-06 16:52:18','2020-03-06 11:52:18'),('8781b251ad54da588a605d79cd157d760126684ed33b21541972fabd5929c4b1efd2e89b1f65b487',8,8,'Personal Access Token','[]',1,'2019-04-11 00:24:14','2019-04-11 00:24:14','2020-04-10 19:24:14'),('87aded74e7c101b262824eed2b06b9ab1647eb80a675840dfbacdd3c5d10cf794238ac7274e81012',4,8,'Personal Access Token','[]',0,'2019-07-20 01:58:24','2019-07-20 01:58:24','2020-07-19 20:58:24'),('888571d3c724e7e22b438c04240d73eb2238ef80974f8f0adea7b0572a5ba9ee081010d4b5078247',7,8,'Personal Access Token','[]',1,'2019-05-15 14:11:30','2019-05-15 14:11:30','2020-05-15 09:11:30'),('88efcc72060f27525eaa7ccd4a57c0c8abdfd5fdfde5ff0284b5ca93b0a17e2ef577db8f3b36c602',7,8,'Personal Access Token','[]',1,'2019-04-11 00:14:16','2019-04-11 00:14:16','2020-04-10 19:14:16'),('8903c4f41726f66f74eaad735e9ea3689f8ee46c04f18b420e271efdb1af2c9ea7c4a121fa155543',7,8,'Personal Access Token','[]',1,'2019-06-20 18:51:07','2019-06-20 18:51:07','2020-06-20 13:51:07'),('89286ba960efce3c354175bdb8952ec8c8acd25724e9b98761be0f17777e99c08b3370c145c9cd51',5,4,'Personal Access Token','[]',1,'2019-03-13 16:20:12','2019-03-13 16:20:12','2020-03-13 11:20:12'),('893b49d939f425831ea4947e84bc70903f80de2d9d602b6547c745d6c7b762875dd5ae3eee191969',7,8,'Personal Access Token','[]',1,'2019-08-30 03:02:01','2019-08-30 03:02:01','2020-08-29 22:02:01'),('895fcc7d23e151340e0a018caf61eece03816170d013aee98961d6b26df20dc9e8407bafedd4f8c8',1,10,'Personal Access Token','[]',1,'2020-10-01 11:22:38','2020-10-01 11:22:38','2021-10-01 06:22:38'),('8a5dc2855de3864b174aa717b9173572bf9b20d6b4e58c236c67f73c1c1618d0b43df06e468aea6c',4,8,'Personal Access Token','[]',1,'2019-04-02 19:28:00','2019-04-02 19:28:00','2020-04-02 14:28:00'),('8aab9cab49beeb248c00d6359fef5f060db43e716e32248ddf336266f41ad4e9a79b889e14a5a4f1',1,1,'Personal Access Token','[]',0,'2019-03-04 14:23:11','2019-03-04 14:23:11','2020-03-04 09:23:11'),('8ab8e436d6597b49782ac4fdb18a1bf4f751ce1bedc7ff837ecfe696d9396d537593c9cf3c63009a',7,4,'Personal Access Token','[]',1,'2019-03-19 17:49:38','2019-03-19 17:49:38','2020-03-19 12:49:38'),('8ac978a358364b7c8828de3c00db1d3c5d30d6b824d8a12472ce042296e5dc78c2766ddba4adbb85',1,10,'Personal Access Token','[]',1,'2020-01-29 17:36:55','2020-01-29 17:36:55','2021-01-29 12:36:55'),('8b21de4899921403c5a1d83ef265cc5addc5c3f012756b76b645c709803e874de722917ccce45b12',7,8,'Personal Access Token','[]',1,'2019-07-12 18:26:53','2019-07-12 18:26:53','2020-07-12 13:26:53'),('8b4407a83c54b615fd135e25f314f4fc57f9c5860cff59d9fb9deaaa42805b939d431c8e36201aad',7,8,'Personal Access Token','[]',1,'2019-04-12 14:42:54','2019-04-12 14:42:54','2020-04-12 09:42:54'),('8bc42928c0f965c2152f58c22d4dcd696cb7d53918e9efa2b9ec66be2aba5977bc89de047809aca4',7,8,'Personal Access Token','[]',1,'2019-06-04 14:52:38','2019-06-04 14:52:38','2020-06-04 09:52:38'),('8c144a83604cb9356a276cf717dfafaf4563d7b2889e21d9fcf71e4472ddea3d6c26fda06e48ee8e',1,10,'Personal Access Token','[]',0,'2020-02-07 16:01:39','2020-02-07 16:01:39','2021-02-07 11:01:39'),('8c31113d05734487ea8992916bb551d2a7154682c6e0703e5e39c4cd357e00f4f4fba5a3da137c01',5,4,'Personal Access Token','[]',1,'2019-03-21 16:06:48','2019-03-21 16:06:48','2020-03-21 11:06:48'),('8c362bf55436bacd4f1fac0592f2304a5d9fb7209bc7aacccaaa157ceba9af9a197f8ee88f9ee879',7,4,'Personal Access Token','[]',1,'2019-03-13 14:30:08','2019-03-13 14:30:08','2020-03-13 09:30:08'),('8c3751efd74414a452d449a130960dcebe023eaae98d57619d57989633773ee4e504051c5b1146d9',1,1,'Personal Access Token','[]',0,'2019-02-28 19:18:26','2019-02-28 19:18:26','2020-02-28 14:18:26'),('8c43989e9b8e1e914917013f0896782f021be6c0345641e8a305a693740e77dd887ce5794ec982d5',1,1,'Personal Access Token','[]',0,'2019-02-28 19:20:21','2019-02-28 19:20:21','2020-02-28 14:20:21'),('8c6456160b8b699a757f0f5f42f7ad26119b56c7f649159d7340f9d7f0619761a330182bfbe2cdfc',7,8,'Personal Access Token','[]',1,'2019-09-21 18:43:16','2019-09-21 18:43:16','2020-09-21 13:43:16'),('8c6889a5b63fe753e07c08b39a6f9d4bd03a54a48e3090df12d90682273121072a4108c9f28a9175',4,8,'Personal Access Token','[]',1,'2019-03-23 19:33:31','2019-03-23 19:33:31','2020-03-23 14:33:31'),('8cb410d397d26126c0fdfc62a0aec4491d0de233bb54f280b0b2f9f6ecff12b37b590b1966b07250',1,10,'Personal Access Token','[]',1,'2020-10-04 19:18:24','2020-10-04 19:18:24','2021-10-04 14:18:24'),('8d6f7dc30b1b44452940fd5034060b6140559b3a66d688226fe32c269b3f7d30bdfc7ad5c993026b',7,8,'Personal Access Token','[]',1,'2019-06-04 14:36:52','2019-06-04 14:36:52','2020-06-04 09:36:52'),('8dbee8398c6558d57587cf555caf7b4a4f094d46374c340ad66d506483deffe0cf23e56c25cebb6f',7,4,'Personal Access Token','[]',1,'2019-03-15 00:13:22','2019-03-15 00:13:22','2020-03-14 19:13:22'),('8e113a85e7f78cb5afb78ec6ead9f2ee8b7408c68097efc3c655fc2b9690c95dfac407fbab6b6b57',7,8,'Personal Access Token','[]',1,'2019-09-21 18:43:18','2019-09-21 18:43:18','2020-09-21 13:43:18'),('8e205d92bd68693e044b01ea8074cb665602a9501be3383ad6c54bfc78bb66ca1744907febc44eaf',4,4,'Personal Access Token','[]',0,'2019-03-14 16:54:06','2019-03-14 16:54:06','2020-03-14 11:54:06'),('8eb8054b84b426b23568eeaeb7246f869570578b74183215aec9bd8671951d3f78f1a4adb842ddb2',1,10,'Personal Access Token','[]',0,'2020-02-14 15:34:33','2020-02-14 15:34:33','2021-02-14 10:34:33'),('8ec26dfe8456044ed471992d3ddff8cb4dd0cdaccacf9d26a9bf4f368c799512e7151eeb35153e8e',8,8,'Personal Access Token','[]',1,'2019-04-11 00:24:15','2019-04-11 00:24:15','2020-04-10 19:24:15'),('8f0721420f02fc393f83feb51be429f09d604f892a7408919f4da8032835c6883615a4013c7073fb',7,8,'Personal Access Token','[]',1,'2019-06-04 14:36:50','2019-06-04 14:36:50','2020-06-04 09:36:50'),('8f19330f0476a50b2e09e24bf31ac3ec3453132aa50f047f923a75e5f472c1d6e1c567755963f5a7',1,10,'Personal Access Token','[]',0,'2020-02-07 15:38:32','2020-02-07 15:38:32','2021-02-07 10:38:32'),('8f30a2ec3d597ea46a0ef17f29b8c8f71c543e6cd5f61c5c6b677329e9d9658f68fe9153a11808a9',4,8,'Personal Access Token','[]',1,'2019-07-28 00:28:17','2019-07-28 00:28:17','2020-07-27 19:28:17'),('8f5cab05b2873fa6f146d962b3bf6f591f371e6b54285835670b4d4831c514b5b474ae14da8dff62',7,8,'Personal Access Token','[]',1,'2019-04-12 14:42:37','2019-04-12 14:42:37','2020-04-12 09:42:37'),('8fec7781c4db781e82e893381a25cffe4e79af14f38825a9e7f7e1216e5fb98ebfbb26bf2a4608a2',8,8,'Personal Access Token','[]',1,'2019-04-11 00:22:09','2019-04-11 00:22:09','2020-04-10 19:22:09'),('9143f9852a3655f61b7fcadd9594773e2f3b01a342462a7dc68d009dfdbdee3752b062bb6f063da0',1,10,'Personal Access Token','[]',1,'2020-03-09 13:44:50','2020-03-09 13:44:50','2021-03-09 08:44:50'),('918904cf603c30403e42bced8acd6e49f2199ce3a7ef01c511e8c36f496e60c640066443a3b49708',7,8,'Personal Access Token','[]',1,'2019-09-21 18:43:18','2019-09-21 18:43:18','2020-09-21 13:43:18'),('9192e2e34d3781de0330c15e355a6c59eca42132a4136fd1c8d059643e83f775b07debb4d7f6388f',4,2,'Personal Access Token','[]',1,'2019-03-12 17:52:47','2019-03-12 17:52:47','2020-03-12 12:52:47'),('920d03422aa0fc7b42340f16edd9bc4c60141ba238c18f2f8464194c6a6fadf8d8617f1196f2a1c0',1,1,'Personal Access Token','[]',0,'2019-02-28 14:11:46','2019-02-28 14:11:46','2020-02-28 09:11:46'),('9313804df0cd9f175663b7f94e8cd91fa4c90975935ef3ad867e8faed742985fff37ffb44e5e6064',1,10,'Personal Access Token','[]',0,'2020-01-21 16:43:42','2020-01-21 16:43:42','2021-01-21 11:43:42'),('94820cffa36067f73f8b3d049ee9e43a5fc6907e23d5404dda9a865fde8c367d8665447e39468fcc',1,10,'Personal Access Token','[]',0,'2020-02-11 23:11:44','2020-02-11 23:11:44','2021-02-11 18:11:44'),('949f8ff2da8dde2fd3c65d90b4c5a2a42c1c25bb7e9c4736c63124f4503a01bc89480f1b22937ab9',5,1,'Personal Access Token','[]',1,'2019-03-08 20:37:13','2019-03-08 20:37:13','2020-03-08 15:37:13'),('959b663fb8a5c390dfb768ed8ad1de4c74d819b91a2cb71ea2efd38ffe1f9929700f51c5b0cd9918',2,8,'Personal Access Token','[]',0,'2019-07-10 20:48:09','2019-07-10 20:48:09','2020-07-10 15:48:09'),('96983a8206ab5838dc4c952681ed1f53e52ed8d69f721e7ae64a7e448bb30716f97b685b671223f1',4,8,'Personal Access Token','[]',1,'2019-08-30 02:53:20','2019-08-30 02:53:20','2020-08-29 21:53:20'),('969d7d704d1800a7cae6f59f0d39c6bf6fdf8a51fca6f274cb1799ca62204e7875288d0cbc78e51a',7,8,'Personal Access Token','[]',1,'2019-08-06 17:09:27','2019-08-06 17:09:27','2020-08-06 12:09:27'),('9754a7b46ebec4db8bf00ca9548e5ca3e218496d3a0e0858246a0a24cd66114ed393e3143b17bb97',1,10,'Personal Access Token','[]',0,'2020-11-22 02:21:19','2020-11-22 02:21:19','2021-11-21 21:21:19'),('9771e91406400ecb033e5b5ea3fd6fde2183a2bb3147ba0b373f205428a39e11723f548dfc6e964d',1,1,'Personal Access Token','[]',0,'2019-02-28 16:29:38','2019-02-28 16:29:38','2020-02-28 11:29:38'),('97c023e0478613455c247125fcebd14272fd38c6328a197c2ba82bdf7e417fa16fac4a5c77a3494e',1,10,'Personal Access Token','[]',0,'2020-10-04 20:44:22','2020-10-04 20:44:22','2021-10-04 15:44:22'),('98730581f4b83cfa4de3c275bc90fda4257166ace14f1a0f50e5f4d158f92b71d151a9316ba3f928',1,1,'Personal Access Token','[]',0,'2019-03-04 14:44:43','2019-03-04 14:44:43','2020-03-04 09:44:43'),('9896f9b2ce8d2c447710a7e352be564142ca1067d8097b94a007d25cd214d6c754189440d5536ff2',7,8,'Personal Access Token','[]',1,'2019-09-21 18:43:17','2019-09-21 18:43:17','2020-09-21 13:43:17'),('99eada038af2509f2ab38d344676fbd209da05cb6b308d7f09f9e444d5dff06baff84e550d5f4cdb',1,10,'Personal Access Token','[]',0,'2020-01-28 23:18:58','2020-01-28 23:18:58','2021-01-28 18:18:58'),('9aa3d6817e8557ab4f2193a619a428a1a2884cdfc5adce5a2ef6b5e2c55168caed565e12690d8799',1,10,'Personal Access Token','[]',0,'2020-01-31 12:48:47','2020-01-31 12:48:47','2021-01-31 07:48:47'),('9b0606a80f420abed64b5777c362ec8406ac2dc2711bc70f1678d6695e54e029fe9453035847a60d',4,8,'Personal Access Token','[]',0,'2019-04-12 04:06:28','2019-04-12 04:06:28','2020-04-11 23:06:28'),('9b506bbd45378c3ffc8b5a4610552e90f3bf317c988d372115d42938c104e314db227138f14085eb',5,1,'Personal Access Token','[]',1,'2019-03-08 19:09:48','2019-03-08 19:09:48','2020-03-08 14:09:48'),('9b610a8f602ac2f1c3e9970f2e8581f4a54ec57da9afb916ea132842aee469016743cbf1e7528b20',5,8,'Personal Access Token','[]',1,'2019-06-20 17:13:26','2019-06-20 17:13:26','2020-06-20 12:13:26'),('9ba0bafd0193008be03be8d3ebf1d8cd50c3a7f91466038ee5e6a38fcbe4a3774541e05a2d51d54d',1,1,'Personal Access Token','[]',0,'2019-03-05 23:58:37','2019-03-05 23:58:37','2020-03-05 18:58:37'),('9bf8c7a8a792177ec99cb342489a1db9274af84be6fc6b1aec814127f6b716bf4599b4770f862ddb',1,1,'Personal Access Token','[]',0,'2019-03-04 00:54:11','2019-03-04 00:54:11','2020-03-03 19:54:11'),('9ca18ea111b3476460fedcaf766288d4957abad861b024ac8c744360f0cb90806806ad40b72f5b7b',4,8,'Personal Access Token','[]',0,'2019-07-12 01:31:23','2019-07-12 01:31:23','2020-07-11 20:31:23'),('9ca2c67663ea5a257eaf9fb597b7438966432209b86611deeaedf2fb447572a944beecffd41fb121',5,1,'Personal Access Token','[]',1,'2019-03-05 00:06:08','2019-03-05 00:06:08','2020-03-04 19:06:08'),('9cab056b27ce9507370d0b0031bcdac3a50b9190597cf193d888f23fe4b31d2caf149eaec71a309e',5,1,'Personal Access Token','[]',1,'2019-03-09 23:10:58','2019-03-09 23:10:58','2020-03-09 18:10:58'),('9cc9bb599192fce370e3bd6f9a864612efb3e44005a12348aeec38d14035ddadbf6a6f777f9118de',1,1,'Personal Access Token','[]',0,'2019-02-28 11:01:50','2019-02-28 11:01:50','2020-02-28 06:01:50'),('9d02620ac73708244ffcf7b1c7b32a3b9a848af86a1c609c21bfc7db781bebb4db4e120afe3c307d',1,10,'Personal Access Token','[]',1,'2020-01-28 17:07:33','2020-01-28 17:07:33','2021-01-28 12:07:33'),('9d1d16ea2cf4e90fee760a7ae5c2bbd8e1f51ad1555abfb2e0b8234edd713b45bd8bc494c5948e8a',1,1,'Personal Access Token','[]',0,'2019-03-01 02:43:53','2019-03-01 02:43:53','2020-02-28 21:43:53'),('9d26e7210f83692774bafaaf57991d79fd353b98a62a3ec72ff4dd3f4088bb9793827a126c68667a',1,10,'Personal Access Token','[]',1,'2020-10-12 21:47:37','2020-10-12 21:47:37','2021-10-12 16:47:37'),('9d7bbaecff85b2b23e6590d498569d371856c716ad3d60a60dcd3b2f0794ce7a39bda0ee72618fee',5,1,'Personal Access Token','[]',1,'2019-03-08 19:09:48','2019-03-08 19:09:48','2020-03-08 14:09:48'),('9db1cf76b8b0e3d67f9c3e1f9b9c2b6bcb21227c2cf5c1eec97231a11a0ebd7db4ef827f90e0078c',7,8,'Personal Access Token','[]',1,'2019-08-30 14:56:42','2019-08-30 14:56:42','2020-08-30 09:56:42'),('9dce6d9918b93141f3a6ce73bc7cf946229569ebef42e8ddf0d472125ed6e064cd9d105912c2e5a7',5,4,'Personal Access Token','[]',1,'2019-03-21 00:05:44','2019-03-21 00:05:44','2020-03-20 19:05:44'),('9eaa2d770e51629fbd7cf21e483a40580510dfe6e12f52da16bfb38593bf6f7b2e8edbfc5baec11d',5,1,'Personal Access Token','[]',1,'2019-03-04 15:13:24','2019-03-04 15:13:24','2020-03-04 10:13:24'),('9ef44f00ae596973bd8fb02a2f210bc7c413cb1db971b6619731131fac318a84d37587dc732cdc69',1,10,'Personal Access Token','[]',1,'2020-02-06 14:28:55','2020-02-06 14:28:55','2021-02-06 09:28:55'),('9f364a5ff98afd7dfedc72b71583d486a5d5742fcffe538b790f89563429352058a33a2ad29baa0d',1,1,'Personal Access Token','[]',0,'2019-03-01 04:24:06','2019-03-01 04:24:06','2020-02-28 23:24:06'),('a0c4a6498baf383a2d98c7c3542470cab2e83bf6cf0bdd40349aaf5d96d1ddd403470ec6ce1d1bc6',1,10,'Personal Access Token','[]',0,'2020-01-21 16:49:26','2020-01-21 16:49:26','2021-01-21 11:49:26'),('a2a0eade58fae82955b02cd2679f51343e2f336734d0365cce8ca435806167deea13cb7314dde5eb',5,8,'Personal Access Token','[]',1,'2019-04-24 20:13:24','2019-04-24 20:13:24','2020-04-24 15:13:24'),('a2fd05f1e222dd425b68378a55ea382159f043f5cc9183cb0a56f59156ce1118e484c42d5d7f9129',1,10,'Personal Access Token','[]',0,'2020-02-18 20:45:50','2020-02-18 20:45:50','2021-02-18 15:45:50'),('a41cf618955976d34021f27c99c07e9eeaa3d48e5dcb2055acb166500052583ff2d07e7c8b18dbe2',1,4,'Personal Access Token','[]',1,'2019-03-15 00:28:33','2019-03-15 00:28:33','2020-03-14 19:28:33'),('a47bd1bfb4bbd5db0fe494d625a29258dd36b447c3cb97ea5198f58e4621a5850134c68a69d73d1a',7,2,'Personal Access Token','[]',1,'2019-03-13 04:26:04','2019-03-13 04:26:04','2020-03-12 23:26:04'),('a4b0f8eb312686d67556675ceb3568afcd68ebdf3bc2c6128d68a5bbc7bef4100a2337dd2059bdcc',1,10,'Personal Access Token','[]',0,'2020-01-31 01:04:26','2020-01-31 01:04:26','2021-01-30 20:04:26'),('a5356c563191b3d171e9ace116b1fa1f60d997b650809e36ca8a03e18792f88752d2fdb85b3fda10',4,8,'Personal Access Token','[]',0,'2019-04-24 20:21:29','2019-04-24 20:21:29','2020-04-24 15:21:29'),('a576a69a6613e8a6f2e404a8180e85fa41d0182cf392f294b22c8b2eb534ed23543c07e38a974215',1,1,'Personal Access Token','[]',0,'2019-03-04 15:14:11','2019-03-04 15:14:11','2020-03-04 10:14:11'),('a5dbc48d72a2a82cf2fc5131a94a1c43294799e948f0a380241ed5d7727618f2da9e658c35cf3ca3',1,1,'Personal Access Token','[]',0,'2019-03-06 16:57:09','2019-03-06 16:57:09','2020-03-06 11:57:09'),('a69c826708c7af91a8014ba02e8c60133ee5377d9ff2193b8813bc95a1dfcb37a21abd574cd4a118',1,10,'Personal Access Token','[]',1,'2020-02-18 19:39:12','2020-02-18 19:39:12','2021-02-18 14:39:12'),('a7d19d72c01af6ea94a47d6cf741b52f5badbc0f5cce81846a792e0856e0c95b31f70982461c5041',5,8,'Personal Access Token','[]',1,'2019-06-04 11:58:15','2019-06-04 11:58:15','2020-06-04 06:58:15'),('a7efdf7b5d93f9ff1965cb1fc79e872138e6ca95f918aa94cadee3510ca6f0d255a07f08cbe7e2cd',4,2,'Personal Access Token','[]',1,'2019-03-12 23:06:55','2019-03-12 23:06:55','2020-03-12 18:06:55'),('a7f956f72e9bbbca053eb5062cc9b5e499e2d69b9b565c5e3212a727991ad434a78c59a71e2eb78a',5,1,'Personal Access Token','[]',1,'2019-03-05 23:33:33','2019-03-05 23:33:33','2020-03-05 18:33:33'),('a7fa867fd2a0f9137d16abcd7c4a62b370d3790cc656146d52a78bccf96afc50bda7ca3c12dd0617',1,1,'Personal Access Token','[]',0,'2019-03-04 14:01:09','2019-03-04 14:01:09','2020-03-04 09:01:09'),('a88f7fee429876c06d7fb7966708dbb6aecef9b6a15dd4b0288a3dfc2ff61e866da1b7701cd528e4',1,10,'Personal Access Token','[]',0,'2019-11-19 14:22:23','2019-11-19 14:22:23','2020-11-19 09:22:23'),('a8c0cdcf6ee9b751b6adc78a12b4e9f265beacd490b39cabbab149d289690223a138e95402d778a4',1,10,'Personal Access Token','[]',1,'2020-01-30 18:55:29','2020-01-30 18:55:29','2021-01-30 13:55:29'),('a9714b96317174d18db259fd47a8b3e92140044f58e9ad156866ae140086dd361a9e7f36b484ef2d',7,8,'Personal Access Token','[]',1,'2019-09-21 18:43:17','2019-09-21 18:43:17','2020-09-21 13:43:17'),('aa0e15c3bff6c8cf71e8bc79f508fb5439f781caf0a4539adf2f15e3c13cddab03e431b16418aa48',5,1,'Personal Access Token','[]',1,'2019-03-09 23:52:41','2019-03-09 23:52:41','2020-03-09 18:52:41'),('aa4c914bae0614f574dc985ae31c950a6c817d162c7bbe08e26b94cb493b5e16ff13271120df27c0',5,1,'Personal Access Token','[]',1,'2019-03-05 23:34:45','2019-03-05 23:34:45','2020-03-05 18:34:45'),('aac328807fcdcbe09394482e80debd98e79c69a380da17d9dd9fe301d58760b93d62fdf03f9eebf1',1,1,'Personal Access Token','[]',0,'2019-03-04 14:26:25','2019-03-04 14:26:25','2020-03-04 09:26:25'),('aaf9af2f809b27f0eefc760d096e470f0a228cedcd3e176355a9081744882e03f066c0cbf5211081',1,10,'Personal Access Token','[]',0,'2020-02-14 15:17:47','2020-02-14 15:17:47','2021-02-14 10:17:47'),('ac5e2a0a4e79ccc6990e7215c134d40db02ff7eebdea203c84b755c2a9e02f058251b9a12992bb17',5,1,'Personal Access Token','[]',1,'2019-03-10 00:05:06','2019-03-10 00:05:06','2020-03-09 19:05:06'),('ad22a95e2f71011e7a58b5a170bd6bc227ae2058a224f8bb9af66b4950f9e604c4d57ebd41e8e768',7,8,'Personal Access Token','[]',1,'2019-06-20 15:56:01','2019-06-20 15:56:01','2020-06-20 10:56:01'),('ad590b95b723af342e19957b7dfea3001e39f6f65bc8743595c50b872ac06bcc730b94265914bf75',5,1,'Personal Access Token','[]',1,'2019-03-06 00:37:28','2019-03-06 00:37:28','2020-03-05 19:37:28'),('ae8a2eb2c9627ccc5c83fc93e1d27cdfdc5ae875f837733a7089d2fd91acfd113256f576185ec622',5,1,'Personal Access Token','[]',1,'2019-03-10 00:05:57','2019-03-10 00:05:57','2020-03-09 19:05:57'),('af14fc330a38bc0adaf077da0c8af1f4b5faba82138df366abb94d6014546cadd09c6b4acde194fb',5,2,'Personal Access Token','[]',1,'2019-03-11 20:46:06','2019-03-11 20:46:06','2020-03-11 15:46:06'),('af1f73834c9327646b75010983a3ed34f0e3fa5ef153300c45ff921a834a7befd255def598166dd6',1,4,'Personal Access Token','[]',1,'2019-03-14 19:06:43','2019-03-14 19:06:43','2020-03-14 14:06:43'),('af48f294d7ac61a8986f7cd78bd2ff5f10d026b208c1ef8846504fba6180211d2af3c3ce60bbe3fb',1,10,'Personal Access Token','[]',1,'2020-09-29 21:06:48','2020-09-29 21:06:48','2021-09-29 16:06:48'),('af92ad6273abfaf839da61db1114c2ae2329bb322cd8017ebb91c80ee5009871184264a7185323d0',7,8,'Personal Access Token','[]',1,'2019-03-21 20:12:41','2019-03-21 20:12:41','2020-03-21 15:12:41'),('af98f12d4d5f764e0f66cc60dc4fc32b7c66d9e228aa332d4fa1fa6054a05f4b453067b59da5d2c6',1,10,'Personal Access Token','[]',0,'2020-10-21 02:04:50','2020-10-21 02:04:50','2021-10-20 21:04:50'),('afc9e6665ebfa5e3a1c7fbe9319012dc8db99703b7413ce556972fec0e9925af8cb076578ffc87a5',1,1,'Personal Access Token','[]',0,'2019-03-06 16:19:57','2019-03-06 16:19:57','2020-03-06 11:19:57'),('b015d55756823a13754150070745abe323c4186cdd9f08fcc7456a5ab433ab8ae359892282117ec3',8,8,'Personal Access Token','[]',1,'2019-04-11 00:21:34','2019-04-11 00:21:34','2020-04-10 19:21:34'),('b024f4cdbcefbaf57dbddd659242c9e9ca1909558c16444030212f4c839e6945fa968550e7a7842f',7,8,'Personal Access Token','[]',1,'2019-05-11 13:12:20','2019-05-11 13:12:20','2020-05-11 08:12:20'),('b03c09982a8e2de95bd9a862cb934b712aae7f2972638bd8908906b5aa8ac22c6a6c7da0df3286a9',1,10,'Personal Access Token','[]',0,'2020-01-19 17:59:45','2020-01-19 17:59:45','2021-01-19 12:59:45'),('b04f461f8c3b0c225a13c3288a3fd20805c6c14da2a20b3fc4946a06867f33159d6dfdbbc3a166fa',5,8,'Personal Access Token','[]',1,'2019-06-23 02:21:23','2019-06-23 02:21:23','2020-06-22 21:21:23'),('b0f1a46605abc3e669416dff8ef374c77670c813dbbdc7ed95f47c155d46e11c20f4a34938dccf0a',7,8,'Personal Access Token','[]',1,'2019-07-09 14:04:09','2019-07-09 14:04:09','2020-07-09 09:04:09'),('b157eadf56562abf2c84fcfc6e666ab79491487169cdbdf4921ec0240a0760a9e1f720fada07e755',1,10,'Personal Access Token','[]',0,'2020-02-06 15:21:11','2020-02-06 15:21:11','2021-02-06 10:21:11'),('b1efb4e512f03d4d08a49d3371a4f44d6a30f9af1ce605eb4efa763572ca73a403ec5012bf84d8d1',1,10,'Personal Access Token','[]',0,'2020-10-26 23:53:08','2020-10-26 23:53:08','2021-10-26 18:53:08'),('b20c697a0a703968becbc027fc3710132ab7f4eaf05e99fa6ef6e01619007eea216fa07e6d6aab3c',1,10,'Personal Access Token','[]',0,'2020-02-07 20:50:01','2020-02-07 20:50:01','2021-02-07 15:50:01'),('b3adbf0cb6bd1cc7a771b07d9fa673e3c47e805d0705808a1933d5ce5373f9f0428f6c4882a8a7f3',5,2,'Personal Access Token','[]',1,'2019-03-12 15:46:38','2019-03-12 15:46:38','2020-03-12 10:46:38'),('b444562525df7f10a8791f3a0effa1e08583a5fa5d15018a1afe04d7a07daa1d1b2823fd0baa422a',1,10,'Personal Access Token','[]',0,'2020-03-02 18:05:01','2020-03-02 18:05:01','2021-03-02 13:05:01'),('b461fd2ff3697907ae97947a2febf3184c30aab0978c552aa6fb22687994f5a79705ac56607fc53e',5,8,'Personal Access Token','[]',1,'2019-06-23 02:16:20','2019-06-23 02:16:20','2020-06-22 21:16:20'),('b58cd943b9e260b743093224507ad41ac0e8ab3d3e50f991518445ceae1360dc39e99e172663f41e',1,1,'Personal Access Token','[]',0,'2019-03-04 14:27:51','2019-03-04 14:27:51','2020-03-04 09:27:51'),('b5c5f9d3bdb46a39269f0ef13bfb4153fb305e7895d340517f20338556bdbd5584e059959f282121',1,10,'Personal Access Token','[]',0,'2020-01-21 20:52:32','2020-01-21 20:52:32','2021-01-21 15:52:32'),('b6c555b57cbff6836c74b374d07a9e2f3f62769dbc02ef893f49badf52db4e8ec69d6d579f6f75f9',1,10,'Personal Access Token','[]',1,'2020-02-03 14:50:18','2020-02-03 14:50:18','2021-02-03 09:50:18'),('b6e68a4857af75b1d215fdaed06f62125c195b2db5071ce6190e793c300dd5cca82afb14030e93b1',4,8,'Personal Access Token','[]',0,'2019-11-11 01:17:07','2019-11-11 01:17:07','2020-11-10 20:17:07'),('b6ff527c0b4e55f19dce8a041d9dcf9838ea98e0ce8cc9984a12ef18f2af86906c522dba846ecc31',1,10,'Personal Access Token','[]',0,'2020-01-23 00:05:42','2020-01-23 00:05:42','2021-01-22 19:05:42'),('b76741bf043f0f209b30c01f66f12dda74711dd9fff2525eacc798400c10c64004508effb97b82a1',8,8,'Personal Access Token','[]',1,'2019-04-11 00:21:48','2019-04-11 00:21:48','2020-04-10 19:21:48'),('b7945e1316a919f8435baf5fb4765954eb9bf92312b582a642d780686a4908de7eabe5227c88560b',1,10,'Personal Access Token','[]',1,'2020-09-19 16:44:26','2020-09-19 16:44:26','2021-09-19 11:44:26'),('b7e03857d6f19668c3843cc00df73d703914da1261e1a5c67c6315f9b6b3ffcc53cd5a6ef17c0511',2,8,'Personal Access Token','[]',1,'2019-03-21 23:05:40','2019-03-21 23:05:40','2020-03-21 18:05:40'),('b8a09a8cd5c97d95f403a9a56e42c91bef8ff70ccd66d231bad85d052f87eb5171f8359b79552b68',1,10,'Personal Access Token','[]',1,'2020-01-29 19:14:12','2020-01-29 19:14:12','2021-01-29 14:14:12'),('b8a96bae8068ca5395fa0e1ee6c8e1143e4104264bffdc664eb5a953ed932dd67ab0b3e0d0835979',1,1,'Personal Access Token','[]',0,'2019-02-28 14:10:14','2019-02-28 14:10:14','2020-02-28 09:10:14'),('b8dd24c99076d68dd96a315c43225028823a17f61555e9d56d0002c40c537eec4d91fae5fe3e5bd6',1,10,'Personal Access Token','[]',1,'2020-01-31 01:02:11','2020-01-31 01:02:11','2021-01-30 20:02:11'),('b8e60eeddde8b8e442b211516ef4f57a91d6b4f7edb7de31199da76749471a4d25eeffbde7b0fe3a',1,10,'Personal Access Token','[]',0,'2020-03-06 23:26:04','2020-03-06 23:26:04','2021-03-06 18:26:04'),('ba0588bb52315acfc087f7874c252643c96c11c4df1c18aadf4389f9986a3495713a6b50ce5d7a33',1,10,'Personal Access Token','[]',1,'2020-01-31 20:37:00','2020-01-31 20:37:00','2021-01-31 15:37:00'),('ba5c8c7e980138b2d675ca50a254e31e00f8e34ceb3b267e90ad87d7a5381f31ac8b150473944732',1,10,'Personal Access Token','[]',1,'2020-01-31 01:36:56','2020-01-31 01:36:56','2021-01-30 20:36:56'),('ba6e6fe2e7dd30df30d6980a5f719dfed2932c3476ff3295437b2b98d100508900bc306c9a052ab0',8,8,'Personal Access Token','[]',1,'2019-04-11 00:24:16','2019-04-11 00:24:16','2020-04-10 19:24:16'),('ba98ad60ee034e581f107c66e23dcf45a408a1edf8b2774279ca848818347810d17b971eaf583131',1,10,'Personal Access Token','[]',0,'2020-03-09 22:01:10','2020-03-09 22:01:10','2021-03-09 17:01:10'),('baa67cd71d57fe42443291691cae75900b967ece07e3a5d8c73ee9b7a4f90517e5e1e842143913c3',1,10,'Personal Access Token','[]',0,'2020-02-14 15:30:54','2020-02-14 15:30:54','2021-02-14 10:30:54'),('baa816367a6bac2eaa7eef6c86fcd20a189a49dce2d8c651618390c9cb7ca0237d938ae26c178252',5,1,'Personal Access Token','[]',1,'2019-03-04 16:22:55','2019-03-04 16:22:55','2020-03-04 11:22:55'),('bb9724d03071e97c3e3a4c4d7ecac12090da6a5a6b92bc6974ea3158ef8da0a193ee9367b8561df8',7,8,'Personal Access Token','[]',1,'2019-09-21 18:43:17','2019-09-21 18:43:17','2020-09-21 13:43:17'),('bbcd90198a2094969b46a54ec794815fa2ece99a4b57e1b9ed0646ba43639f92c10b8e134003131a',5,1,'Personal Access Token','[]',1,'2019-03-04 16:20:57','2019-03-04 16:20:57','2020-03-04 11:20:57'),('bc917a77ad5170470eb73c7ddd7a2b74c45e5a96b8d44a0e079ea8b79607b5b4efef591e8b112f7c',7,6,'Personal Access Token','[]',1,'2019-03-21 19:39:02','2019-03-21 19:39:02','2020-03-21 14:39:02'),('bd9d025c163f94fad5a0be6b48df6f6c44b16c3c85a9f5da057aa16ef4ebf89c875da20c9157658e',1,1,'Personal Access Token','[]',0,'2019-02-28 17:51:10','2019-02-28 17:51:10','2020-02-28 12:51:10'),('bdc02fbfef19901b3a852b0f9956dc28534c9b7ccca8067da1315d1dc159a065536ad32bfc92c7fd',1,10,'Personal Access Token','[]',0,'2020-02-02 23:15:01','2020-02-02 23:15:01','2021-02-02 18:15:01'),('bdf9b0dd8e905348641c44c6e8b7f6ac661f1ffd9c639c7d057350ec2232a30705d4ac9e8a12714b',1,1,'Personal Access Token','[]',0,'2019-03-05 23:08:22','2019-03-05 23:08:22','2020-03-05 18:08:22'),('bf43edf8478cbb25904284f9150f0d9ce77e0a7dbe2aa5fd607746bdb3c133bf092679e03abb180b',8,8,'Personal Access Token','[]',1,'2019-04-11 15:01:59','2019-04-11 15:01:59','2020-04-11 10:01:59'),('bf5ba93b85541d4b92544bfe7baf1b686d3821a6d389950acda9b9109f2e442f9f313634eca74665',4,8,'Personal Access Token','[]',1,'2019-07-18 15:22:30','2019-07-18 15:22:30','2020-07-18 10:22:30'),('bf6719f061dd5a2d973f3ef3a67ee41218a276ef4c7aae21bc6ba85c6acd920a9cff8e0c9fe016fe',1,10,'Personal Access Token','[]',0,'2020-01-31 20:43:05','2020-01-31 20:43:05','2021-01-31 15:43:05'),('bf6cf8e547a4c73125f03bbbcdb5bd724aab33a32f7c87a57ae17f7e058986b723cbf4e0475390f5',1,1,'Personal Access Token','[]',0,'2019-03-06 16:01:36','2019-03-06 16:01:36','2020-03-06 11:01:36'),('bfb2261d0dd975279fe184d829bc45d3312b6ed458f5f0567d07cbf8dfd3a94dbe237b857d4b9f83',7,8,'Personal Access Token','[]',1,'2019-06-19 19:43:03','2019-06-19 19:43:03','2020-06-19 14:43:03'),('bfe56ad71a262797fa8d5dae69f66789a34db67f6af02d13c49f78967f5f5da8f6288d9fc7743a3d',4,8,'Personal Access Token','[]',0,'2019-07-26 17:24:19','2019-07-26 17:24:19','2020-07-26 12:24:19'),('c0266c933ab2615e42807d1abb4b9611d378750a67cd5d982cb7c167d98e521224aa3b99e447f3c9',7,2,'Personal Access Token','[]',1,'2019-03-12 18:49:51','2019-03-12 18:49:51','2020-03-12 13:49:51'),('c08c4fc8f8138976599c46d3c7199929391686ef48117e9ca76675a39a100a94c040d20994c9017a',4,8,'Personal Access Token','[]',1,'2019-04-26 20:17:16','2019-04-26 20:17:16','2020-04-26 15:17:16'),('c13afc0744b647ab6a50b91773b743ec5d43a0a6f92766c8c4a988953610b0b0ba4411a8c5e15bf0',7,8,'Personal Access Token','[]',1,'2019-04-12 14:42:37','2019-04-12 14:42:37','2020-04-12 09:42:37'),('c170408de4582fa0a9837bd0ae8679c88ad0e0c8068ecb71e1688a55df28b70ca732b0c644a142b6',7,8,'Personal Access Token','[]',1,'2019-09-21 18:43:17','2019-09-21 18:43:17','2020-09-21 13:43:17'),('c21efff8989cb3c01f9fe6cc2d1e96e5d8d9407af42e73714d546563c9dbc257b1f8feddebd37dd3',5,8,'Personal Access Token','[]',1,'2019-08-30 00:12:27','2019-08-30 00:12:27','2020-08-29 19:12:27'),('c276a0346f96a6679bf55b470e9d7c1186d01fab1e0fb985f5f79f061a4ef187fafbb6beec774722',7,8,'Personal Access Token','[]',1,'2019-05-27 14:03:47','2019-05-27 14:03:47','2020-05-27 09:03:47'),('c354198d0512a927221515ea46361282371291501d209616a6a30150e4037152bf7ad73163ca5406',1,1,'Personal Access Token','[]',0,'2019-03-04 01:13:26','2019-03-04 01:13:26','2020-03-03 20:13:26'),('c3541a73f13a3f980d2f2d5d01c0832f59df5fa0d27b3917c55f01c55683bdf94280a94c93250766',1,10,'Personal Access Token','[]',0,'2020-11-12 17:34:21','2020-11-12 17:34:21','2021-11-12 12:34:21'),('c368be8f367403a11d5ec22bac31dc81ed5573a1bf04a86b243d9f36b2e71b2aeaf916c712744e57',7,4,'Personal Access Token','[]',1,'2019-03-13 14:30:07','2019-03-13 14:30:07','2020-03-13 09:30:07'),('c4234eef060924b13cf1c473126362516be2a569b65f010253eb2476c55399bdb7d5d5a4be46b697',5,1,'Personal Access Token','[]',1,'2019-03-09 23:47:20','2019-03-09 23:47:20','2020-03-09 18:47:20'),('c47e01d2c8632d435501b240231fd4ddfa91fae2a663f587941e908cc9c1e404695acd9b8ca5c617',4,8,'Personal Access Token','[]',1,'2019-06-04 12:07:09','2019-06-04 12:07:09','2020-06-04 07:07:09'),('c491026105bb1e02d17c0b0c884fd4689dbb7fda1009ef1c2d945c9404f19fc6930a4435cbd55fba',7,8,'Personal Access Token','[]',1,'2019-04-12 14:42:55','2019-04-12 14:42:55','2020-04-12 09:42:55'),('c4bdd9b97c088911634cbf048c947d3e3b689420b62ad8a8e31832423f56e343dfad31509439f781',1,10,'Personal Access Token','[]',0,'2020-01-30 20:00:26','2020-01-30 20:00:26','2021-01-30 15:00:26'),('c51e426fc8535712b537647cfc3123f72f8c72603133d21825152f0d61d5a4ad59e7689eac47777e',1,10,'Personal Access Token','[]',0,'2020-02-03 18:12:52','2020-02-03 18:12:52','2021-02-03 13:12:52'),('c542262d823842dc8de34a35531936125390d7fa8f60310d0afc7814c6f73e5b2cb7d7d256b87a8c',1,1,'Personal Access Token','[]',0,'2019-03-04 14:47:02','2019-03-04 14:47:02','2020-03-04 09:47:02'),('c72006ccaa615af2552f3fb56de8082d3683e5456d1a02146a5c22f8766e79e56681843801d00710',1,1,'Personal Access Token','[]',0,'2019-02-28 04:04:52','2019-02-28 04:04:52','2020-02-27 23:04:52'),('c73e9a6725357fea3f1a5e9f4a0df3dae43d92a8a4b9061cc1b03104183a397133b98af5740ff8cb',1,10,'Personal Access Token','[]',1,'2020-01-28 23:22:09','2020-01-28 23:22:09','2021-01-28 18:22:09'),('c76c1918ca05e744703352b028706dcce8854ffcadd067ef42f6b527138085fa5c1ea528abd0ed48',1,10,'Personal Access Token','[]',0,'2020-02-13 14:58:52','2020-02-13 14:58:52','2021-02-13 09:58:52'),('c82a21ff1f769d20804b335e063d894e86d97aa64a69df73344224f0dfe418fd2450a03de3a65d26',1,10,'Personal Access Token','[]',0,'2020-10-04 21:19:34','2020-10-04 21:19:34','2021-10-04 16:19:34'),('c853cc026465daa0f1c7bc7360ad2fb2c5470582a5ec9c418414d20ea6149edc66a60fb22f106eb2',5,1,'Personal Access Token','[]',1,'2019-03-09 23:46:19','2019-03-09 23:46:19','2020-03-09 18:46:19'),('c92f98b18984c99abe130cf09585c5718d6342fb00ec3c4a079f000430391aedee9380e819d45019',7,8,'Personal Access Token','[]',1,'2019-04-12 14:42:35','2019-04-12 14:42:35','2020-04-12 09:42:35'),('ca6c37beba3affbf8f5cd7dd6329f9d21458454bcdd0afaa94e34bb9452cb2d09853edbe40528a0b',1,10,'Personal Access Token','[]',0,'2020-02-03 15:13:05','2020-02-03 15:13:05','2021-02-03 10:13:05'),('cb9cd513a47dcc84046f96c0d54b8fab78e3ada20a6d2df2e79ca0242699b07d248b1313d0d8deed',1,10,'Personal Access Token','[]',1,'2021-01-13 17:23:15','2021-01-13 17:23:15','2022-01-13 12:23:15'),('cc12fcaea6eb1e35d34fd7eeb0d5bdfc8bac3dac951f77027c8866f012cf06abed865177c6ba95a8',7,8,'Personal Access Token','[]',1,'2019-06-20 14:43:25','2019-06-20 14:43:25','2020-06-20 09:43:25'),('cc28ad2e6e16d6c568a7d8bfb5d52299af38f601fcde8f998c309ee845b3934c586aa9cf5f7c3d59',7,8,'Personal Access Token','[]',1,'2019-10-14 18:36:29','2019-10-14 18:36:29','2020-10-14 13:36:29'),('cccf41f108109e6e585da55690b4a49dde453555a72e99093de4a0ed74299bb01952bceb3d537916',5,1,'Personal Access Token','[]',1,'2019-03-07 13:51:58','2019-03-07 13:51:58','2020-03-07 08:51:58'),('ccd1821d8fae010d7a4eb1f5b77a300814ac6b2d4cd11d59efe3488d2561600d9a0442c8936d8430',1,1,'Personal Access Token','[]',0,'2019-02-28 13:21:00','2019-02-28 13:21:00','2020-02-28 08:21:00'),('cd27ed7e13e0bf064526e18209909e4f89a2c9aac1ff7aac9fd541a44cf1560bbb53e744ec24db21',1,10,'Personal Access Token','[]',1,'2020-01-31 20:39:22','2020-01-31 20:39:22','2021-01-31 15:39:22'),('ce2fda21a05f3dd6a6a4d735d16c95a5c089bdc6a9e85b6fe8652f1a34cdbc342516d8257d9c3155',1,10,'Personal Access Token','[]',0,'2020-02-12 14:43:17','2020-02-12 14:43:17','2021-02-12 09:43:17'),('ce309753837e38632122dcc987afaf1abaa4c4a934ce14f60fc8d1573dd289cd9fad99aa483fed50',7,8,'Personal Access Token','[]',1,'2019-09-21 18:43:18','2019-09-21 18:43:18','2020-09-21 13:43:18'),('ce36a52ce749d1e5b3554284273aa4c985d2640713cc3211208bcd86b8d3102c4795f431aa6a71f5',1,10,'Personal Access Token','[]',0,'2020-11-22 02:52:54','2020-11-22 02:52:54','2021-11-21 21:52:54'),('ce43600ef5d3b988c3b9f018fa27e186f5dd60a12e18ac81a98327efe6e4e3b3c8075e9956f261dd',1,10,'Personal Access Token','[]',0,'2020-09-19 17:24:46','2020-09-19 17:24:46','2021-09-19 12:24:46'),('ce73a5e5217fa35f307fd2e3717704c97d037eabb300b2358bfe242497778a3f47bcf27cc1fd0ac6',1,1,'Personal Access Token','[]',0,'2019-03-04 00:47:35','2019-03-04 00:47:35','2020-03-03 19:47:35'),('ce9737a7df699df7c461d0b187f7739b24afcd730f23a518f910f5fa6ae3a540a42ca0a62f3a9d73',1,10,'Personal Access Token','[]',0,'2020-02-03 13:48:57','2020-02-03 13:48:57','2021-02-03 08:48:57'),('ceb8b8f2e7cd7343112d3531958b6952da1565336498027fbe2bf64862ddf3bf12f567d3f4d1ff1b',7,4,'Personal Access Token','[]',1,'2019-03-13 14:30:11','2019-03-13 14:30:11','2020-03-13 09:30:11'),('cfb61feb9b215f6cdcbfe1dee604f141c2e1976ef6adf9d94ed82d86c4e8b689aff1d5b319896f0b',1,1,'Personal Access Token','[]',0,'2019-03-05 23:12:14','2019-03-05 23:12:14','2020-03-05 18:12:14'),('d0368dedd4fdc691ee52827382c9f4c735fa4761ae9cb55ec846e01026004a75df5d91e80d06b0dc',1,10,'Personal Access Token','[]',0,'2020-03-03 21:19:58','2020-03-03 21:19:58','2021-03-03 16:19:58'),('d0dade2c42f9626167a17c672df80003906debd20e89476e48094bd1ab74b999d32aab8ac042a9d1',7,8,'Personal Access Token','[]',1,'2019-04-12 14:42:36','2019-04-12 14:42:36','2020-04-12 09:42:36'),('d0ff41aef6f7aff5687dab33ad3e8a01ec1d9962f9ab8743b88a93654a7275de79e3bdd50dde7337',7,8,'Personal Access Token','[]',1,'2019-08-07 17:18:16','2019-08-07 17:18:16','2020-08-07 12:18:16'),('d13a69806b397b608b3429b55b0df4ffa77774d61c052e31a31d9c90ae0a4811986cbfdc1c0519e6',1,1,'Personal Access Token','[]',0,'2019-02-28 19:14:16','2019-02-28 19:14:16','2020-02-28 14:14:16'),('d14fa02861ce0aff66dad22fa41a8ab51982e8c822c7dcfadb27cff6b3daa1288fc8efcf24691e60',7,8,'Personal Access Token','[]',1,'2019-03-21 21:06:22','2019-03-21 21:06:22','2020-03-21 16:06:22'),('d1eba94e7a17f49c96c3ab1f3e6b4a5621654ee6da0bcfb7269b13447a2ebba42fffe82c61b3d9ee',1,10,'Personal Access Token','[]',0,'2020-01-22 13:36:24','2020-01-22 13:36:24','2021-01-22 08:36:24'),('d32630f29b2f8c59e6aec2115c6a00e7d36f6a0dc95f798d3ad14018b3374741ef62ff3f2b61bb94',7,8,'Personal Access Token','[]',1,'2019-04-12 14:42:54','2019-04-12 14:42:54','2020-04-12 09:42:54'),('d3abd26fd13facdaae6831d55d21bf8eb0d2809212541af72af26a64897ec9d23aceb9cedb2605bc',1,1,'Personal Access Token','[]',1,'2019-02-28 03:39:34','2019-02-28 03:39:34','2020-02-27 22:39:34'),('d4eacf4eb80a30e0248ffdf57e5818d155827c6bb5df83cb33318233b5ddaa587c68677ee1b0f617',2,8,'Personal Access Token','[]',0,'2019-03-22 14:12:52','2019-03-22 14:12:52','2020-03-22 09:12:52'),('d65b5c4bf929a7fbcbafc87993658e62b9ee737a6c609476ad73ff1bc8ce1fefd21300fc9db73f14',1,1,'Personal Access Token','[]',0,'2019-03-04 14:18:38','2019-03-04 14:18:38','2020-03-04 09:18:38'),('d665dd8a4c24f3593f73e290c9f3bcee79090f85d29ffe02feb8813da4672d42c9b919e0afc91954',1,10,'Personal Access Token','[]',0,'2020-02-18 19:35:56','2020-02-18 19:35:56','2021-02-18 14:35:56'),('d6b249401c636aeb5af44ff64957148e61966d16e009e03bfcd4a75ce31fd7764a97ed0e71b3b00b',1,10,'Personal Access Token','[]',0,'2020-10-26 23:33:09','2020-10-26 23:33:09','2021-10-26 18:33:09'),('d6e7d0f42d0dbebefa008b8237daf9954e3aa7a859437dd539dd111c158ff08ecce537fbe94e33e4',1,10,'Personal Access Token','[]',1,'2020-01-31 00:54:04','2020-01-31 00:54:04','2021-01-30 19:54:04'),('d77450e2d80aeb23d7aa471d5be80fd6625f81590b3538d5f2e5613b8ea2a5c1099b02d28efc63e8',7,8,'Personal Access Token','[]',1,'2019-06-19 22:17:30','2019-06-19 22:17:30','2020-06-19 17:17:30'),('d7cd52d2bf8ea86819dd7b1e4e4bdce68c406fa46439aba31574ceddc52aabc345eac4e66ed78d21',1,10,'Personal Access Token','[]',0,'2020-01-28 23:24:13','2020-01-28 23:24:13','2021-01-28 18:24:13'),('d8879db4c12b5ffd7a6b106305612aac5d1b40f771dd9066d0ac914acfc943c5d590200bf6173caf',8,8,'Personal Access Token','[]',1,'2019-04-11 00:22:10','2019-04-11 00:22:10','2020-04-10 19:22:10'),('d8b01aeb74c0d9d967cd052cc5b25281b9e8515c28040b319fed09cb997e5fa0f0b935b322445f77',5,8,'Personal Access Token','[]',1,'2019-04-05 18:54:47','2019-04-05 18:54:47','2020-04-05 13:54:47'),('d8dc62d05622f85f90a3afb27a236c223c411fcc9661432a3389fecef2b30effd7031ea5af8e34db',7,8,'Personal Access Token','[]',1,'2019-09-13 00:35:55','2019-09-13 00:35:55','2020-09-12 19:35:55'),('d9454e48540d6a1cea667d3580e75cfefefcdec31a3eb158998cbcc54df0edf70e76386182ea4515',7,8,'Personal Access Token','[]',1,'2019-09-21 18:43:18','2019-09-21 18:43:18','2020-09-21 13:43:18'),('d98f4fa3047246dbd6b5bb59eb1d3800b3aeebb330134fdff215a32e68da81b40556c36c47f843b6',7,2,'Personal Access Token','[]',1,'2019-03-12 18:44:29','2019-03-12 18:44:29','2020-03-12 13:44:29'),('da1c53140401a4d6d81626c42f100f4a835e2827de9e34654241ff419b8e00e82bd21eeeb665c996',1,1,'Personal Access Token','[]',0,'2019-02-28 15:40:33','2019-02-28 15:40:33','2020-02-28 10:40:33'),('db18bf414e2695e377406911993ee6d43bc251cc27c956e9aa11a287b5691aeb4aa95a6f3dd2b37f',7,8,'Personal Access Token','[]',1,'2019-03-21 20:53:51','2019-03-21 20:53:51','2020-03-21 15:53:51'),('db781676fdb6b28e17606d435878f59f288cd8cc81c352b89b8b0592441966493fea1f266cb6f3f0',7,8,'Personal Access Token','[]',1,'2019-08-30 00:13:13','2019-08-30 00:13:13','2020-08-29 19:13:13'),('dbde0aa7aeffa8374b167f81be80ccadcda23dad4bfb40c3324e07f374a18d3451c918e06e948e8d',5,1,'Personal Access Token','[]',1,'2019-03-05 19:27:31','2019-03-05 19:27:31','2020-03-05 14:27:31'),('dc27eb5897ba35224716190e93049fc302d27a2b1afe7b661f076a87244c13f38cd28230315cb080',7,8,'Personal Access Token','[]',1,'2019-09-21 18:43:17','2019-09-21 18:43:17','2020-09-21 13:43:17'),('dc3061ef0e946c841aa601a1e873110742c44c165435e0f84df47e770b9ae0c19b38d5b15ff3c219',1,1,'Personal Access Token','[]',0,'2019-03-04 15:11:30','2019-03-04 15:11:30','2020-03-04 10:11:30'),('dc6ba5f18e1e2a52db682e685dcb4b319892aa8e298cb3a989f543db77ec70e66205fcb79addf04a',5,1,'Personal Access Token','[]',1,'2019-03-04 13:09:33','2019-03-04 13:09:33','2020-03-04 08:09:33'),('dcc149133ae77d35b99dcbaa40b5794d0499341bd0cff3d4b83015f56f72b727802dfa71460349db',1,1,'Personal Access Token','[]',0,'2019-03-01 02:32:33','2019-03-01 02:32:33','2020-02-28 21:32:33'),('dde5e77ced351f869f95919b16c129b498a11a379f6e9339e23aed41c983cdf5fc7843e282cfdf46',1,10,'Personal Access Token','[]',0,'2020-01-19 23:48:21','2020-01-19 23:48:21','2021-01-19 18:48:21'),('ddfb39bede89954559a85be6ff62ff402699a0e90d006d70b3c7ecc986b28fc5b01e02839d7091bb',1,10,'Personal Access Token','[]',0,'2020-02-13 16:58:19','2020-02-13 16:58:19','2021-02-13 11:58:19'),('de9c30f1e672d153cd38ff9b54179aaee8cd4d1eeed11de83f34c2ad7e6ed4ab4c5ddfaa56cdf5d6',1,10,'Personal Access Token','[]',1,'2020-01-30 19:00:49','2020-01-30 19:00:49','2021-01-30 14:00:49'),('df06eb9383eb046320ceec3ac773c483e295d9fe39c2afda5d671fac738e92196c30e071f7ffa42c',8,8,'Personal Access Token','[]',1,'2019-04-11 00:22:09','2019-04-11 00:22:09','2020-04-10 19:22:09'),('e014e6ffa54c6af07987d855b1cedadcfd8a240ed4c3869f5ff13a2a58dc82980237e00132ab9a92',5,8,'Personal Access Token','[]',1,'2019-04-05 18:54:43','2019-04-05 18:54:43','2020-04-05 13:54:43'),('e0b7336a58c42144f25006e1adb2df9168411147daad0fa606e7b72832769799a6c8a074a85c09be',1,10,'Personal Access Token','[]',0,'2020-11-06 13:50:34','2020-11-06 13:50:34','2021-11-06 08:50:34'),('e0fb8ad2c565a7a314ad5667ad43487622481ffe5e87d6640e9b0dbd04076a9a258b00c30c68b023',1,10,'Personal Access Token','[]',0,'2020-02-11 15:13:32','2020-02-11 15:13:32','2021-02-11 10:13:32'),('e136420ad7bb5497849fa12272bfb5b7e231a5e148728ee08075f6a78b400ee914299129d4b9fafd',5,1,'Personal Access Token','[]',1,'2019-03-10 00:05:35','2019-03-10 00:05:35','2020-03-09 19:05:35'),('e252201b7067ae5384371c67a8e22bfd5b057d4017d4e2437f5a530016b448ffd083e0c5489c7226',1,1,'Personal Access Token','[]',0,'2019-03-06 17:03:45','2019-03-06 17:03:45','2020-03-06 12:03:45'),('e25f5222ce56ff933ed36ac873770cb0d7669d4f484769bd15e45a91acd179600be4b2293542815a',5,8,'Personal Access Token','[]',1,'2019-06-28 19:19:45','2019-06-28 19:19:45','2020-06-28 14:19:45'),('e335c3826b5de026e63f827215ad8a1f236be9d6df2b564641d54258e75ee314e3bdda295ac20534',7,8,'Personal Access Token','[]',1,'2019-09-21 18:43:18','2019-09-21 18:43:18','2020-09-21 13:43:18'),('e36657d7814f2b83ddfb0f2fcaedad08abd752baa6a05a9d15dae303790b54c62aaab7660998fc61',2,4,'Personal Access Token','[]',0,'2019-03-21 15:31:07','2019-03-21 15:31:07','2020-03-21 10:31:07'),('e384c6315911ca62a3f9bef346e76721bd7b1b22803260998a357c4961d984ce7d50a1be1db0b75d',8,8,'Personal Access Token','[]',1,'2019-04-11 00:24:16','2019-04-11 00:24:16','2020-04-10 19:24:16'),('e422956e5089a2924715aeee7d2018a25c9124a424c2c68d32103bc1af8e692711537320bb3ab5aa',1,10,'Personal Access Token','[]',1,'2020-03-05 20:26:47','2020-03-05 20:26:47','2021-03-05 15:26:47'),('e48b0593c2887285134bcbc52c9f4cd071ecb70dba15f041562e5cdd69962f5b5f3c198cdb661de6',7,8,'Personal Access Token','[]',1,'2019-07-28 00:29:08','2019-07-28 00:29:08','2020-07-27 19:29:08'),('e4b9f4079e3e970cdde42096ee3d5f287cc0573c783ac7a68408fe540659a318b49e8e47cada059e',1,10,'Personal Access Token','[]',1,'2020-09-07 14:31:31','2020-09-07 14:31:31','2021-09-07 09:31:31'),('e55cd6c0cc2b5ab7d0e6246153cc10b006d799463c059deb98d9d81123c0274f746ebd9bbb9a0e3e',4,2,'Personal Access Token','[]',0,'2019-03-12 18:11:20','2019-03-12 18:11:20','2020-03-12 13:11:20'),('e5cb130e406dd72b3535d4154badf4a8743872b95938b512d2aa8f0ac184e1921e12f92c61f66c3e',5,1,'Personal Access Token','[]',0,'2019-03-04 13:23:02','2019-03-04 13:23:02','2020-03-04 08:23:02'),('e5de30fa5a22cb51d8593d1f8751d110cdea02b7f57aa4a7a7935add7a6d917acaa1fc6c505415e3',1,10,'Personal Access Token','[]',0,'2020-10-08 03:20:54','2020-10-08 03:20:54','2021-10-07 22:20:54'),('e612b9e5f32f158faea2cf193cc6a1be828f0a77436f48cc3bac40171982c6c00719cecfd8e76be1',1,10,'Personal Access Token','[]',1,'2020-02-18 20:45:07','2020-02-18 20:45:07','2021-02-18 15:45:07'),('e61a4d1e70199797496ce9d65613b7997a8652b3308d7c58b18577f3fd01ee20a071ccca49a83c5a',1,10,'Personal Access Token','[]',1,'2020-01-28 23:24:45','2020-01-28 23:24:45','2021-01-28 18:24:45'),('e62229816e7e5be7dc241c826941556363564514596dd8b64f7d2334283456370e4e9895bddebef0',7,8,'Personal Access Token','[]',1,'2019-04-12 14:42:53','2019-04-12 14:42:53','2020-04-12 09:42:53'),('e6fdf42fad340b7c58376660da64d377877e696a6d74eb3d3a3aa32426441b3ec7f82af4c585fca9',4,8,'Personal Access Token','[]',0,'2019-09-20 18:38:14','2019-09-20 18:38:14','2020-09-20 13:38:14'),('e77476a976fdee0fad06566bf14ff4c8e8625aa6b0d4eb070be3aa0ada4b894c32d3d26d73284709',1,1,'Personal Access Token','[]',0,'2019-02-28 14:39:25','2019-02-28 14:39:25','2020-02-28 09:39:25'),('e7dbe8086b68bf2d182fe51e6ee8bd5fda862c744aa9cc8134d6ca32091aa17326eb5acd7642fe38',7,8,'Personal Access Token','[]',1,'2019-06-21 16:40:41','2019-06-21 16:40:41','2020-06-21 11:40:41'),('e7facd7c6b7e83812ce7e6f47e3173b72f8613d7ec1f41aa971150168c8e74272a4046a92eae46c8',7,8,'Personal Access Token','[]',1,'2019-09-21 18:43:18','2019-09-21 18:43:18','2020-09-21 13:43:18'),('e8d7d1ea59c3c8c9a8d335ab2798c18150448194a7355d4438ccc25272f55ebd0c2068fc420ea6de',4,8,'Personal Access Token','[]',0,'2019-06-28 19:30:21','2019-06-28 19:30:21','2020-06-28 14:30:21'),('e9fb06581a708554d78fbfb0507de49fb25f1ebc20b69103b64fbadd5ebb59d06065280f006542ff',1,10,'Personal Access Token','[]',0,'2020-01-31 22:06:52','2020-01-31 22:06:52','2021-01-31 17:06:52'),('ea1564495b81be226b3ee629cd8d00631356c014b50e867e6283603498f20006798c95b92faa9fbe',1,1,'Personal Access Token','[]',0,'2019-03-04 01:08:04','2019-03-04 01:08:04','2020-03-03 20:08:04'),('eb6b28524aa1688c61f563d7814462ba2a071e850ed9f76071e9b680cd3978a7a8ea1fb0b86c3e5e',5,1,'Personal Access Token','[]',0,'2019-03-04 16:20:11','2019-03-04 16:20:11','2020-03-04 11:20:11'),('ec7e974ea8a757e0ec7f613d9874b6939e5604c92b4551f354ba2c34d1a812cdf4fb55aefee1ee6d',7,8,'Personal Access Token','[]',1,'2019-04-12 14:42:54','2019-04-12 14:42:54','2020-04-12 09:42:54'),('eced0c6c2dc34ac5b56801cdfac642d4ebf6755497d7d5ade18301e99f0ff6b69113049f13a0db76',1,10,'Personal Access Token','[]',1,'2020-02-14 15:17:35','2020-02-14 15:17:35','2021-02-14 10:17:35'),('ed659cec4192e7e4052af2f57b8cd1f8f552e6e1b8336d918e07382229f159884595326830ca82f2',1,10,'Personal Access Token','[]',1,'2020-01-31 00:51:50','2020-01-31 00:51:50','2021-01-30 19:51:50'),('eda0dea99dc1cd69ca33bf36b9b3db1af021f928a63e4f119e9277e0370275fcb5376a65a2815ee3',1,10,'Personal Access Token','[]',0,'2020-09-06 22:11:51','2020-09-06 22:11:51','2021-09-06 17:11:51'),('ede93de7ea119443ebfd0546e049927adedec9abd00db2d9f1a28b1bc1142a78b039301ece8cae65',7,8,'Personal Access Token','[]',1,'2019-06-03 19:28:26','2019-06-03 19:28:26','2020-06-03 14:28:26'),('ee397536edded071e4d03e7eb4b895b9d49e8fac9eadf8b43e122057dd01b3578464fb4fe273091e',1,1,'Personal Access Token','[]',0,'2019-03-06 16:16:57','2019-03-06 16:16:57','2020-03-06 11:16:57'),('ee5c04b94cffb82925afda7874188508449c013ad991e167633a145b7fa8a6480875e3d17b498c51',1,10,'Personal Access Token','[]',0,'2020-01-31 01:35:06','2020-01-31 01:35:06','2021-01-30 20:35:06'),('ee8aeeed6eb121fee64b9bf2c0df0fbf04731a4991fbc406f66421fa44cc4affc037d7c859cfdcf2',1,1,'Personal Access Token','[]',0,'2019-03-06 16:12:15','2019-03-06 16:12:15','2020-03-06 11:12:15'),('ee98a78e019b5d36eb0756687301df5909067ae26f8120aa255be24c91dd3d4cdf12611202360833',7,8,'Personal Access Token','[]',1,'2019-04-01 17:02:10','2019-04-01 17:02:10','2020-04-01 12:02:10'),('eebc2c4dbf42cd4625b568d7970a9e5d634e0edcd9b2d395670761d00a6ab2e3d8f6a38926257d05',1,1,'Personal Access Token','[]',0,'2019-03-04 00:50:01','2019-03-04 00:50:01','2020-03-03 19:50:01'),('eeed907249cd2af79734e185c93ab57dcdfc9d3284232e948464da6b52164768c22b47429355fa4e',2,8,'Personal Access Token','[]',0,'2019-04-10 01:00:42','2019-04-10 01:00:42','2020-04-09 20:00:42'),('ef3e0713aab8ee86524e4ea0496a3be4f91e5e08b51801998528fb2d3696d3e6a9f4865646c1abb3',1,10,'Personal Access Token','[]',0,'2020-11-06 15:12:40','2020-11-06 15:12:40','2021-11-06 10:12:40'),('f03fdaa03b0c63f1dbd0013a0e7bcaede5ab84fa316e20d304e6ee9a813d4cf09225981e53df785c',1,10,'Personal Access Token','[]',0,'2020-01-31 21:57:24','2020-01-31 21:57:24','2021-01-31 16:57:24'),('f0c26e250c3fdf73a0084b2b2868e55fd13a32ff4c89559a6bc2f6d85e2328e89e98882d0065ce08',5,1,'Personal Access Token','[]',0,'2019-03-05 21:47:33','2019-03-05 21:47:33','2020-03-05 16:47:33'),('f0ec065173f2a027e6962e764cf85fabf3f5cfa8bf577d29246be244ce9bcdd95143378f9187a159',1,10,'Personal Access Token','[]',0,'2020-01-21 23:59:49','2020-01-21 23:59:49','2021-01-21 18:59:49'),('f0fbe0490c5f95721e4f0b92c6cf24728f7abdd16eadbe7f10bce161ff5cff18d2be0aae77eb4c52',5,1,'Personal Access Token','[]',1,'2019-03-05 00:09:23','2019-03-05 00:09:23','2020-03-04 19:09:23'),('f2a5ae631536f02c66a0828297a5bf110a8820457587226b22094db7cac693c79f1abbfbf56b2dc3',7,8,'Personal Access Token','[]',1,'2019-09-21 18:43:16','2019-09-21 18:43:16','2020-09-21 13:43:16'),('f2dafb4723d6cd3c6f8e1edff1417f441d1734ba8afc985e9b8add04580d4c1bf957c5773a97ae2e',7,8,'Personal Access Token','[]',1,'2019-07-16 00:14:41','2019-07-16 00:14:41','2020-07-15 19:14:41'),('f5204e3fabbbc4d634ce56bedc8717c5675b41cdcc487ad4668b258f8008726011707fc514cbae14',7,8,'Personal Access Token','[]',1,'2019-08-06 18:33:50','2019-08-06 18:33:50','2020-08-06 13:33:50'),('f524ffc4af2f9b45e2871e64ff292eab614afdc38566a182e58b19e4dc7786df759f72b6376ba01c',1,1,'Personal Access Token','[]',0,'2019-02-28 19:29:21','2019-02-28 19:29:21','2020-02-28 14:29:21'),('f532c9779d3c7989a93dee24743c9ee6685bf4ff1d6d8a9f605451a209784381f1c0ed112e1adbc0',1,10,'Personal Access Token','[]',0,'2020-02-14 15:31:14','2020-02-14 15:31:14','2021-02-14 10:31:14'),('f55835c3de8912da7426b22da94f3448c9796171745a49699053effd27412010384fd12a73c46e25',5,4,'Personal Access Token','[]',1,'2019-03-21 14:26:47','2019-03-21 14:26:47','2020-03-21 09:26:47'),('f567043090ea75d1536055280be098bc7457a691cb653110f765a543cc0358a5aee703e6f0450c42',4,8,'Personal Access Token','[]',0,'2019-07-12 16:29:20','2019-07-12 16:29:20','2020-07-12 11:29:20'),('f62f42ceddd4da32de60202dd3c2634bdd58c6f19819a501b388fce2207f4965f4608ccbd7a585e1',1,10,'Personal Access Token','[]',0,'2020-01-31 14:47:31','2020-01-31 14:47:31','2021-01-31 09:47:31'),('f63e187fb7b97a675c4148dd55e1e4e23ef24c848b5ebc89d101da6aac65a66cfbf585bada8f2aea',5,1,'Personal Access Token','[]',0,'2019-03-05 20:11:56','2019-03-05 20:11:56','2020-03-05 15:11:56'),('f673d2f6dde3a2a3a192db1e7bc8cb9287d7627f56c692a695c229dd444c1bc89334a0a71ac79b2a',1,1,'Personal Access Token','[]',0,'2019-02-28 17:18:55','2019-02-28 17:18:55','2020-02-28 12:18:55'),('f6ab4043b2aa067d48e6c10785ce5b66f3d9a0a1dcd4cc4f9bb9988d7e8522110d989a8180af6606',1,10,'Personal Access Token','[]',0,'2020-02-07 16:01:32','2020-02-07 16:01:32','2021-02-07 11:01:32'),('f7251453d4a995861176661abc0917c0be9237f7aa034dbf4faf71da4fdf3b09ad2120e90bf19d0b',1,10,'Personal Access Token','[]',0,'2020-02-14 15:31:03','2020-02-14 15:31:03','2021-02-14 10:31:03'),('f742081b84839bdc98b89f8b4ef516f0c8d45730effb10629fe7aca1b038129a419b66ffaaf65916',1,10,'Personal Access Token','[]',1,'2020-02-13 16:05:48','2020-02-13 16:05:48','2021-02-13 11:05:48'),('f7717b64f01828a6c55e4fce1f177e11f2993c6eecb35a52370c0444a4c04041cf723515190cb9dd',1,10,'Personal Access Token','[]',0,'2020-01-30 18:56:28','2020-01-30 18:56:28','2021-01-30 13:56:28'),('f86d122fa2852188d445149958a81f508ccb17b8786afc9870cdb8e1aeb06f272da534999d0c1528',1,10,'Personal Access Token','[]',1,'2020-01-31 20:38:53','2020-01-31 20:38:53','2021-01-31 15:38:53'),('f89245a397b5a29a9360317d1e03f29449955d1b79b0afd52035dabf457209db2ba290239dcb036e',1,10,'Personal Access Token','[]',1,'2020-09-19 16:39:38','2020-09-19 16:39:38','2021-09-19 11:39:38'),('f89666bc27cd5df1a2a278c2d4538253859643a8d1fc7e61081cb574b9528f3463cf7326de1e3b8c',7,8,'Personal Access Token','[]',1,'2019-03-23 02:52:57','2019-03-23 02:52:57','2020-03-22 21:52:57'),('f8ac22d13631762b00409ecf122be5fa7292f888159d7cc39c67fc83a902a56c17c6851630cee9b3',2,8,'Personal Access Token','[]',0,'2019-06-03 20:10:55','2019-06-03 20:10:55','2020-06-03 15:10:55'),('f8f09f10635a65cee7a13e70dde4f297af9518f49dd9883f03783d699566d365930da2f9401616a8',4,2,'Personal Access Token','[]',0,'2019-03-12 15:39:56','2019-03-12 15:39:56','2020-03-12 10:39:56'),('f9291c3241668b9bf10e991066c6234f5784fd4d26f126dd902a0d8658fb126a365e6e1679772672',1,10,'Personal Access Token','[]',1,'2021-01-13 17:28:30','2021-01-13 17:28:30','2022-01-13 12:28:30'),('f987fce001f9b05cd9e39425a0b91f27c8f682c9dbb6ef29bec24ae738377c5f4ede0e33d6ab224b',5,1,'Personal Access Token','[]',1,'2019-03-09 23:11:13','2019-03-09 23:11:13','2020-03-09 18:11:13'),('f9c79fbecd5bade12c10e87f153c831e144045dedccf83d886fe86c15a1b62da7fd48088387b29ac',1,1,'Personal Access Token','[]',0,'2019-03-01 02:40:19','2019-03-01 02:40:19','2020-02-28 21:40:19'),('f9e42fc9e1284354026ba0813450b732e187e53975ea2918d77fed0bbe0a6e145db0c8eea976dc89',1,10,'Personal Access Token','[]',0,'2020-01-21 16:30:30','2020-01-21 16:30:30','2021-01-21 11:30:30'),('fa07006be68954cdd6978121fe5b2bcabe413a34255ca462c3b0f26c26be85669e47596cb4f9b2a5',4,8,'Personal Access Token','[]',0,'2019-05-15 21:09:23','2019-05-15 21:09:23','2020-05-15 16:09:23'),('fade9b74139eb4188a2ea1b04809c8937a758520d9a45e9b08481056b56e1d964b6e1db3c5f4784d',5,1,'Personal Access Token','[]',1,'2019-03-10 17:02:22','2019-03-10 17:02:22','2020-03-10 12:02:22'),('fbd09aa34479a3118b1b35c06504efd1520d7f3f70e7b32cf15887f035188fe53f162b4debec19c0',1,10,'Personal Access Token','[]',0,'2020-09-07 16:11:49','2020-09-07 16:11:49','2021-09-07 11:11:49'),('fbdb37036af87da55f7b61e3f6a4b2f9e60a651cbdd51cf57815b874e40bbd59a8dfcd41d7032378',4,8,'Personal Access Token','[]',1,'2019-07-09 14:03:21','2019-07-09 14:03:21','2020-07-09 09:03:21'),('fc6f329c9eae8e3e12141dd3e9083fd0722ab3f774aa94a3c93b7c16a2e916a8793596d75f6b5ac4',4,8,'Personal Access Token','[]',0,'2019-05-15 20:14:07','2019-05-15 20:14:07','2020-05-15 15:14:07'),('fcb363cc3dc6a72f7f87ae9a2a463d16ace1d9811ee31e12a7aa89cc911b5073551fa46ab08d08a8',5,8,'Personal Access Token','[]',1,'2019-04-05 18:56:03','2019-04-05 18:56:03','2020-04-05 13:56:03'),('fd6476abb3a0cbe8eefd06590ff94fc0d3d2ebe9d365551611c9d417e7e14aab4f2789ed3e3cbc3d',4,4,'Personal Access Token','[]',0,'2019-03-20 00:55:01','2019-03-20 00:55:01','2020-03-19 19:55:01'),('fe44756f78915c5e664243050e092c7d28dbb06b39216f94455ee1c828671ee706f6dc70bc7f897f',1,1,'Personal Access Token','[]',0,'2019-03-01 03:16:23','2019-03-01 03:16:23','2020-02-28 22:16:23'),('feaaa3f5d1ad00e485bafaa4782f9bcc2ed92e825770314bb6f3e4a5da3f80fbffcf94e71ac04c5e',1,10,'Personal Access Token','[]',0,'2020-02-11 15:16:28','2020-02-11 15:16:28','2021-02-11 10:16:28');
/*!40000 ALTER TABLE `oauth_access_tokens` ENABLE KEYS */;
UNLOCK TABLES;

--
-- Table structure for table `oauth_auth_codes`
--

DROP TABLE IF EXISTS `oauth_auth_codes`;
/*!40101 SET @saved_cs_client     = @@character_set_client */;
/*!50503 SET character_set_client = utf8mb4 */;
CREATE TABLE `oauth_auth_codes` (
  `id` varchar(100) CHARACTER SET utf8mb4 COLLATE utf8mb4_unicode_ci NOT NULL,
  `user_id` int NOT NULL,
  `client_id` int NOT NULL,
  `scopes` text CHARACTER SET utf8mb4 COLLATE utf8mb4_unicode_ci,
  `revoked` tinyint(1) NOT NULL,
  `expires_at` datetime DEFAULT NULL,
  PRIMARY KEY (`id`)
) ENGINE=InnoDB DEFAULT CHARSET=utf8mb4 COLLATE=utf8mb4_unicode_ci;
/*!40101 SET character_set_client = @saved_cs_client */;

--
-- Dumping data for table `oauth_auth_codes`
--

LOCK TABLES `oauth_auth_codes` WRITE;
/*!40000 ALTER TABLE `oauth_auth_codes` DISABLE KEYS */;
/*!40000 ALTER TABLE `oauth_auth_codes` ENABLE KEYS */;
UNLOCK TABLES;

--
-- Table structure for table `oauth_clients`
--

DROP TABLE IF EXISTS `oauth_clients`;
/*!40101 SET @saved_cs_client     = @@character_set_client */;
/*!50503 SET character_set_client = utf8mb4 */;
CREATE TABLE `oauth_clients` (
  `id` int unsigned NOT NULL AUTO_INCREMENT,
  `user_id` int DEFAULT NULL,
  `name` varchar(255) CHARACTER SET utf8mb4 COLLATE utf8mb4_unicode_ci NOT NULL,
  `secret` varchar(100) CHARACTER SET utf8mb4 COLLATE utf8mb4_unicode_ci NOT NULL,
  `redirect` text CHARACTER SET utf8mb4 COLLATE utf8mb4_unicode_ci NOT NULL,
  `personal_access_client` tinyint(1) NOT NULL,
  `password_client` tinyint(1) NOT NULL,
  `revoked` tinyint(1) NOT NULL,
  `created_at` timestamp NULL DEFAULT NULL,
  `updated_at` timestamp NULL DEFAULT NULL,
  PRIMARY KEY (`id`),
  KEY `oauth_clients_user_id_index` (`user_id`)
) ENGINE=InnoDB AUTO_INCREMENT=12 DEFAULT CHARSET=utf8mb4 COLLATE=utf8mb4_unicode_ci;
/*!40101 SET character_set_client = @saved_cs_client */;

--
-- Dumping data for table `oauth_clients`
--

LOCK TABLES `oauth_clients` WRITE;
/*!40000 ALTER TABLE `oauth_clients` DISABLE KEYS */;
INSERT INTO `oauth_clients` VALUES (1,NULL,'noe','95Zmso35NoD1ZsLg67nIoVRi787AbnoJ3EI86DSO','http://localhost',1,0,0,'2019-01-24 14:06:21','2019-01-24 14:06:21'),(2,NULL,'Laravel Personal Access Client','FL2TnWQfUEWWq6SxukMZz68DfG86PngxTnKdHRIb','http://localhost',1,0,0,'2019-03-11 20:41:38','2019-03-11 20:41:38'),(3,NULL,'Laravel Password Grant Client','mSdpoBjLRIs75M4qXWpCWf3l0NFHfAjnY0HPpipD','http://localhost',0,1,0,'2019-03-11 20:41:38','2019-03-11 20:41:38'),(4,NULL,'Laravel Personal Access Client','W8nnWIIhiH5jmEpzB11kg86rSpo9OOtYLq6XqSmo','http://localhost',1,0,0,'2019-03-13 05:19:16','2019-03-13 05:19:16'),(5,NULL,'Laravel Password Grant Client','MEu567Z7GiPsmhpydJkgWsSZGSAUrtBxKgiU2t4P','http://localhost',0,1,0,'2019-03-13 05:19:16','2019-03-13 05:19:16'),(6,NULL,'Laravel Personal Access Client','AbUOSNAHls7pqyqUg27k2QVrrD1fccZ8VLbvKvgA','http://localhost',1,0,0,'2019-03-21 19:37:31','2019-03-21 19:37:31'),(7,NULL,'Laravel Password Grant Client','IIox8eB2FnS8Z0mlrIqFzVH7Vb0ZSvA4v8EdAGfA','http://localhost',0,1,0,'2019-03-21 19:37:31','2019-03-21 19:37:31'),(8,NULL,'Laravel Personal Access Client','asmMs8sh0lMhMSapN0TsGdCK1F57VIDAGF7nROVI','http://localhost',1,0,0,'2019-03-21 20:11:31','2019-03-21 20:11:31'),(9,NULL,'Laravel Password Grant Client','YdWU5dkND5XHDK3upTf4axjoEXkMQkG7tdvMypOw','http://localhost',0,1,0,'2019-03-21 20:11:31','2019-03-21 20:11:31'),(10,NULL,'Laravel Personal Access Client','qjvOTL28fwhlqt89kVVXoT79wJZ0OOSiNFGhJCSG','http://localhost',1,0,0,'2019-11-19 14:22:07','2019-11-19 14:22:07'),(11,NULL,'Laravel Password Grant Client','x5z2y31j9ZaL6qopxOKCYxWL68hNJZbKtvJcxFeW','http://localhost',0,1,0,'2019-11-19 14:22:07','2019-11-19 14:22:07');
/*!40000 ALTER TABLE `oauth_clients` ENABLE KEYS */;
UNLOCK TABLES;

--
-- Table structure for table `oauth_personal_access_clients`
--

DROP TABLE IF EXISTS `oauth_personal_access_clients`;
/*!40101 SET @saved_cs_client     = @@character_set_client */;
/*!50503 SET character_set_client = utf8mb4 */;
CREATE TABLE `oauth_personal_access_clients` (
  `id` int unsigned NOT NULL AUTO_INCREMENT,
  `client_id` int NOT NULL,
  `created_at` timestamp NULL DEFAULT NULL,
  `updated_at` timestamp NULL DEFAULT NULL,
  PRIMARY KEY (`id`),
  KEY `oauth_personal_access_clients_client_id_index` (`client_id`)
) ENGINE=InnoDB AUTO_INCREMENT=7 DEFAULT CHARSET=utf8mb4 COLLATE=utf8mb4_unicode_ci;
/*!40101 SET character_set_client = @saved_cs_client */;

--
-- Dumping data for table `oauth_personal_access_clients`
--

LOCK TABLES `oauth_personal_access_clients` WRITE;
/*!40000 ALTER TABLE `oauth_personal_access_clients` DISABLE KEYS */;
INSERT INTO `oauth_personal_access_clients` VALUES (1,1,'2019-01-24 14:06:21','2019-01-24 14:06:21'),(2,2,'2019-03-11 20:41:38','2019-03-11 20:41:38'),(3,4,'2019-03-13 05:19:16','2019-03-13 05:19:16'),(4,6,'2019-03-21 19:37:31','2019-03-21 19:37:31'),(5,8,'2019-03-21 20:11:31','2019-03-21 20:11:31'),(6,10,'2019-11-19 14:22:07','2019-11-19 14:22:07');
/*!40000 ALTER TABLE `oauth_personal_access_clients` ENABLE KEYS */;
UNLOCK TABLES;

--
-- Table structure for table `oauth_refresh_tokens`
--

DROP TABLE IF EXISTS `oauth_refresh_tokens`;
/*!40101 SET @saved_cs_client     = @@character_set_client */;
/*!50503 SET character_set_client = utf8mb4 */;
CREATE TABLE `oauth_refresh_tokens` (
  `id` varchar(100) CHARACTER SET utf8mb4 COLLATE utf8mb4_unicode_ci NOT NULL,
  `access_token_id` varchar(100) CHARACTER SET utf8mb4 COLLATE utf8mb4_unicode_ci NOT NULL,
  `revoked` tinyint(1) NOT NULL,
  `expires_at` datetime DEFAULT NULL,
  PRIMARY KEY (`id`),
  KEY `oauth_refresh_tokens_access_token_id_index` (`access_token_id`)
) ENGINE=InnoDB DEFAULT CHARSET=utf8mb4 COLLATE=utf8mb4_unicode_ci;
/*!40101 SET character_set_client = @saved_cs_client */;

--
-- Dumping data for table `oauth_refresh_tokens`
--

LOCK TABLES `oauth_refresh_tokens` WRITE;
/*!40000 ALTER TABLE `oauth_refresh_tokens` DISABLE KEYS */;
/*!40000 ALTER TABLE `oauth_refresh_tokens` ENABLE KEYS */;
UNLOCK TABLES;

--
-- Table structure for table `pag_tipo_pago`
--

DROP TABLE IF EXISTS `pag_tipo_pago`;
/*!40101 SET @saved_cs_client     = @@character_set_client */;
/*!50503 SET character_set_client = utf8mb4 */;
CREATE TABLE `pag_tipo_pago` (
  `pago_tipo_pago_id` varchar(100) NOT NULL,
  `pago_tipo_pago_nombre` varchar(50) NOT NULL,
  `pago_tipo_pago_codigo` varchar(2) DEFAULT NULL,
  PRIMARY KEY (`pago_tipo_pago_id`),
  UNIQUE KEY `pag_tipo_pago_pago_tipo_pago_id_uindex` (`pago_tipo_pago_id`),
  UNIQUE KEY `pag_tipo_pago_pago_tipo_pago_nombre_uindex` (`pago_tipo_pago_nombre`)
) ENGINE=InnoDB DEFAULT CHARSET=latin1;
/*!40101 SET character_set_client = @saved_cs_client */;

--
-- Dumping data for table `pag_tipo_pago`
--

LOCK TABLES `pag_tipo_pago` WRITE;
/*!40000 ALTER TABLE `pag_tipo_pago` DISABLE KEYS */;
INSERT INTO `pag_tipo_pago` VALUES ('01','CONTADO','01'),('02','CREDITO','02');
/*!40000 ALTER TABLE `pag_tipo_pago` ENABLE KEYS */;
UNLOCK TABLES;

--
-- Table structure for table `password_resets`
--

DROP TABLE IF EXISTS `password_resets`;
/*!40101 SET @saved_cs_client     = @@character_set_client */;
/*!50503 SET character_set_client = utf8mb4 */;
CREATE TABLE `password_resets` (
  `email` varchar(255) CHARACTER SET utf8mb4 COLLATE utf8mb4_unicode_ci NOT NULL,
  `token` varchar(255) CHARACTER SET utf8mb4 COLLATE utf8mb4_unicode_ci NOT NULL,
  `created_at` timestamp NULL DEFAULT NULL,
  KEY `password_resets_email_index` (`email`)
) ENGINE=InnoDB DEFAULT CHARSET=utf8mb4 COLLATE=utf8mb4_unicode_ci;
/*!40101 SET character_set_client = @saved_cs_client */;

--
-- Dumping data for table `password_resets`
--

LOCK TABLES `password_resets` WRITE;
/*!40000 ALTER TABLE `password_resets` DISABLE KEYS */;
/*!40000 ALTER TABLE `password_resets` ENABLE KEYS */;
UNLOCK TABLES;

--
-- Table structure for table `seg_cliente`
--

DROP TABLE IF EXISTS `seg_cliente`;
/*!40101 SET @saved_cs_client     = @@character_set_client */;
/*!50503 SET character_set_client = utf8mb4 */;
CREATE TABLE `seg_cliente` (
  `seg_cliente_id` varchar(100) NOT NULL,
  `seg_cliente_estado` int NOT NULL,
  `seg_cliente_nombres` varchar(100) DEFAULT NULL,
  `seg_cliente_apellido_paterno` varchar(100) DEFAULT NULL,
  `seg_cliente_apellido_materno` varchar(100) DEFAULT NULL,
  `seg_cliente_numero_doc` varchar(11) NOT NULL,
  `seg_cliente_telefono` varchar(50) DEFAULT NULL,
  `seg_cliente_direccion` varchar(200) DEFAULT NULL,
  `seg_cliente_email` varchar(50) DEFAULT NULL,
  `seg_cliente_razon_social` varchar(200) DEFAULT NULL,
  `seg_cliente_tipo_documento` varchar(2) DEFAULT NULL,
  PRIMARY KEY (`seg_cliente_id`),
  UNIQUE KEY `seg_persona_seg_per_dni_uindex` (`seg_cliente_numero_doc`)
) ENGINE=InnoDB DEFAULT CHARSET=latin1;
/*!40101 SET character_set_client = @saved_cs_client */;

--
-- Dumping data for table `seg_cliente`
--

LOCK TABLES `seg_cliente` WRITE;
/*!40000 ALTER TABLE `seg_cliente` DISABLE KEYS */;
INSERT INTO `seg_cliente` VALUES ('158161329266522874',1,'NORA','MENDOZA','CALDERON','47259696',NULL,NULL,NULL,'NORA MENDOZA CALDERON','1'),('158169408275644365',1,'NOE WILBER','TIPO','MAMANI','47259697',NULL,'Jr. tupac Yupanqui 950',NULL,'NOE WILBER TIPO MAMANI','1'),('158170164841636549',1,'GUIDO LELIS','CALCINA','TIPO','44740991',NULL,NULL,NULL,'GUIDO LELIS CALCINA TIPO','1'),('158222600329294852',1,'CLIENTES VARIOS',NULL,NULL,'00000000',NULL,NULL,NULL,'CLIENTES VARIOS  ','1'),('158222783311642894',1,'LEONCIO OSWALDO','RIVADENEYRA','JIMENEZ','10472596',NULL,NULL,NULL,'LEONCIO OSWALDO RIVADENEYRA JIMENEZ','1'),('158222783795156434',1,NULL,NULL,NULL,'10472596972',NULL,'-',NULL,'TIPO MAMANI NOE WILBER','6'),('160264310174737787',1,'KEVIN JUNIOR','MOGOLLON','CALLE','70406698',NULL,NULL,NULL,'KEVIN JUNIOR MOGOLLON CALLE','1'),('160281531238548110',1,'MASKELYN VICTOR','MARCA','CONDORI','45225149',NULL,NULL,NULL,'MASKELYN VICTOR MARCA CONDORI','1'),('161050431056936570',1,'YURE GREGOR','CORDERO','CUADROS','10466485',NULL,NULL,NULL,'YURE GREGOR CORDERO CUADROS','1'),('161050431256471784',1,NULL,NULL,NULL,'10466485948',NULL,'-',NULL,'PACCO PALOMINO RODOLFO','6');
/*!40000 ALTER TABLE `seg_cliente` ENABLE KEYS */;
UNLOCK TABLES;

--
-- Table structure for table `seg_modulo`
--

DROP TABLE IF EXISTS `seg_modulo`;
/*!40101 SET @saved_cs_client     = @@character_set_client */;
/*!50503 SET character_set_client = utf8mb4 */;
CREATE TABLE `seg_modulo` (
  `seg_modulo_id` varchar(100) NOT NULL,
  `seg_modulo_nombre` varchar(100) NOT NULL,
  `seg_modulo_icono` varchar(100) DEFAULT NULL,
  `seg_modulo_estado` int NOT NULL,
  `seg_modulo_orden` int NOT NULL,
  `seg_modulo_nivel` int NOT NULL,
  `seg_modulo_url` varchar(500) NOT NULL,
  `Parent_seg_modulo_id` varchar(100) DEFAULT NULL,
  PRIMARY KEY (`seg_modulo_id`),
  KEY `seg_modulo_seg_modulo_fk` (`Parent_seg_modulo_id`),
  CONSTRAINT `seg_modulo_seg_modulo_fk` FOREIGN KEY (`Parent_seg_modulo_id`) REFERENCES `seg_modulo` (`seg_modulo_id`)
) ENGINE=InnoDB DEFAULT CHARSET=latin1;
/*!40101 SET character_set_client = @saved_cs_client */;

--
-- Dumping data for table `seg_modulo`
--

LOCK TABLES `seg_modulo` WRITE;
/*!40000 ALTER TABLE `seg_modulo` DISABLE KEYS */;
INSERT INTO `seg_modulo` VALUES ('01','Dashboard','fa fa-pie-chart',1,1,0,'','01'),('02','Dashboard','fa fa-bar-chart',1,2,1,'/pages/dashboard','01'),('03','Ajustes','fa fa-cog',1,3,0,'/pages/setup','03'),('04','Rol','fa fa-user-secret',1,4,1,'/pages/setup/rol','03'),('05','Usuario','fa fa-user-circle-o',1,5,1,'/pages/setup/user','03'),('06','Almacen','fa fa-university',1,6,0,'/pages/warehouse','06'),('08','Producto Arbol',NULL,1,7,1,'/pages/warehouse/producttree','06'),('09','Unidad Medida','fa fa-thermometer-empty',1,8,1,'/pages/warehouse/measuredunit','06'),('10','Categorias','fa fa-cube',1,9,1,'/pages/warehouse/category','06'),('11','Productos','fa fa-cubes',1,10,1,'/pages/warehouse/product','06'),('12','Proveedores','fa fa-user-o',1,11,1,'/pages/warehouse/provider','06'),('13','Clientes','fa fa-users',1,12,1,'/pages/setup/person','03'),('14','Almacenes','fa fa-home',1,13,1,'/pages/warehouse/warehouse','06'),('15','Periodos','fa fa-calendar',1,14,1,'/pages/setup/period','03'),('16','Compras','fa fa-cart-arrow-down',1,15,0,'/pages/purchase','16'),('17','Compras','fa fa-opencart',1,16,1,'/pages/purchase/purchase','16'),('18','Ventas','fa fa-cart-plus',1,17,0,'/pages/sale','18'),('19','Ventas','fa fa-shopping-cart',1,18,1,'/pages/sale/sale','18'),('20','Tipo Documento','fa fa-file-text-o',1,19,1,'/pages/setup/type-voucher','03'),('21','Código Barras y Qr','fa fa-qrcode',1,20,1,'/pages/warehouse/product-barcode-qrcode','06'),('22','Empresa','fa fa-building-o',1,21,1,'/pages/setup/company','03'),('23','Caja','fa fa-money',1,22,0,'/pages/cash','23'),('25','Movimientos','fa fa-exchange',1,24,1,'/pages/cash/movement','23'),('26','Activar Almacen','fa fa-building',1,25,1,'/pages/warehouse/activate-store','06'),('27','Rep.General por Dia','fa fa-calendar-plus-o',1,26,1,'/pages/sale/sales-report-general','18'),('28','Rep.Mensual Usuario','fa fa-calendar-plus-o',1,27,1,'/pages/sale/sales-report-month','18'),('29','Arqueo Usuario  por Día','fa fa-trello',1,28,1,'/pages/cash/state-report-cash-day','23'),('30','Arqueo Usuario por Mes','fa fa-trello',1,29,1,'/pages/cash/state-report-cash-month','23'),('33','Asientos Contables','fa fa-bars',1,32,1,'/pages/setup/accounting-seat','03'),('34','Arqueo general por día','fa fa-trello',1,33,1,'/pages/cash/state-report-cash-general-day','23'),('35','Repo.General por Mes','fa fa-calendar-plus-o',1,34,1,'/pages/sale/sales-report-month-general','18'),('36','Arqueo general por mes ','fa fa-trello',1,35,1,'/pages/cash/state-report-cash-general-month','23'),('37','Usuarios Conectados','fa fa-user-plus',1,36,1,'/pages/setup/users-online','03'),('38','Stock de productos','fa fa-list-alt',1,37,1,'/pages/warehouse/products-stock','06'),('39','Movimiento Almacen','fa fa-truck',1,38,1,'/pages/warehouse/warehouse-transfer','06'),('40','Pedidos','fa fa-cart-arrow-down',1,39,1,'/pages/sale/order','18'),('41','Compras por pagar','fa fa-credit-card',1,40,1,'/pages/purchase/payment-providers','16'),('42','Ventas por Cobrar','fa fa-credit-card',1,39,1,'/pages/sale/sales-receivable','18'),('43','Kardex','fa fa-folder-open',1,40,1,'/pages/warehouse/kardex','06'),('44','Reportes','fa fa-area-chart',1,41,0,'/pages/report','44'),('45','Utilidad','fa fa-bar-chart',1,42,1,'/pages/report/utility','44'),('46','Vendedores','fa fa-user-circle-o',1,43,1,'/pages/warehouse/distributor','06'),('47','Lista Fise','fa fa-beer',1,44,1,'/pages/report/report-fise','44'),('48','Proforma','fa fa-file-text-o',1,45,1,'/pages/sale/proforma','18'),('49','Lista de Precios','fa fa-pencil-square',1,46,1,'/pages/sale/prices-list','18'),('50','Lista Precio Detalle','fa fa-pencil-square-o',1,47,1,'/pages/sale/prices-list-detail','18'),('51','Comisiones','fa fa-usd',1,48,1,'/pages/cash/commissions','23'),('52','Guia Remisión','fa fa-file-pdf-o',1,49,1,'/pages/sale/remission-guide','18'),('53','Pedidos Por Cobrar','fa fa-credit-card',1,50,1,'/pages/sale/orders-receivable','18'),('54','Avance de Ventas','fa fa-area-chart',1,51,1,'/pages/sale/sales-advance','18'),('55','Req. de Compras','fa fa-book',1,52,1,'/pages/purchase/requirement','16'),('56','Cotizaciones','fa fa-file-text-o',1,53,1,'/pages/purchase/quotes','16'),('57','Aprob. por administrador','fa fa-check-square-o',1,54,1,'/pages/purchase/admin-approved','16'),('58','Aprob. por Gerencia','fa fa-check-square-o',1,55,1,'/pages/purchase/approved-management','16'),('59','Importacion','fa fa-ship',1,56,1,'/pages/purchase/import','16'),('60','calendario','fa fa-calendar',1,57,1,'/pages/sale/sales-calendar','18'),('61','Exp. Tecnico','fa fa-folder-open-o',1,58,1,'/pages/purchase/technical-record','16'),('62','Avance Exp. Tenico','fa fa-line-chart',1,59,1,'/pages/purchase/advance-technical-record','16'),('63','Formula (Recetas)','fa fa-lightbulb-o',1,60,1,'/pages/purchase/recipes','16'),('64','Stock de Productos Alm','fa fa-credit-card',1,58,1,'/pages/warehouse/warehouse-stock-warehouse','06'),('65','Garantias','fa fa-check-circle-o',1,61,1,'/pages/warehouse/warehouse-product-warranty','06'),('66','Ventas Utilidad','fa fa-area-chart',1,62,1,'/pages/sale/sales-utility','18');
/*!40000 ALTER TABLE `seg_modulo` ENABLE KEYS */;
UNLOCK TABLES;

--
-- Table structure for table `seg_rol`
--

DROP TABLE IF EXISTS `seg_rol`;
/*!40101 SET @saved_cs_client     = @@character_set_client */;
/*!50503 SET character_set_client = utf8mb4 */;
CREATE TABLE `seg_rol` (
  `seg_rol_id` varchar(100) NOT NULL,
  `seg_rol_nombre` varchar(100) NOT NULL,
  `seg_rol_estado` tinyint(1) NOT NULL,
  PRIMARY KEY (`seg_rol_id`)
) ENGINE=InnoDB DEFAULT CHARSET=latin1;
/*!40101 SET character_set_client = @saved_cs_client */;

--
-- Dumping data for table `seg_rol`
--

LOCK TABLES `seg_rol` WRITE;
/*!40000 ALTER TABLE `seg_rol` DISABLE KEYS */;
INSERT INTO `seg_rol` VALUES ('157957066913966240','Demo',1),('158049558433273054','Contador',1),('158110616889401933','Vendedor',1),('160090343543403814','Gerencia',1),('160090344926674432','Administrador',1),('161074308077307800','Almacenero',1),('CA15469781563229175','Cajero-Vendedor',1),('CO15409096011484107','Admin',1);
/*!40000 ALTER TABLE `seg_rol` ENABLE KEYS */;
UNLOCK TABLES;

--
-- Table structure for table `seg_rol_modulo`
--

DROP TABLE IF EXISTS `seg_rol_modulo`;
/*!40101 SET @saved_cs_client     = @@character_set_client */;
/*!50503 SET character_set_client = utf8mb4 */;
CREATE TABLE `seg_rol_modulo` (
  `seg_rol_modulo_id` varchar(100) NOT NULL,
  `seg_modulo_id` varchar(100) NOT NULL,
  `seg_rol_id` varchar(100) NOT NULL,
  PRIMARY KEY (`seg_rol_modulo_id`),
  KEY `seg_modulo_seg_rol_modulo_fk` (`seg_modulo_id`),
  KEY `seg_rol_seg_rol_modulo_fk` (`seg_rol_id`),
  CONSTRAINT `seg_modulo_seg_rol_modulo_fk` FOREIGN KEY (`seg_modulo_id`) REFERENCES `seg_modulo` (`seg_modulo_id`),
  CONSTRAINT `seg_rol_seg_rol_modulo_fk` FOREIGN KEY (`seg_rol_id`) REFERENCES `seg_rol` (`seg_rol_id`)
) ENGINE=InnoDB DEFAULT CHARSET=latin1;
/*!40101 SET character_set_client = @saved_cs_client */;

--
-- Dumping data for table `seg_rol_modulo`
--

LOCK TABLES `seg_rol_modulo` WRITE;
/*!40000 ALTER TABLE `seg_rol_modulo` DISABLE KEYS */;
INSERT INTO `seg_rol_modulo` VALUES ('154447445091856376','02','CO15409096011484107'),('154775970015891405','17','CA15469781563229175'),('157964002434487649','05','157957066913966240'),('157964002440382096','20','157957066913966240'),('157964002454836646','33','157957066913966240'),('157964002469526952','37','157957066913966240'),('157964002480514442','22','157957066913966240'),('157964002485256043','04','157957066913966240'),('158040113824822398','48','157957066913966240'),('158040113871963100','49','157957066913966240'),('158040113882919331','40','157957066913966240'),('158049559842426330','22','158049558433273054'),('158049561028525641','19','158049558433273054'),('158049561046945367','50','158049558433273054'),('158049561090996713','49','158049558433273054'),('158100588422811917','25','CA15469781563229175'),('158100588425335388','30','CA15469781563229175'),('158100588426109502','29','CA15469781563229175'),('158100588447122804','34','CA15469781563229175'),('158100589027467527','30','CO15409096011484107'),('158100589049799287','34','CO15409096011484107'),('158100589066574358','29','CO15409096011484107'),('158100589090481015','25','CO15409096011484107'),('158100589177282814','51','CO15409096011484107'),('158100589196492302','36','CO15409096011484107'),('158110618921044518','19','158110616889401933'),('158153941447695362','26','157957066913966240'),('158153943830634104','10','CA15469781563229175'),('158153943869264485','26','CA15469781563229175'),('158153943891484972','11','CA15469781563229175'),('160090346380268540','02','160090343543403814'),('160090347411462980','37','160090343543403814'),('160090347416745878','15','160090343543403814'),('160090347425899284','13','160090343543403814'),('160090347448178110','20','160090343543403814'),('160090347448844900','22','160090343543403814'),('160090347465937570','05','160090343543403814'),('160090347482417505','04','160090343543403814'),('160090347484658444','33','160090343543403814'),('160090348714349192','09','160090343543403814'),('160090348743906374','10','160090343543403814'),('160090348746399645','11','160090343543403814'),('160090348747066086','12','160090343543403814'),('160090348790663058','08','160090343543403814'),('160090348812241030','26','160090343543403814'),('160090348820568848','21','160090343543403814'),('160090348858622945','14','160090343543403814'),('160090348872767461','39','160090343543403814'),('160090348876776194','43','160090343543403814'),('160090348889401119','38','160090343543403814'),('160090348897868009','46','160090343543403814'),('160090349417047529','17','160090343543403814'),('160090349439105303','41','160090343543403814'),('160090349483356455','55','160090343543403814'),('160090349486011578','56','160090343543403814'),('160090350811766851','50','160090343543403814'),('160090350814885407','54','160090343543403814'),('160090350824524210','42','160090343543403814'),('160090350827654070','48','160090343543403814'),('160090350828337810','53','160090343543403814'),('160090350855042342','49','160090343543403814'),('160090350859152790','27','160090343543403814'),('160090350872302743','35','160090343543403814'),('160090350874899635','52','160090343543403814'),('160090350874995310','40','160090343543403814'),('160090350876957988','19','160090343543403814'),('160090350895251368','28','160090343543403814'),('160090351522097770','30','160090343543403814'),('160090351545896235','29','160090343543403814'),('160090351556974114','51','160090343543403814'),('160090351559593500','36','160090343543403814'),('160090351568145498','34','160090343543403814'),('160090351574644896','25','160090343543403814'),('160090352570931305','45','160090343543403814'),('160090352586318537','47','160090343543403814'),('160090354056745117','02','160090344926674432'),('160090355112595244','22','160090344926674432'),('160090355114331384','15','160090344926674432'),('160090355140544146','33','160090344926674432'),('160090355154813198','04','160090344926674432'),('160090355162063444','13','160090344926674432'),('160090355177809454','37','160090344926674432'),('160090355180605181','05','160090344926674432'),('160090355192688571','20','160090344926674432'),('160090356321772526','08','160090344926674432'),('160090356324353638','12','160090344926674432'),('160090356331793855','11','160090344926674432'),('160090356348309967','39','160090344926674432'),('160090356352546392','26','160090344926674432'),('160090356357709838','43','160090344926674432'),('160090356364784543','10','160090344926674432'),('160090356370966050','09','160090344926674432'),('160090356373683068','38','160090344926674432'),('160090356380227348','46','160090344926674432'),('160090356383491435','14','160090344926674432'),('160090356392929690','21','160090344926674432'),('160090357013124580','55','160090344926674432'),('160090357025275431','56','160090344926674432'),('160090357042067392','41','160090344926674432'),('160090357090434771','17','160090344926674432'),('160090358522332263','54','160090344926674432'),('160090358524268445','28','160090344926674432'),('160090358530266668','42','160090344926674432'),('160090358538238704','40','160090344926674432'),('160090358545636523','35','160090344926674432'),('160090358550224344','49','160090344926674432'),('160090358559205043','53','160090344926674432'),('160090358560695007','19','160090344926674432'),('160090358570577599','27','160090344926674432'),('160090358572469152','48','160090344926674432'),('160090358574248412','52','160090344926674432'),('160090358579041138','50','160090344926674432'),('160090359311138012','29','160090344926674432'),('160090359311379219','36','160090344926674432'),('160090359315578900','30','160090344926674432'),('160090359332701933','51','160090344926674432'),('160090359343975072','25','160090344926674432'),('160090359345969948','34','160090344926674432'),('160090359826112795','45','160090344926674432'),('160090359869369816','47','160090344926674432'),('160264496461972013','04','CO15409096011484107'),('160264496527393796','22','CO15409096011484107'),('160264496527705746','13','CO15409096011484107'),('160264496541312828','15','CO15409096011484107'),('160264496586788535','20','CO15409096011484107'),('160264496595921566','37','CO15409096011484107'),('160264496596122726','05','CO15409096011484107'),('160324873967805238','19','CA15469781563229175'),('160467269812143776','59','CO15409096011484107'),('160467269825854032','17','CO15409096011484107'),('160467269856746710','61','CO15409096011484107'),('160467269857715590','55','CO15409096011484107'),('160467269867442245','41','CO15409096011484107'),('160467269871737655','63','CO15409096011484107'),('160467269872779218','56','CO15409096011484107'),('160467269877362224','57','CO15409096011484107'),('160467269883802691','62','CO15409096011484107'),('160467269888491826','58','CO15409096011484107'),('160623257212296838','10','CO15409096011484107'),('160623257220181552','26','CO15409096011484107'),('160623257235046891','11','CO15409096011484107'),('160623257235782764','09','CO15409096011484107'),('160623257238186227','65','CO15409096011484107'),('160623257238655977','14','CO15409096011484107'),('160623257266359650','64','CO15409096011484107'),('160623257266367734','38','CO15409096011484107'),('160623257270227731','21','CO15409096011484107'),('160623257271122116','43','CO15409096011484107'),('160623257279974337','46','CO15409096011484107'),('160623257290189441','12','CO15409096011484107'),('160623257292885564','39','CO15409096011484107'),('160634399412184758','60','CO15409096011484107'),('160634399415627020','19','CO15409096011484107'),('160634399421435032','53','CO15409096011484107'),('160634399422851341','48','CO15409096011484107'),('160634399423902589','40','CO15409096011484107'),('160634399427366168','27','CO15409096011484107'),('160634399461736716','52','CO15409096011484107'),('160634399465989677','66','CO15409096011484107'),('160634399473569312','50','CO15409096011484107'),('160634399476471769','42','CO15409096011484107'),('160634399489343065','49','CO15409096011484107'),('160634399495164159','54','CO15409096011484107');
/*!40000 ALTER TABLE `seg_rol_modulo` ENABLE KEYS */;
UNLOCK TABLES;

--
-- Table structure for table `seg_rol_usuario`
--

DROP TABLE IF EXISTS `seg_rol_usuario`;
/*!40101 SET @saved_cs_client     = @@character_set_client */;
/*!50503 SET character_set_client = utf8mb4 */;
CREATE TABLE `seg_rol_usuario` (
  `seg_rol_usuario_id` varchar(100) NOT NULL,
  `seg_rol_id` varchar(100) NOT NULL,
  `user_id` int unsigned NOT NULL,
  PRIMARY KEY (`seg_rol_usuario_id`),
  KEY `seg_rol_seg_rol_usuario_fk` (`seg_rol_id`),
  KEY `seg_rol_usuario_users_id_fk` (`user_id`),
  CONSTRAINT `seg_rol_seg_rol_usuario_fk` FOREIGN KEY (`seg_rol_id`) REFERENCES `seg_rol` (`seg_rol_id`),
  CONSTRAINT `seg_rol_usuario_users_id_fk` FOREIGN KEY (`user_id`) REFERENCES `users` (`id`)
) ENGINE=InnoDB DEFAULT CHARSET=latin1;
/*!40101 SET character_set_client = @saved_cs_client */;

--
-- Dumping data for table `seg_rol_usuario`
--

LOCK TABLES `seg_rol_usuario` WRITE;
/*!40000 ALTER TABLE `seg_rol_usuario` DISABLE KEYS */;
INSERT INTO `seg_rol_usuario` VALUES ('CO15496353702701103','CO15409096011484107',1);
/*!40000 ALTER TABLE `seg_rol_usuario` ENABLE KEYS */;
UNLOCK TABLES;

--
-- Table structure for table `ubigeo`
--

DROP TABLE IF EXISTS `ubigeo`;
/*!40101 SET @saved_cs_client     = @@character_set_client */;
/*!50503 SET character_set_client = utf8mb4 */;
CREATE TABLE `ubigeo` (
  `cod_dep_inei` char(2) CHARACTER SET latin1 COLLATE latin1_general_ci DEFAULT NULL,
  `desc_dep_inei` varchar(13) CHARACTER SET latin1 COLLATE latin1_general_ci DEFAULT NULL,
  `cod_prov_inei` char(4) CHARACTER SET latin1 COLLATE latin1_general_ci DEFAULT NULL,
  `desc_prov_inei` varchar(25) CHARACTER SET latin1 COLLATE latin1_general_ci DEFAULT NULL,
  `cod_ubigeo_inei` char(6) CHARACTER SET latin1 COLLATE latin1_general_ci DEFAULT NULL,
  `desc_ubigeo_inei` varchar(36) CHARACTER SET latin1 COLLATE latin1_general_ci DEFAULT NULL,
  `cod_dep_reniec` char(2) CHARACTER SET latin1 COLLATE latin1_general_ci DEFAULT NULL,
  `desc_dep_reniec` varchar(23) CHARACTER SET latin1 COLLATE latin1_general_ci DEFAULT NULL,
  `cod_prov_reniec` char(4) CHARACTER SET latin1 COLLATE latin1_general_ci DEFAULT NULL,
  `desc_prov_reniec` varchar(25) CHARACTER SET latin1 COLLATE latin1_general_ci DEFAULT NULL,
  `cod_ubigeo_reniec` char(6) CHARACTER SET latin1 COLLATE latin1_general_ci DEFAULT NULL,
  `desc_ubigeo_reniec` varchar(30) CHARACTER SET latin1 COLLATE latin1_general_ci DEFAULT NULL,
  `cod_dep_sunat` char(2) CHARACTER SET latin1 COLLATE latin1_general_ci DEFAULT NULL,
  `desc_dep_sunat` varchar(23) CHARACTER SET latin1 COLLATE latin1_general_ci DEFAULT NULL,
  `cod_prov_sunat` char(4) CHARACTER SET latin1 COLLATE latin1_general_ci DEFAULT NULL,
  `desc_prov_sunat` varchar(25) CHARACTER SET latin1 COLLATE latin1_general_ci DEFAULT NULL,
  `cod_ubigeo_sunat` char(6) CHARACTER SET latin1 COLLATE latin1_general_ci DEFAULT NULL,
  `desc_ubigeo_sunat` varchar(36) CHARACTER SET latin1 COLLATE latin1_general_ci DEFAULT NULL
) ENGINE=InnoDB DEFAULT CHARSET=latin1 COLLATE=latin1_general_ci;
/*!40101 SET character_set_client = @saved_cs_client */;

--
-- Dumping data for table `ubigeo`
--

LOCK TABLES `ubigeo` WRITE;
/*!40000 ALTER TABLE `ubigeo` DISABLE KEYS */;
INSERT INTO `ubigeo` VALUES ('01','AMAZONAS','0101','CHACHAPOYAS','010101','CHACHAPOYAS','01','AMAZONAS','0101','CHACHAPOYAS','010101','CHACHAPOYAS','01','AMAZONAS','0101','CHACHAPOYAS','010101','CHACHAPOYAS'),('01','AMAZONAS','0101','CHACHAPOYAS','010102','ASUNCION','01','AMAZONAS','0101','CHACHAPOYAS','010102','ASUNCION','01','AMAZONAS','0101','CHACHAPOYAS','010102','ASUNCION'),('01','AMAZONAS','0101','CHACHAPOYAS','010103','BALSAS','01','AMAZONAS','0101','CHACHAPOYAS','010103','BALSAS','01','AMAZONAS','0101','CHACHAPOYAS','010103','BALSAS'),('01','AMAZONAS','0101','CHACHAPOYAS','010104','CHETO','01','AMAZONAS','0101','CHACHAPOYAS','010104','CHETO','01','AMAZONAS','0101','CHACHAPOYAS','010104','CHETO'),('01','AMAZONAS','0101','CHACHAPOYAS','010105','CHILIQUIN','01','AMAZONAS','0101','CHACHAPOYAS','010105','CHILIQUIN','01','AMAZONAS','0101','CHACHAPOYAS','010105','CHILIQUIN'),('01','AMAZONAS','0101','CHACHAPOYAS','010106','CHUQUIBAMBA','01','AMAZONAS','0101','CHACHAPOYAS','010106','CHUQUIBAMBA','01','AMAZONAS','0101','CHACHAPOYAS','010106','CHUQUIBAMBA'),('01','AMAZONAS','0101','CHACHAPOYAS','010107','GRANADA','01','AMAZONAS','0101','CHACHAPOYAS','010107','GRANADA','01','AMAZONAS','0101','CHACHAPOYAS','010107','GRANADA'),('01','AMAZONAS','0101','CHACHAPOYAS','010108','HUANCAS','01','AMAZONAS','0101','CHACHAPOYAS','010108','HUANCAS','01','AMAZONAS','0101','CHACHAPOYAS','010108','HUANCAS'),('01','AMAZONAS','0101','CHACHAPOYAS','010109','LA JALCA','01','AMAZONAS','0101','CHACHAPOYAS','010109','LA JALCA','01','AMAZONAS','0101','CHACHAPOYAS','010109','LA JALCA'),('01','AMAZONAS','0101','CHACHAPOYAS','010110','LEIMEBAMBA','01','AMAZONAS','0101','CHACHAPOYAS','010110','LEIMEBAMBA','01','AMAZONAS','0101','CHACHAPOYAS','010110','LEIMEBAMBA'),('01','AMAZONAS','0101','CHACHAPOYAS','010111','LEVANTO','01','AMAZONAS','0101','CHACHAPOYAS','010111','LEVANTO','01','AMAZONAS','0101','CHACHAPOYAS','010111','LEVANTO'),('01','AMAZONAS','0101','CHACHAPOYAS','010112','MAGDALENA','01','AMAZONAS','0101','CHACHAPOYAS','010112','MAGDALENA','01','AMAZONAS','0101','CHACHAPOYAS','010112','MAGDALENA'),('01','AMAZONAS','0101','CHACHAPOYAS','010113','MARISCAL CASTILLA','01','AMAZONAS','0101','CHACHAPOYAS','010113','MARISCAL CASTILLA','01','AMAZONAS','0101','CHACHAPOYAS','010113','MARISCAL CASTILLA'),('01','AMAZONAS','0101','CHACHAPOYAS','010114','MOLINOPAMPA','01','AMAZONAS','0101','CHACHAPOYAS','010114','MOLINOPAMPA','01','AMAZONAS','0101','CHACHAPOYAS','010114','MOLINOPAMPA'),('01','AMAZONAS','0101','CHACHAPOYAS','010115','MONTEVIDEO','01','AMAZONAS','0101','CHACHAPOYAS','010115','MONTEVIDEO','01','AMAZONAS','0101','CHACHAPOYAS','010115','MONTEVIDEO'),('01','AMAZONAS','0101','CHACHAPOYAS','010116','OLLEROS','01','AMAZONAS','0101','CHACHAPOYAS','010116','OLLEROS','01','AMAZONAS','0101','CHACHAPOYAS','010116','OLLEROS'),('01','AMAZONAS','0101','CHACHAPOYAS','010117','QUINJALCA','01','AMAZONAS','0101','CHACHAPOYAS','010117','QUINJALCA','01','AMAZONAS','0101','CHACHAPOYAS','010117','QUINJALCA'),('01','AMAZONAS','0101','CHACHAPOYAS','010118','SAN FRANCISCO DE DAGUAS','01','AMAZONAS','0101','CHACHAPOYAS','010118','SAN FRANCISCO DE DAGUAS','01','AMAZONAS','0101','CHACHAPOYAS','010118','SAN FRANCISCO DE DAGUAS'),('01','AMAZONAS','0101','CHACHAPOYAS','010119','SAN ISIDRO DE MAINO','01','AMAZONAS','0101','CHACHAPOYAS','010119','SAN ISIDRO DE MAINO','01','AMAZONAS','0101','CHACHAPOYAS','010119','SAN ISIDRO DE MAINO'),('01','AMAZONAS','0101','CHACHAPOYAS','010120','SOLOCO','01','AMAZONAS','0101','CHACHAPOYAS','010120','SOLOCO','01','AMAZONAS','0101','CHACHAPOYAS','010120','SOLOCO'),('01','AMAZONAS','0101','CHACHAPOYAS','010121','SONCHE','01','AMAZONAS','0101','CHACHAPOYAS','010121','SONCHE','01','AMAZONAS','0101','CHACHAPOYAS','010121','SONCHE'),('01','AMAZONAS','0102','BAGUA','010201','BAGUA','01','AMAZONAS','0102','BAGUA','010205','BAGUA','01','AMAZONAS','0102','BAGUA','010201','BAGUA'),('01','AMAZONAS','0102','BAGUA','010202','ARAMANGO','01','AMAZONAS','0102','BAGUA','010202','ARAMANGO','01','AMAZONAS','0102','BAGUA','010202','ARAMANGO'),('01','AMAZONAS','0102','BAGUA','010203','COPALLIN','01','AMAZONAS','0102','BAGUA','010203','COPALLIN','01','AMAZONAS','0102','BAGUA','010203','COPALLIN'),('01','AMAZONAS','0102','BAGUA','010204','EL PARCO','01','AMAZONAS','0102','BAGUA','010204','EL PARCO','01','AMAZONAS','0102','BAGUA','010204','EL PARCO'),('01','AMAZONAS','0102','BAGUA','010205','IMAZA','01','AMAZONAS','0102','BAGUA','010206','IMAZA','01','AMAZONAS','0102','BAGUA','010205','IMAZA'),('01','AMAZONAS','0102','BAGUA','010206','LA PECA','01','AMAZONAS','0102','BAGUA','010201','LA PECA','01','AMAZONAS','0102','BAGUA','010206','LA PECA'),('01','AMAZONAS','0103','BONGARA','010301','JUMBILLA','01','AMAZONAS','0103','BONGARA','010301','JUMBILLA','01','AMAZONAS','0103','BONGARA','010301','JUMBILLA'),('01','AMAZONAS','0103','BONGARA','010302','CHISQUILLA','01','AMAZONAS','0103','BONGARA','010304','CHISQUILLA','01','AMAZONAS','0103','BONGARA','010302','CHISQUILLA'),('01','AMAZONAS','0103','BONGARA','010303','CHURUJA','01','AMAZONAS','0103','BONGARA','010305','CHURUJA','01','AMAZONAS','0103','BONGARA','010303','CHURUJA'),('01','AMAZONAS','0103','BONGARA','010304','COROSHA','01','AMAZONAS','0103','BONGARA','010302','COROSHA','01','AMAZONAS','0103','BONGARA','010304','COROSHA'),('01','AMAZONAS','0103','BONGARA','010305','CUISPES','01','AMAZONAS','0103','BONGARA','010303','CUISPES','01','AMAZONAS','0103','BONGARA','010305','CUISPES'),('01','AMAZONAS','0103','BONGARA','010306','FLORIDA','01','AMAZONAS','0103','BONGARA','010306','FLORIDA','01','AMAZONAS','0103','BONGARA','010306','FLORIDA'),('01','AMAZONAS','0103','BONGARA','010307','JAZAN','01','AMAZONAS','0103','BONGARA','010312','JAZAN','01','AMAZONAS','0103','BONGARA','010307','JAZAN'),('01','AMAZONAS','0103','BONGARA','010308','RECTA','01','AMAZONAS','0103','BONGARA','010307','RECTA','01','AMAZONAS','0103','BONGARA','010308','RECTA'),('01','AMAZONAS','0103','BONGARA','010309','SAN CARLOS','01','AMAZONAS','0103','BONGARA','010308','SAN CARLOS','01','AMAZONAS','0103','BONGARA','010309','SAN CARLOS'),('01','AMAZONAS','0103','BONGARA','010310','SHIPASBAMBA','01','AMAZONAS','0103','BONGARA','010309','SHIPASBAMBA','01','AMAZONAS','0103','BONGARA','010310','SHIPASBAMBA'),('01','AMAZONAS','0103','BONGARA','010311','VALERA','01','AMAZONAS','0103','BONGARA','010310','VALERA','01','AMAZONAS','0103','BONGARA','010311','VALERA'),('01','AMAZONAS','0103','BONGARA','010312','YAMBRASBAMBA','01','AMAZONAS','0103','BONGARA','010311','YAMBRASBAMBA','01','AMAZONAS','0103','BONGARA','010312','YAMBRASBAMBA'),('01','AMAZONAS','0104','CONDORCANQUI','010401','NIEVA','01','AMAZONAS','0106','CONDORCANQUI','010601','NIEVA','01','AMAZONAS','0104','CONDORCANQUI','010401','NIEVA'),('01','AMAZONAS','0104','CONDORCANQUI','010402','EL CENEPA','01','AMAZONAS','0106','CONDORCANQUI','010603','EL CENEPA','01','AMAZONAS','0104','CONDORCANQUI','010402','EL CENEPA'),('01','AMAZONAS','0104','CONDORCANQUI','010403','RIO SANTIAGO','01','AMAZONAS','0106','CONDORCANQUI','010602','RIO SANTIAGO','01','AMAZONAS','0104','CONDORCANQUI','010403','RIO SANTIAGO'),('01','AMAZONAS','0105','LUYA','010501','LAMUD','01','AMAZONAS','0104','LUYA','010401','LAMUD','01','AMAZONAS','0105','LUYA','010501','LAMUD'),('01','AMAZONAS','0105','LUYA','010502','CAMPORREDONDO','01','AMAZONAS','0104','LUYA','010402','CAMPORREDONDO','01','AMAZONAS','0105','LUYA','010502','CAMPORREDONDO'),('01','AMAZONAS','0105','LUYA','010503','COCABAMBA','01','AMAZONAS','0104','LUYA','010403','COCABAMBA','01','AMAZONAS','0105','LUYA','010503','COCABAMBA'),('01','AMAZONAS','0105','LUYA','010504','COLCAMAR','01','AMAZONAS','0104','LUYA','010404','COLCAMAR','01','AMAZONAS','0105','LUYA','010504','COLCAMAR'),('01','AMAZONAS','0105','LUYA','010505','CONILA','01','AMAZONAS','0104','LUYA','010405','CONILA','01','AMAZONAS','0105','LUYA','010505','CONILA'),('01','AMAZONAS','0105','LUYA','010506','INGUILPATA','01','AMAZONAS','0104','LUYA','010406','INGUILPATA','01','AMAZONAS','0105','LUYA','010506','INGUILPATA'),('01','AMAZONAS','0105','LUYA','010507','LONGUITA','01','AMAZONAS','0104','LUYA','010407','LONGUITA','01','AMAZONAS','0105','LUYA','010507','LONGUITA'),('01','AMAZONAS','0105','LUYA','010508','LONYA CHICO','01','AMAZONAS','0104','LUYA','010408','LONYA CHICO','01','AMAZONAS','0105','LUYA','010508','LONYA CHICO'),('01','AMAZONAS','0105','LUYA','010509','LUYA','01','AMAZONAS','0104','LUYA','010409','LUYA','01','AMAZONAS','0105','LUYA','010509','LUYA'),('01','AMAZONAS','0105','LUYA','010510','LUYA VIEJO','01','AMAZONAS','0104','LUYA','010410','LUYA VIEJO','01','AMAZONAS','0105','LUYA','010510','LUYA VIEJO'),('01','AMAZONAS','0105','LUYA','010511','MARIA','01','AMAZONAS','0104','LUYA','010411','MARIA','01','AMAZONAS','0105','LUYA','010511','MARIA'),('01','AMAZONAS','0105','LUYA','010512','OCALLI','01','AMAZONAS','0104','LUYA','010412','OCALLI','01','AMAZONAS','0105','LUYA','010512','OCALLI'),('01','AMAZONAS','0105','LUYA','010513','OCUMAL','01','AMAZONAS','0104','LUYA','010413','OCUMAL','01','AMAZONAS','0105','LUYA','010513','OCUMAL'),('01','AMAZONAS','0105','LUYA','010514','PISUQUIA','01','AMAZONAS','0104','LUYA','010414','PISUQUIA','01','AMAZONAS','0105','LUYA','010514','PISUQUIA'),('01','AMAZONAS','0105','LUYA','010515','PROVIDENCIA','01','AMAZONAS','0104','LUYA','010423','PROVIDENCIA','01','AMAZONAS','0105','LUYA','010515','PROVIDENCIA'),('01','AMAZONAS','0105','LUYA','010516','SAN CRISTOBAL','01','AMAZONAS','0104','LUYA','010415','SAN CRISTOBAL','01','AMAZONAS','0105','LUYA','010516','SAN CRISTOBAL'),('01','AMAZONAS','0105','LUYA','010517','SAN FRANCISCO DE YESO','01','AMAZONAS','0104','LUYA','010416','SAN FRANCISCO DE YESO','01','AMAZONAS','0105','LUYA','010517','SAN FRANCISCO DEL YESO'),('01','AMAZONAS','0105','LUYA','010518','SAN JERONIMO','01','AMAZONAS','0104','LUYA','010417','SAN JERONIMO','01','AMAZONAS','0105','LUYA','010518','SAN JERONIMO'),('01','AMAZONAS','0105','LUYA','010519','SAN JUAN DE LOPECANCHA','01','AMAZONAS','0104','LUYA','010418','SAN JUAN DE LOPECANCHA','01','AMAZONAS','0105','LUYA','010519','SAN JUAN DE LOPECANCHA'),('01','AMAZONAS','0105','LUYA','010520','SANTA CATALINA','01','AMAZONAS','0104','LUYA','010419','SANTA CATALINA','01','AMAZONAS','0105','LUYA','010520','SANTA CATALINA'),('01','AMAZONAS','0105','LUYA','010521','SANTO TOMAS','01','AMAZONAS','0104','LUYA','010420','SANTO TOMAS','01','AMAZONAS','0105','LUYA','010521','SANTO TOMAS'),('01','AMAZONAS','0105','LUYA','010522','TINGO','01','AMAZONAS','0104','LUYA','010421','TINGO','01','AMAZONAS','0105','LUYA','010522','TINGO'),('01','AMAZONAS','0105','LUYA','010523','TRITA','01','AMAZONAS','0104','LUYA','010422','TRITA','01','AMAZONAS','0105','LUYA','010523','TRITA'),('01','AMAZONAS','0106','RODRIGUEZ DE MENDOZA','010601','SAN NICOLAS','01','AMAZONAS','0105','RODRIGUEZ DE MENDOZA','010501','SAN NICOLAS','01','AMAZONAS','0106','RODRIGUEZ DE MENDOZA','010601','SAN NICOLAS'),('01','AMAZONAS','0106','RODRIGUEZ DE MENDOZA','010602','CHIRIMOTO','01','AMAZONAS','0105','RODRIGUEZ DE MENDOZA','010503','CHIRIMOTO','01','AMAZONAS','0106','RODRIGUEZ DE MENDOZA','010602','CHIRIMOTO'),('01','AMAZONAS','0106','RODRIGUEZ DE MENDOZA','010603','COCHAMAL','01','AMAZONAS','0105','RODRIGUEZ DE MENDOZA','010502','COCHAMAL','01','AMAZONAS','0106','RODRIGUEZ DE MENDOZA','010603','COCHAMAL'),('01','AMAZONAS','0106','RODRIGUEZ DE MENDOZA','010604','HUAMBO','01','AMAZONAS','0105','RODRIGUEZ DE MENDOZA','010504','HUAMBO','01','AMAZONAS','0106','RODRIGUEZ DE MENDOZA','010604','HUAMBO'),('01','AMAZONAS','0106','RODRIGUEZ DE MENDOZA','010605','LIMABAMBA','01','AMAZONAS','0105','RODRIGUEZ DE MENDOZA','010505','LIMABAMBA','01','AMAZONAS','0106','RODRIGUEZ DE MENDOZA','010605','LIMABAMBA'),('01','AMAZONAS','0106','RODRIGUEZ DE MENDOZA','010606','LONGAR','01','AMAZONAS','0105','RODRIGUEZ DE MENDOZA','010506','LONGAR','01','AMAZONAS','0106','RODRIGUEZ DE MENDOZA','010606','LONGAR'),('01','AMAZONAS','0106','RODRIGUEZ DE MENDOZA','010607','MARISCAL BENAVIDES','01','AMAZONAS','0105','RODRIGUEZ DE MENDOZA','010508','MARISCAL BENAVIDES','01','AMAZONAS','0106','RODRIGUEZ DE MENDOZA','010607','MARISCAL BENAVIDES'),('01','AMAZONAS','0106','RODRIGUEZ DE MENDOZA','010608','MILPUC','01','AMAZONAS','0105','RODRIGUEZ DE MENDOZA','010507','MILPUCC','01','AMAZONAS','0106','RODRIGUEZ DE MENDOZA','010608','MILPUC'),('01','AMAZONAS','0106','RODRIGUEZ DE MENDOZA','010609','OMIA','01','AMAZONAS','0105','RODRIGUEZ DE MENDOZA','010509','OMIA','01','AMAZONAS','0106','RODRIGUEZ DE MENDOZA','010609','OMIA'),('01','AMAZONAS','0106','RODRIGUEZ DE MENDOZA','010610','SANTA ROSA','01','AMAZONAS','0105','RODRIGUEZ DE MENDOZA','010510','SANTA ROSA','01','AMAZONAS','0106','RODRIGUEZ DE MENDOZA','010610','SANTA ROSA'),('01','AMAZONAS','0106','RODRIGUEZ DE MENDOZA','010611','TOTORA','01','AMAZONAS','0105','RODRIGUEZ DE MENDOZA','010511','TOTORA','01','AMAZONAS','0106','RODRIGUEZ DE MENDOZA','010611','TOTORA'),('01','AMAZONAS','0106','RODRIGUEZ DE MENDOZA','010612','VISTA ALEGRE','01','AMAZONAS','0105','RODRIGUEZ DE MENDOZA','010512','VISTA ALEGRE','01','AMAZONAS','0106','RODRIGUEZ DE MENDOZA','010612','VISTA ALEGRE'),('01','AMAZONAS','0107','UTCUBAMBA','010701','BAGUA GRANDE','01','AMAZONAS','0107','UTCUBAMBA','010701','BAGUA GRANDE','01','AMAZONAS','0107','UTCUBAMBA','010701','BAGUA GRANDE'),('01','AMAZONAS','0107','UTCUBAMBA','010702','CAJARURO','01','AMAZONAS','0107','UTCUBAMBA','010702','CAJARURO','01','AMAZONAS','0107','UTCUBAMBA','010702','CAJARURO'),('01','AMAZONAS','0107','UTCUBAMBA','010703','CUMBA','01','AMAZONAS','0107','UTCUBAMBA','010703','CUMBA','01','AMAZONAS','0107','UTCUBAMBA','010703','CUMBA'),('01','AMAZONAS','0107','UTCUBAMBA','010704','EL MILAGRO','01','AMAZONAS','0107','UTCUBAMBA','010704','EL MILAGRO','01','AMAZONAS','0107','UTCUBAMBA','010704','EL MILAGRO'),('01','AMAZONAS','0107','UTCUBAMBA','010705','JAMALCA','01','AMAZONAS','0107','UTCUBAMBA','010705','JAMALCA','01','AMAZONAS','0107','UTCUBAMBA','010705','JAMALCA'),('01','AMAZONAS','0107','UTCUBAMBA','010706','LONYA GRANDE','01','AMAZONAS','0107','UTCUBAMBA','010706','LONYA GRANDE','01','AMAZONAS','0107','UTCUBAMBA','010706','LONYA GRANDE'),('01','AMAZONAS','0107','UTCUBAMBA','010707','YAMON','01','AMAZONAS','0107','UTCUBAMBA','010707','YAMON','01','AMAZONAS','0107','UTCUBAMBA','010707','YAMON'),('02','ANCASH','0201','HUARAZ','020101','HUARAZ','02','ANCASH','0201','HUARAZ','020101','HUARAZ','02','ANCASH','0201','HUARAZ','020101','HUARAZ'),('02','ANCASH','0201','HUARAZ','020102','COCHABAMBA','02','ANCASH','0201','HUARAZ','020103','COCHABAMBA','02','ANCASH','0201','HUARAZ','020102','COCHABAMBA'),('02','ANCASH','0201','HUARAZ','020103','COLCABAMBA','02','ANCASH','0201','HUARAZ','020104','COLCABAMBA','02','ANCASH','0201','HUARAZ','020103','COLCABAMBA'),('02','ANCASH','0201','HUARAZ','020104','HUANCHAY','02','ANCASH','0201','HUARAZ','020105','HUANCHAY','02','ANCASH','0201','HUARAZ','020104','HUANCHAY'),('02','ANCASH','0201','HUARAZ','020105','INDEPENDENCIA','02','ANCASH','0201','HUARAZ','020102','INDEPENDENCIA','02','ANCASH','0201','HUARAZ','020105','INDEPENDENCIA'),('02','ANCASH','0201','HUARAZ','020106','JANGAS','02','ANCASH','0201','HUARAZ','020106','JANGAS','02','ANCASH','0201','HUARAZ','020106','JANGAS'),('02','ANCASH','0201','HUARAZ','020107','LA LIBERTAD','02','ANCASH','0201','HUARAZ','020107','LA LIBERTAD','02','ANCASH','0201','HUARAZ','020107','LA LIBERTAD'),('02','ANCASH','0201','HUARAZ','020108','OLLEROS','02','ANCASH','0201','HUARAZ','020108','OLLEROS','02','ANCASH','0201','HUARAZ','020108','OLLEROS'),('02','ANCASH','0201','HUARAZ','020109','PAMPAS GRANDE','02','ANCASH','0201','HUARAZ','020109','PAMPAS GRANDE','02','ANCASH','0201','HUARAZ','020109','PAMPAS'),('02','ANCASH','0201','HUARAZ','020110','PARIACOTO','02','ANCASH','0201','HUARAZ','020110','PARIACOTO','02','ANCASH','0201','HUARAZ','020110','PARIACOTO'),('02','ANCASH','0201','HUARAZ','020111','PIRA','02','ANCASH','0201','HUARAZ','020111','PIRA','02','ANCASH','0201','HUARAZ','020111','PIRA'),('02','ANCASH','0201','HUARAZ','020112','TARICA','02','ANCASH','0201','HUARAZ','020112','TARICA','02','ANCASH','0201','HUARAZ','020112','TARICA'),('02','ANCASH','0202','AIJA','020201','AIJA','02','ANCASH','0202','AIJA','020201','AIJA','02','ANCASH','0202','AIJA','020201','AIJA'),('02','ANCASH','0202','AIJA','020202','CORIS','02','ANCASH','0202','AIJA','020203','CORIS','02','ANCASH','0202','AIJA','020202','CORIS'),('02','ANCASH','0202','AIJA','020203','HUACLLAN','02','ANCASH','0202','AIJA','020205','HUACLLAN','02','ANCASH','0202','AIJA','020203','HUACLLAN'),('02','ANCASH','0202','AIJA','020204','LA MERCED','02','ANCASH','0202','AIJA','020206','LA MERCED','02','ANCASH','0202','AIJA','020204','LA MERCED'),('02','ANCASH','0202','AIJA','020205','SUCCHA','02','ANCASH','0202','AIJA','020208','SUCCHA','02','ANCASH','0202','AIJA','020205','SUCCHA'),('02','ANCASH','0203','ANTONIO RAYMONDI','020301','LLAMELLIN','02','ANCASH','0216','ANTONIO RAIMONDI','021601','LLAMELLIN','02','ANCASH','0203','ANTONIO RAYMONDI','020301','LLAMELLIN'),('02','ANCASH','0203','ANTONIO RAYMONDI','020302','ACZO','02','ANCASH','0216','ANTONIO RAIMONDI','021602','ACZO','02','ANCASH','0203','ANTONIO RAYMONDI','020302','ACZO'),('02','ANCASH','0203','ANTONIO RAYMONDI','020303','CHACCHO','02','ANCASH','0216','ANTONIO RAIMONDI','021603','CHACCHO','02','ANCASH','0203','ANTONIO RAYMONDI','020303','CHACCHO'),('02','ANCASH','0203','ANTONIO RAYMONDI','020304','CHINGAS','02','ANCASH','0216','ANTONIO RAIMONDI','021604','CHINGAS','02','ANCASH','0203','ANTONIO RAYMONDI','020304','CHINGAS'),('02','ANCASH','0203','ANTONIO RAYMONDI','020305','MIRGAS','02','ANCASH','0216','ANTONIO RAIMONDI','021605','MIRGAS','02','ANCASH','0203','ANTONIO RAYMONDI','020305','MIRGAS'),('02','ANCASH','0203','ANTONIO RAYMONDI','020306','SAN JUAN DE RONTOY','02','ANCASH','0216','ANTONIO RAIMONDI','021606','SAN JUAN DE RONTOY','02','ANCASH','0203','ANTONIO RAYMONDI','020306','SAN JUAN DE RONTOY'),('02','ANCASH','0204','ASUNCION','020401','CHACAS','02','ANCASH','0218','ASUNCION','021801','CHACAS','02','ANCASH','0204','ASUNCION','020401','CHACAS'),('02','ANCASH','0204','ASUNCION','020402','ACOCHACA','02','ANCASH','0218','ASUNCION','021802','ACOCHACA','02','ANCASH','0204','ASUNCION','020402','ACOCHACA'),('02','ANCASH','0205','BOLOGNESI','020501','CHIQUIAN','02','ANCASH','0203','BOLOGNESI','020301','CHIQUIAN','02','ANCASH','0205','BOLOGNESI','020501','CHIQUIAN'),('02','ANCASH','0205','BOLOGNESI','020502','ABELARDO PARDO LEZAMETA','02','ANCASH','0203','BOLOGNESI','020302','ABELARDO PARDO LEZAMETA','02','ANCASH','0205','BOLOGNESI','020502','ABELARDO PARDO LEZAMETA'),('02','ANCASH','0205','BOLOGNESI','020503','ANTONIO RAYMONDI','02','ANCASH','0203','BOLOGNESI','020321','ANTONIO RAIMONDI','02','ANCASH','0205','BOLOGNESI','020503','ANTONIO RAYMONDI'),('02','ANCASH','0205','BOLOGNESI','020504','AQUIA','02','ANCASH','0203','BOLOGNESI','020304','AQUIA','02','ANCASH','0205','BOLOGNESI','020504','AQUIA'),('02','ANCASH','0205','BOLOGNESI','020505','CAJACAY','02','ANCASH','0203','BOLOGNESI','020305','CAJACAY','02','ANCASH','0205','BOLOGNESI','020505','CAJACAY'),('02','ANCASH','0205','BOLOGNESI','020506','CANIS','02','ANCASH','0203','BOLOGNESI','020322','CANIS','02','ANCASH','0205','BOLOGNESI','020506','CANIS'),('02','ANCASH','0205','BOLOGNESI','020507','COLQUIOC','02','ANCASH','0203','BOLOGNESI','020323','COLQUIOC','02','ANCASH','0205','BOLOGNESI','020507','COLQUIOC'),('02','ANCASH','0205','BOLOGNESI','020508','HUALLANCA','02','ANCASH','0203','BOLOGNESI','020325','HUALLANCA','02','ANCASH','0205','BOLOGNESI','020508','HUALLANCA'),('02','ANCASH','0205','BOLOGNESI','020509','HUASTA','02','ANCASH','0203','BOLOGNESI','020311','HUASTA','02','ANCASH','0205','BOLOGNESI','020509','HUASTA'),('02','ANCASH','0205','BOLOGNESI','020510','HUAYLLACAYAN','02','ANCASH','0203','BOLOGNESI','020310','HUAYLLACAYAN','02','ANCASH','0205','BOLOGNESI','020510','HUAYLLACAYAN'),('02','ANCASH','0205','BOLOGNESI','020511','LA PRIMAVERA','02','ANCASH','0203','BOLOGNESI','020324','LA PRIMAVERA','02','ANCASH','0205','BOLOGNESI','020511','LA PRIMAVERA'),('02','ANCASH','0205','BOLOGNESI','020512','MANGAS','02','ANCASH','0203','BOLOGNESI','020313','MANGAS','02','ANCASH','0205','BOLOGNESI','020512','MANGAS'),('02','ANCASH','0205','BOLOGNESI','020513','PACLLON','02','ANCASH','0203','BOLOGNESI','020315','PACLLON','02','ANCASH','0205','BOLOGNESI','020513','PACLLON'),('02','ANCASH','0205','BOLOGNESI','020514','SAN MIGUEL DE CORPANQUI','02','ANCASH','0203','BOLOGNESI','020317','SAN MIGUEL DE CORPANQUI','02','ANCASH','0205','BOLOGNESI','020514','SAN MIGUEL DE CORPANQUI'),('02','ANCASH','0205','BOLOGNESI','020515','TICLLOS','02','ANCASH','0203','BOLOGNESI','020320','TICLLOS','02','ANCASH','0205','BOLOGNESI','020515','TICLLOS'),('02','ANCASH','0206','CARHUAZ','020601','CARHUAZ','02','ANCASH','0204','CARHUAZ','020401','CARHUAZ','02','ANCASH','0206','CARHUAZ','020601','CARHUAZ'),('02','ANCASH','0206','CARHUAZ','020602','ACOPAMPA','02','ANCASH','0204','CARHUAZ','020402','ACOPAMPA','02','ANCASH','0206','CARHUAZ','020602','ACOPAMPA'),('02','ANCASH','0206','CARHUAZ','020603','AMASHCA','02','ANCASH','0204','CARHUAZ','020403','AMASHCA','02','ANCASH','0206','CARHUAZ','020603','AMASHCA'),('02','ANCASH','0206','CARHUAZ','020604','ANTA','02','ANCASH','0204','CARHUAZ','020404','ANTA','02','ANCASH','0206','CARHUAZ','020604','ANTA'),('02','ANCASH','0206','CARHUAZ','020605','ATAQUERO','02','ANCASH','0204','CARHUAZ','020405','ATAQUERO','02','ANCASH','0206','CARHUAZ','020605','ATAQUERO'),('02','ANCASH','0206','CARHUAZ','020606','MARCARA','02','ANCASH','0204','CARHUAZ','020406','MARCARA','02','ANCASH','0206','CARHUAZ','020606','MARCARA'),('02','ANCASH','0206','CARHUAZ','020607','PARIAHUANCA','02','ANCASH','0204','CARHUAZ','020407','PARIAHUANCA','02','ANCASH','0206','CARHUAZ','020607','PARIAHUANCA'),('02','ANCASH','0206','CARHUAZ','020608','SAN MIGUEL DE ACO','02','ANCASH','0204','CARHUAZ','020408','SAN MIGUEL DE ACO','02','ANCASH','0206','CARHUAZ','020608','SAN MIGUEL DE ACO'),('02','ANCASH','0206','CARHUAZ','020609','SHILLA','02','ANCASH','0204','CARHUAZ','020409','SHILLA','02','ANCASH','0206','CARHUAZ','020609','SHILLA'),('02','ANCASH','0206','CARHUAZ','020610','TINCO','02','ANCASH','0204','CARHUAZ','020410','TINCO','02','ANCASH','0206','CARHUAZ','020610','TINCO'),('02','ANCASH','0206','CARHUAZ','020611','YUNGAR','02','ANCASH','0204','CARHUAZ','020411','YUNGAR','02','ANCASH','0206','CARHUAZ','020611','YUNGAR'),('02','ANCASH','0207','CARLOS FERMIN FITZCARRALD','020701','SAN LUIS','02','ANCASH','0217','CARLOS FERMIN FITZCARRALD','021701','SAN LUIS','02','ANCASH','0207','CARLOS FERMIN FITZCARRALD','020701','SAN LUIS'),('02','ANCASH','0207','CARLOS FERMIN FITZCARRALD','020702','SAN NICOLAS','02','ANCASH','0217','CARLOS FERMIN FITZCARRALD','021703','SAN NICOLAS','02','ANCASH','0207','CARLOS FERMIN FITZCARRALD','020702','SAN NICOLAS'),('02','ANCASH','0207','CARLOS FERMIN FITZCARRALD','020703','YAUYA','02','ANCASH','0217','CARLOS FERMIN FITZCARRALD','021702','YAUYA','02','ANCASH','0207','CARLOS FERMIN FITZCARRALD','020703','YAUYA'),('02','ANCASH','0208','CASMA','020801','CASMA','02','ANCASH','0205','CASMA','020501','CASMA','02','ANCASH','0208','CASMA','020801','CASMA'),('02','ANCASH','0208','CASMA','020802','BUENA VISTA ALTA','02','ANCASH','0205','CASMA','020502','BUENA VISTA ALTA','02','ANCASH','0208','CASMA','020802','BUENA VISTA ALTA'),('02','ANCASH','0208','CASMA','020803','COMANDANTE NOEL','02','ANCASH','0205','CASMA','020503','COMANDANTE NOEL','02','ANCASH','0208','CASMA','020803','COMANDANTE NOEL'),('02','ANCASH','0208','CASMA','020804','YAUTAN','02','ANCASH','0205','CASMA','020505','YAUTAN','02','ANCASH','0208','CASMA','020804','YAUTAN'),('02','ANCASH','0209','CORONGO','020901','CORONGO','02','ANCASH','0206','CORONGO','020601','CORONGO','02','ANCASH','0209','CORONGO','020901','CORONGO'),('02','ANCASH','0209','CORONGO','020902','ACO','02','ANCASH','0206','CORONGO','020602','ACO','02','ANCASH','0209','CORONGO','020902','ACO'),('02','ANCASH','0209','CORONGO','020903','BAMBAS','02','ANCASH','0206','CORONGO','020603','BAMBAS','02','ANCASH','0209','CORONGO','020903','BAMBAS'),('02','ANCASH','0209','CORONGO','020904','CUSCA','02','ANCASH','0206','CORONGO','020604','CUSCA','02','ANCASH','0209','CORONGO','020904','CUSCA'),('02','ANCASH','0209','CORONGO','020905','LA PAMPA','02','ANCASH','0206','CORONGO','020605','LA PAMPA','02','ANCASH','0209','CORONGO','020905','LA PAMPA'),('02','ANCASH','0209','CORONGO','020906','YANAC','02','ANCASH','0206','CORONGO','020606','YANAC','02','ANCASH','0209','CORONGO','020906','YANAC'),('02','ANCASH','0209','CORONGO','020907','YUPAN','02','ANCASH','0206','CORONGO','020607','YUPAN','02','ANCASH','0209','CORONGO','020907','YUPAN'),('02','ANCASH','0210','HUARI','021001','HUARI','02','ANCASH','0208','HUARI','020801','HUARI','02','ANCASH','0210','HUARI','021001','HUARI'),('02','ANCASH','0210','HUARI','021002','ANRA','02','ANCASH','0208','HUARI','020816','ANRA','02','ANCASH','0210','HUARI','021002','ANRA'),('02','ANCASH','0210','HUARI','021003','CAJAY','02','ANCASH','0208','HUARI','020802','CAJAY','02','ANCASH','0210','HUARI','021003','CAJAY'),('02','ANCASH','0210','HUARI','021004','CHAVIN DE HUANTAR','02','ANCASH','0208','HUARI','020803','CHAVIN DE HUANTAR','02','ANCASH','0210','HUARI','021004','CHAVIN DE HUANTAR'),('02','ANCASH','0210','HUARI','021005','HUACACHI','02','ANCASH','0208','HUARI','020804','HUACACHI','02','ANCASH','0210','HUARI','021005','HUACACHI'),('02','ANCASH','0210','HUARI','021006','HUACCHIS','02','ANCASH','0208','HUARI','020806','HUACCHIS','02','ANCASH','0210','HUARI','021006','HUACCHIS'),('02','ANCASH','0210','HUARI','021007','HUACHIS','02','ANCASH','0208','HUARI','020805','HUACHIS','02','ANCASH','0210','HUARI','021007','HUACHIS'),('02','ANCASH','0210','HUARI','021008','HUANTAR','02','ANCASH','0208','HUARI','020807','HUANTAR','02','ANCASH','0210','HUARI','021008','HUANTAR'),('02','ANCASH','0210','HUARI','021009','MASIN','02','ANCASH','0208','HUARI','020808','MASIN','02','ANCASH','0210','HUARI','021009','MASIN'),('02','ANCASH','0210','HUARI','021010','PAUCAS','02','ANCASH','0208','HUARI','020809','PAUCAS','02','ANCASH','0210','HUARI','021010','PAUCAS'),('02','ANCASH','0210','HUARI','021011','PONTO','02','ANCASH','0208','HUARI','020810','PONTO','02','ANCASH','0210','HUARI','021011','PONTO'),('02','ANCASH','0210','HUARI','021012','RAHUAPAMPA','02','ANCASH','0208','HUARI','020811','RAHUAPAMPA','02','ANCASH','0210','HUARI','021012','RAHUAPAMPA'),('02','ANCASH','0210','HUARI','021013','RAPAYAN','02','ANCASH','0208','HUARI','020812','RAPAYAN','02','ANCASH','0210','HUARI','021013','RAPAYAN'),('02','ANCASH','0210','HUARI','021014','SAN MARCOS','02','ANCASH','0208','HUARI','020813','SAN MARCOS','02','ANCASH','0210','HUARI','021014','SAN MARCOS'),('02','ANCASH','0210','HUARI','021015','SAN PEDRO DE CHANA','02','ANCASH','0208','HUARI','020814','SAN PEDRO DE CHANA','02','ANCASH','0210','HUARI','021015','SAN PEDRO DE CHANA'),('02','ANCASH','0210','HUARI','021016','UCO','02','ANCASH','0208','HUARI','020815','UCO','02','ANCASH','0210','HUARI','021016','UCO'),('02','ANCASH','0211','HUARMEY','021101','HUARMEY','02','ANCASH','0219','HUARMEY','021901','HUARMEY','02','ANCASH','0211','HUARMEY','021101','HUARMEY'),('02','ANCASH','0211','HUARMEY','021102','COCHAPETI','02','ANCASH','0219','HUARMEY','021902','COCHAPETI','02','ANCASH','0211','HUARMEY','021102','COCHAPETI'),('02','ANCASH','0211','HUARMEY','021103','CULEBRAS','02','ANCASH','0219','HUARMEY','021905','CULEBRAS','02','ANCASH','0211','HUARMEY','021103','CULEBRAS'),('02','ANCASH','0211','HUARMEY','021104','HUAYAN','02','ANCASH','0219','HUARMEY','021903','HUAYAN','02','ANCASH','0211','HUARMEY','021104','HUAYAN'),('02','ANCASH','0211','HUARMEY','021105','MALVAS','02','ANCASH','0219','HUARMEY','021904','MALVAS','02','ANCASH','0211','HUARMEY','021105','MALVAS'),('02','ANCASH','0212','HUAYLAS','021201','CARAZ','02','ANCASH','0207','HUAYLAS','020701','CARAZ','02','ANCASH','0212','HUAYLAS','021201','CARAZ'),('02','ANCASH','0212','HUAYLAS','021202','HUALLANCA','02','ANCASH','0207','HUAYLAS','020702','HUALLANCA','02','ANCASH','0212','HUAYLAS','021202','HUALLANCA'),('02','ANCASH','0212','HUAYLAS','021203','HUATA','02','ANCASH','0207','HUAYLAS','020703','HUATA','02','ANCASH','0212','HUAYLAS','021203','HUATA'),('02','ANCASH','0212','HUAYLAS','021204','HUAYLAS','02','ANCASH','0207','HUAYLAS','020704','HUAYLAS','02','ANCASH','0212','HUAYLAS','021204','HUAYLAS'),('02','ANCASH','0212','HUAYLAS','021205','MATO','02','ANCASH','0207','HUAYLAS','020705','MATO','02','ANCASH','0212','HUAYLAS','021205','MATO'),('02','ANCASH','0212','HUAYLAS','021206','PAMPAROMAS','02','ANCASH','0207','HUAYLAS','020706','PAMPAROMAS','02','ANCASH','0212','HUAYLAS','021206','PAMPAROMAS'),('02','ANCASH','0212','HUAYLAS','021207','PUEBLO LIBRE','02','ANCASH','0207','HUAYLAS','020707','PUEBLO LIBRE','02','ANCASH','0212','HUAYLAS','021207','PUEBLO LIBRE  / 1'),('02','ANCASH','0212','HUAYLAS','021208','SANTA CRUZ','02','ANCASH','0207','HUAYLAS','020708','SANTA CRUZ','02','ANCASH','0212','HUAYLAS','021208','SANTA CRUZ'),('02','ANCASH','0212','HUAYLAS','021209','SANTO TORIBIO','02','ANCASH','0207','HUAYLAS','020710','SANTO TORIBIO','02','ANCASH','0212','HUAYLAS','021209','SANTO TORIBIO'),('02','ANCASH','0212','HUAYLAS','021210','YURACMARCA','02','ANCASH','0207','HUAYLAS','020709','YURACMARCA','02','ANCASH','0212','HUAYLAS','021210','YURACMARCA'),('02','ANCASH','0213','MARISCAL LUZURIAGA','021301','PISCOBAMBA','02','ANCASH','0209','MARISCAL LUZURIAGA','020901','PISCOBAMBA','02','ANCASH','0213','MARISCAL LUZURIAGA','021301','PISCOBAMBA'),('02','ANCASH','0213','MARISCAL LUZURIAGA','021302','CASCA','02','ANCASH','0209','MARISCAL LUZURIAGA','020902','CASCA','02','ANCASH','0213','MARISCAL LUZURIAGA','021302','CASCA'),('02','ANCASH','0213','MARISCAL LUZURIAGA','021303','ELEAZAR GUZMAN BARRON','02','ANCASH','0209','MARISCAL LUZURIAGA','020908','ELEAZAR GUZMAN BARRON','02','ANCASH','0213','MARISCAL LUZURIAGA','021303','ELEAZAR GUZMAN BARRON'),('02','ANCASH','0213','MARISCAL LUZURIAGA','021304','FIDEL OLIVAS ESCUDERO','02','ANCASH','0209','MARISCAL LUZURIAGA','020904','FIDEL OLIVAS ESCUDERO','02','ANCASH','0213','MARISCAL LUZURIAGA','021304','FIDEL OLIVAS ESCUDERO'),('02','ANCASH','0213','MARISCAL LUZURIAGA','021305','LLAMA','02','ANCASH','0209','MARISCAL LUZURIAGA','020905','LLAMA','02','ANCASH','0213','MARISCAL LUZURIAGA','021305','LLAMA'),('02','ANCASH','0213','MARISCAL LUZURIAGA','021306','LLUMPA','02','ANCASH','0209','MARISCAL LUZURIAGA','020906','LLUMPA','02','ANCASH','0213','MARISCAL LUZURIAGA','021306','LLUMPA'),('02','ANCASH','0213','MARISCAL LUZURIAGA','021307','LUCMA','02','ANCASH','0209','MARISCAL LUZURIAGA','020903','LUCMA','02','ANCASH','0213','MARISCAL LUZURIAGA','021307','LUCMA'),('02','ANCASH','0213','MARISCAL LUZURIAGA','021308','MUSGA','02','ANCASH','0209','MARISCAL LUZURIAGA','020907','MUSGA','02','ANCASH','0213','MARISCAL LUZURIAGA','021308','MUSGA'),('02','ANCASH','0214','OCROS','021401','OCROS','02','ANCASH','0220','OCROS','022007','OCROS','02','ANCASH','0214','OCROS','021401','OCROS'),('02','ANCASH','0214','OCROS','021402','ACAS','02','ANCASH','0220','OCROS','022001','ACAS','02','ANCASH','0214','OCROS','021402','ACAS'),('02','ANCASH','0214','OCROS','021403','CAJAMARQUILLA','02','ANCASH','0220','OCROS','022002','CAJAMARQUILLA','02','ANCASH','0214','OCROS','021403','CAJAMARQUILLA'),('02','ANCASH','0214','OCROS','021404','CARHUAPAMPA','02','ANCASH','0220','OCROS','022003','CARHUAPAMPA','02','ANCASH','0214','OCROS','021404','CARHUAPAMPA'),('02','ANCASH','0214','OCROS','021405','COCHAS','02','ANCASH','0220','OCROS','022004','COCHAS','02','ANCASH','0214','OCROS','021405','COCHAS'),('02','ANCASH','0214','OCROS','021406','CONGAS','02','ANCASH','0220','OCROS','022005','CONGAS','02','ANCASH','0214','OCROS','021406','CONGAS'),('02','ANCASH','0214','OCROS','021407','LLIPA','02','ANCASH','0220','OCROS','022006','LLIPA','02','ANCASH','0214','OCROS','021407','LLIPA'),('02','ANCASH','0214','OCROS','021408','SAN CRISTOBAL DE RAJAN','02','ANCASH','0220','OCROS','022008','SAN CRISTOBAL DE RAJAN','02','ANCASH','0214','OCROS','021408','SAN CRISTOBAL DE RAJAN'),('02','ANCASH','0214','OCROS','021409','SAN PEDRO','02','ANCASH','0220','OCROS','022009','SAN PEDRO','02','ANCASH','0214','OCROS','021409','SAN PEDRO'),('02','ANCASH','0214','OCROS','021410','SANTIAGO DE CHILCAS','02','ANCASH','0220','OCROS','022010','SANTIAGO DE CHILCAS','02','ANCASH','0214','OCROS','021410','SANTIAGO DE CHILCAS'),('02','ANCASH','0215','PALLASCA','021501','CABANA','02','ANCASH','0210','PALLASCA','021001','CABANA','02','ANCASH','0215','PALLASCA','021501','CABANA'),('02','ANCASH','0215','PALLASCA','021502','BOLOGNESI','02','ANCASH','0210','PALLASCA','021002','BOLOGNESI','02','ANCASH','0215','PALLASCA','021502','BOLOGNESI'),('02','ANCASH','0215','PALLASCA','021503','CONCHUCOS','02','ANCASH','0210','PALLASCA','021003','CONCHUCOS','02','ANCASH','0215','PALLASCA','021503','CONCHUCOS'),('02','ANCASH','0215','PALLASCA','021504','HUACASCHUQUE','02','ANCASH','0210','PALLASCA','021004','HUACASCHUQUE','02','ANCASH','0215','PALLASCA','021504','HUACASCHUQUE'),('02','ANCASH','0215','PALLASCA','021505','HUANDOVAL','02','ANCASH','0210','PALLASCA','021005','HUANDOVAL','02','ANCASH','0215','PALLASCA','021505','HUANDOVAL'),('02','ANCASH','0215','PALLASCA','021506','LACABAMBA','02','ANCASH','0210','PALLASCA','021006','LACABAMBA','02','ANCASH','0215','PALLASCA','021506','LACABAMBA'),('02','ANCASH','0215','PALLASCA','021507','LLAPO','02','ANCASH','0210','PALLASCA','021007','LLAPO','02','ANCASH','0215','PALLASCA','021507','LLAPO'),('02','ANCASH','0215','PALLASCA','021508','PALLASCA','02','ANCASH','0210','PALLASCA','021008','PALLASCA','02','ANCASH','0215','PALLASCA','021508','PALLASCA'),('02','ANCASH','0215','PALLASCA','021509','PAMPAS','02','ANCASH','0210','PALLASCA','021009','PAMPAS','02','ANCASH','0215','PALLASCA','021509','PAMPAS'),('02','ANCASH','0215','PALLASCA','021510','SANTA ROSA','02','ANCASH','0210','PALLASCA','021010','SANTA ROSA','02','ANCASH','0215','PALLASCA','021510','SANTA ROSA'),('02','ANCASH','0215','PALLASCA','021511','TAUCA','02','ANCASH','0210','PALLASCA','021011','TAUCA','02','ANCASH','0215','PALLASCA','021511','TAUCA'),('02','ANCASH','0216','POMABAMBA','021601','POMABAMBA','02','ANCASH','0211','POMABAMBA','021101','POMABAMBA','02','ANCASH','0216','POMABAMBA','021601','POMABAMBA'),('02','ANCASH','0216','POMABAMBA','021602','HUAYLLAN','02','ANCASH','0211','POMABAMBA','021102','HUAYLLAN','02','ANCASH','0216','POMABAMBA','021602','HUAYLLAN'),('02','ANCASH','0216','POMABAMBA','021603','PAROBAMBA','02','ANCASH','0211','POMABAMBA','021103','PAROBAMBA','02','ANCASH','0216','POMABAMBA','021603','PAROBAMBA'),('02','ANCASH','0216','POMABAMBA','021604','QUINUABAMBA','02','ANCASH','0211','POMABAMBA','021104','QUINUABAMBA','02','ANCASH','0216','POMABAMBA','021604','QUINUABAMBA'),('02','ANCASH','0217','RECUAY','021701','RECUAY','02','ANCASH','0212','RECUAY','021201','RECUAY','02','ANCASH','0217','RECUAY','021701','RECUAY'),('02','ANCASH','0217','RECUAY','021702','CATAC','02','ANCASH','0212','RECUAY','021210','CATAC','02','ANCASH','0217','RECUAY','021702','CATAC'),('02','ANCASH','0217','RECUAY','021703','COTAPARACO','02','ANCASH','0212','RECUAY','021202','COTAPARACO','02','ANCASH','0217','RECUAY','021703','COTAPARACO'),('02','ANCASH','0217','RECUAY','021704','HUAYLLAPAMPA','02','ANCASH','0212','RECUAY','021203','HUAYLLAPAMPA','02','ANCASH','0217','RECUAY','021704','HUAYLLAPAMPA'),('02','ANCASH','0217','RECUAY','021705','LLACLLIN','02','ANCASH','0212','RECUAY','021209','LLACLLIN','02','ANCASH','0217','RECUAY','021705','LLACLLIN'),('02','ANCASH','0217','RECUAY','021706','MARCA','02','ANCASH','0212','RECUAY','021204','MARCA','02','ANCASH','0217','RECUAY','021706','MARCA'),('02','ANCASH','0217','RECUAY','021707','PAMPAS CHICO','02','ANCASH','0212','RECUAY','021205','PAMPAS CHICO','02','ANCASH','0217','RECUAY','021707','PAMPAS CHICO'),('02','ANCASH','0217','RECUAY','021708','PARARIN','02','ANCASH','0212','RECUAY','021206','PARARIN','02','ANCASH','0217','RECUAY','021708','PARARIN'),('02','ANCASH','0217','RECUAY','021709','TAPACOCHA','02','ANCASH','0212','RECUAY','021207','TAPACOCHA','02','ANCASH','0217','RECUAY','021709','TAPACOCHA'),('02','ANCASH','0217','RECUAY','021710','TICAPAMPA','02','ANCASH','0212','RECUAY','021208','TICAPAMPA','02','ANCASH','0217','RECUAY','021710','TICAPAMPA'),('02','ANCASH','0218','SANTA','021801','CHIMBOTE','02','ANCASH','0213','SANTA','021301','CHIMBOTE','02','ANCASH','0218','SANTA','021801','CHIMBOTE'),('02','ANCASH','0218','SANTA','021802','CACERES DEL PERU','02','ANCASH','0213','SANTA','021302','CACERES DEL PERU','02','ANCASH','0218','SANTA','021802','CACERES DEL PERU'),('02','ANCASH','0218','SANTA','021803','COISHCO','02','ANCASH','0213','SANTA','021308','COISHCO','02','ANCASH','0218','SANTA','021803','COISHCO'),('02','ANCASH','0218','SANTA','021804','MACATE','02','ANCASH','0213','SANTA','021303','MACATE','02','ANCASH','0218','SANTA','021804','MACATE'),('02','ANCASH','0218','SANTA','021805','MORO','02','ANCASH','0213','SANTA','021304','MORO','02','ANCASH','0218','SANTA','021805','MORO'),('02','ANCASH','0218','SANTA','021806','NEPEÑA','02','ANCASH','0213','SANTA','021305','NEPEÑA','02','ANCASH','0218','SANTA','021806','NEPEÑA'),('02','ANCASH','0218','SANTA','021807','SAMANCO','02','ANCASH','0213','SANTA','021306','SAMANCO','02','ANCASH','0218','SANTA','021807','SAMANCO'),('02','ANCASH','0218','SANTA','021808','SANTA','02','ANCASH','0213','SANTA','021307','SANTA','02','ANCASH','0218','SANTA','021808','SANTA'),('02','ANCASH','0218','SANTA','021809','NUEVO CHIMBOTE','02','ANCASH','0213','SANTA','021309','NUEVO CHIMBOTE','02','ANCASH','0218','SANTA','021809','NUEVO CHIMBOTE'),('02','ANCASH','0219','SIHUAS','021901','SIHUAS','02','ANCASH','0214','SIHUAS','021401','SIHUAS','02','ANCASH','0219','SIHUAS','021901','SIHUAS'),('02','ANCASH','0219','SIHUAS','021902','ACOBAMBA','02','ANCASH','0214','SIHUAS','021407','ACOBAMBA','02','ANCASH','0219','SIHUAS','021902','ACOBAMBA'),('02','ANCASH','0219','SIHUAS','021903','ALFONSO UGARTE','02','ANCASH','0214','SIHUAS','021402','ALFONSO UGARTE','02','ANCASH','0219','SIHUAS','021903','ALFONSO UGARTE'),('02','ANCASH','0219','SIHUAS','021904','CASHAPAMPA','02','ANCASH','0214','SIHUAS','021408','CASHAPAMPA','02','ANCASH','0219','SIHUAS','021904','CASHAPAMPA'),('02','ANCASH','0219','SIHUAS','021905','CHINGALPO','02','ANCASH','0214','SIHUAS','021403','CHINGALPO','02','ANCASH','0219','SIHUAS','021905','CHINGALPO'),('02','ANCASH','0219','SIHUAS','021906','HUAYLLABAMBA','02','ANCASH','0214','SIHUAS','021404','HUAYLLABAMBA','02','ANCASH','0219','SIHUAS','021906','HUAYLLABAMBA'),('02','ANCASH','0219','SIHUAS','021907','QUICHES','02','ANCASH','0214','SIHUAS','021405','QUICHES','02','ANCASH','0219','SIHUAS','021907','QUICHES'),('02','ANCASH','0219','SIHUAS','021908','RAGASH','02','ANCASH','0214','SIHUAS','021409','RAGASH','02','ANCASH','0219','SIHUAS','021908','RAGASH'),('02','ANCASH','0219','SIHUAS','021909','SAN JUAN','02','ANCASH','0214','SIHUAS','021410','SAN JUAN','02','ANCASH','0219','SIHUAS','021909','SAN JUAN'),('02','ANCASH','0219','SIHUAS','021910','SICSIBAMBA','02','ANCASH','0214','SIHUAS','021406','SICSIBAMBA','02','ANCASH','0219','SIHUAS','021910','SICSIBAMBA'),('02','ANCASH','0220','YUNGAY','022001','YUNGAY','02','ANCASH','0215','YUNGAY','021501','YUNGAY','02','ANCASH','0220','YUNGAY','022001','YUNGAY'),('02','ANCASH','0220','YUNGAY','022002','CASCAPARA','02','ANCASH','0215','YUNGAY','021502','CASCAPARA','02','ANCASH','0220','YUNGAY','022002','CASCAPARA'),('02','ANCASH','0220','YUNGAY','022003','MANCOS','02','ANCASH','0215','YUNGAY','021503','MANCOS','02','ANCASH','0220','YUNGAY','022003','MANCOS'),('02','ANCASH','0220','YUNGAY','022004','MATACOTO','02','ANCASH','0215','YUNGAY','021504','MATACOTO','02','ANCASH','0220','YUNGAY','022004','MATACOTO'),('02','ANCASH','0220','YUNGAY','022005','QUILLO','02','ANCASH','0215','YUNGAY','021505','QUILLO','02','ANCASH','0220','YUNGAY','022005','QUILLO'),('02','ANCASH','0220','YUNGAY','022006','RANRAHIRCA','02','ANCASH','0215','YUNGAY','021506','RANRAHIRCA','02','ANCASH','0220','YUNGAY','022006','RANRAHIRCA'),('02','ANCASH','0220','YUNGAY','022007','SHUPLUY','02','ANCASH','0215','YUNGAY','021507','SHUPLUY','02','ANCASH','0220','YUNGAY','022007','SHUPLUY'),('02','ANCASH','0220','YUNGAY','022008','YANAMA','02','ANCASH','0215','YUNGAY','021508','YANAMA','02','ANCASH','0220','YUNGAY','022008','YANAMA'),('03','APURIMAC','0301','ABANCAY','030101','ABANCAY','03','APURIMAC','0301','ABANCAY','030101','ABANCAY','03','APURIMAC','0301','ABANCAY','030101','ABANCAY'),('03','APURIMAC','0301','ABANCAY','030102','CHACOCHE','03','APURIMAC','0301','ABANCAY','030104','CHACOCHE','03','APURIMAC','0301','ABANCAY','030102','CHACOCHE'),('03','APURIMAC','0301','ABANCAY','030103','CIRCA','03','APURIMAC','0301','ABANCAY','030102','CIRCA','03','APURIMAC','0301','ABANCAY','030103','CIRCA'),('03','APURIMAC','0301','ABANCAY','030104','CURAHUASI','03','APURIMAC','0301','ABANCAY','030103','CURAHUASI','03','APURIMAC','0301','ABANCAY','030104','CURAHUASI'),('03','APURIMAC','0301','ABANCAY','030105','HUANIPACA','03','APURIMAC','0301','ABANCAY','030105','HUANIPACA','03','APURIMAC','0301','ABANCAY','030105','HUANIPACA'),('03','APURIMAC','0301','ABANCAY','030106','LAMBRAMA','03','APURIMAC','0301','ABANCAY','030106','LAMBRAMA','03','APURIMAC','0301','ABANCAY','030106','LAMBRAMA'),('03','APURIMAC','0301','ABANCAY','030107','PICHIRHUA','03','APURIMAC','0301','ABANCAY','030107','PICHIRHUA','03','APURIMAC','0301','ABANCAY','030107','PICHIRHUA'),('03','APURIMAC','0301','ABANCAY','030108','SAN PEDRO DE CACHORA','03','APURIMAC','0301','ABANCAY','030108','SAN PEDRO DE CACHORA','03','APURIMAC','0301','ABANCAY','030108','SAN PEDRO DE CACHORA'),('03','APURIMAC','0301','ABANCAY','030109','TAMBURCO','03','APURIMAC','0301','ABANCAY','030109','TAMBURCO','03','APURIMAC','0301','ABANCAY','030109','TAMBURCO'),('03','APURIMAC','0302','ANDAHUAYLAS','030201','ANDAHUAYLAS','03','APURIMAC','0303','ANDAHUAYLAS','030301','ANDAHUAYLAS','03','APURIMAC','0302','ANDAHUAYLAS','030201','ANDAHUAYLAS'),('03','APURIMAC','0302','ANDAHUAYLAS','030202','ANDARAPA','03','APURIMAC','0303','ANDAHUAYLAS','030302','ANDARAPA','03','APURIMAC','0302','ANDAHUAYLAS','030202','ANDARAPA'),('03','APURIMAC','0302','ANDAHUAYLAS','030203','CHIARA','03','APURIMAC','0303','ANDAHUAYLAS','030303','CHIARA','03','APURIMAC','0302','ANDAHUAYLAS','030203','CHIARA'),('03','APURIMAC','0302','ANDAHUAYLAS','030204','HUANCARAMA','03','APURIMAC','0303','ANDAHUAYLAS','030304','HUANCARAMA','03','APURIMAC','0302','ANDAHUAYLAS','030204','HUANCARAMA'),('03','APURIMAC','0302','ANDAHUAYLAS','030205','HUANCARAY','03','APURIMAC','0303','ANDAHUAYLAS','030305','HUANCARAY','03','APURIMAC','0302','ANDAHUAYLAS','030205','HUANCARAY'),('03','APURIMAC','0302','ANDAHUAYLAS','030206','HUAYANA','03','APURIMAC','0303','ANDAHUAYLAS','030317','HUAYANA','03','APURIMAC','0302','ANDAHUAYLAS','030206','HUAYANA'),('03','APURIMAC','0302','ANDAHUAYLAS','030207','KISHUARA','03','APURIMAC','0303','ANDAHUAYLAS','030306','KISHUARA','03','APURIMAC','0302','ANDAHUAYLAS','030207','KISHUARA'),('03','APURIMAC','0302','ANDAHUAYLAS','030208','PACOBAMBA','03','APURIMAC','0303','ANDAHUAYLAS','030307','PACOBAMBA','03','APURIMAC','0302','ANDAHUAYLAS','030208','PACOBAMBA'),('03','APURIMAC','0302','ANDAHUAYLAS','030209','PACUCHA','03','APURIMAC','0303','ANDAHUAYLAS','030313','PACUCHA','03','APURIMAC','0302','ANDAHUAYLAS','030209','PACUCHA'),('03','APURIMAC','0302','ANDAHUAYLAS','030210','PAMPACHIRI','03','APURIMAC','0303','ANDAHUAYLAS','030308','PAMPACHIRI','03','APURIMAC','0302','ANDAHUAYLAS','030210','PAMPACHIRI'),('03','APURIMAC','0302','ANDAHUAYLAS','030211','POMACOCHA','03','APURIMAC','0303','ANDAHUAYLAS','030314','POMACOCHA','03','APURIMAC','0302','ANDAHUAYLAS','030211','POMACOCHA'),('03','APURIMAC','0302','ANDAHUAYLAS','030212','SAN ANTONIO DE CACHI','03','APURIMAC','0303','ANDAHUAYLAS','030309','SAN ANTONIO DE CACHI','03','APURIMAC','0302','ANDAHUAYLAS','030212','SAN ANTONIO DE CACHI'),('03','APURIMAC','0302','ANDAHUAYLAS','030213','SAN JERONIMO','03','APURIMAC','0303','ANDAHUAYLAS','030310','SAN JERONIMO','03','APURIMAC','0302','ANDAHUAYLAS','030213','SAN JERONIMO'),('03','APURIMAC','0302','ANDAHUAYLAS','030214','SAN MIGUEL DE CHACCRAMPA','03','APURIMAC','0303','ANDAHUAYLAS','030318','SAN MIGUEL DE CHACCRAMPA','03','APURIMAC','0302','ANDAHUAYLAS','030214','SAN MIGUEL DE CHACCRAMPA'),('03','APURIMAC','0302','ANDAHUAYLAS','030215','SANTA MARIA DE CHICMO','03','APURIMAC','0303','ANDAHUAYLAS','030315','SANTA MARIA DE CHICMO','03','APURIMAC','0302','ANDAHUAYLAS','030215','SANTA MARIA DE CHICMO'),('03','APURIMAC','0302','ANDAHUAYLAS','030216','TALAVERA','03','APURIMAC','0303','ANDAHUAYLAS','030311','TALAVERA','03','APURIMAC','0302','ANDAHUAYLAS','030216','TALAVERA'),('03','APURIMAC','0302','ANDAHUAYLAS','030217','TUMAY HUARACA','03','APURIMAC','0303','ANDAHUAYLAS','030316','TUMAY HUARACA','03','APURIMAC','0302','ANDAHUAYLAS','030217','TUMAY HUARACA'),('03','APURIMAC','0302','ANDAHUAYLAS','030218','TURPO','03','APURIMAC','0303','ANDAHUAYLAS','030312','TURPO','03','APURIMAC','0302','ANDAHUAYLAS','030218','TURPO'),('03','APURIMAC','0302','ANDAHUAYLAS','030219','KAQUIABAMBA','03','APURIMAC','0303','ANDAHUAYLAS','030319','KAQUIABAMBA','03','APURIMAC','0302','ANDAHUAYLAS','030219','KAQUIABAMBA'),('03','APURIMAC','0302','ANDAHUAYLAS','030220','JOSE MARIA ARGUEDAS',NULL,NULL,NULL,NULL,NULL,NULL,NULL,NULL,NULL,NULL,NULL,NULL),('03','APURIMAC','0303','ANTABAMBA','030301','ANTABAMBA','03','APURIMAC','0304','ANTABAMBA','030401','ANTABAMBA','03','APURIMAC','0303','ANTABAMBA','030301','ANTABAMBA'),('03','APURIMAC','0303','ANTABAMBA','030302','EL ORO','03','APURIMAC','0304','ANTABAMBA','030402','EL ORO','03','APURIMAC','0303','ANTABAMBA','030302','EL ORO'),('03','APURIMAC','0303','ANTABAMBA','030303','HUAQUIRCA','03','APURIMAC','0304','ANTABAMBA','030403','HUAQUIRCA','03','APURIMAC','0303','ANTABAMBA','030303','HUAQUIRCA'),('03','APURIMAC','0303','ANTABAMBA','030304','JUAN ESPINOZA MEDRANO','03','APURIMAC','0304','ANTABAMBA','030404','JUAN ESPINOZA MEDRANO','03','APURIMAC','0303','ANTABAMBA','030304','JUAN ESPINOZA MEDRANO'),('03','APURIMAC','0303','ANTABAMBA','030305','OROPESA','03','APURIMAC','0304','ANTABAMBA','030405','OROPESA','03','APURIMAC','0303','ANTABAMBA','030305','OROPESA'),('03','APURIMAC','0303','ANTABAMBA','030306','PACHACONAS','03','APURIMAC','0304','ANTABAMBA','030406','PACHACONAS','03','APURIMAC','0303','ANTABAMBA','030306','PACHACONAS'),('03','APURIMAC','0303','ANTABAMBA','030307','SABAINO','03','APURIMAC','0304','ANTABAMBA','030407','SABAINO','03','APURIMAC','0303','ANTABAMBA','030307','SABAINO'),('03','APURIMAC','0304','AYMARAES','030401','CHALHUANCA','03','APURIMAC','0302','AYMARAES','030201','CHALHUANCA','03','APURIMAC','0304','AYMARAES','030401','CHALHUANCA'),('03','APURIMAC','0304','AYMARAES','030402','CAPAYA','03','APURIMAC','0302','AYMARAES','030202','CAPAYA','03','APURIMAC','0304','AYMARAES','030402','CAPAYA'),('03','APURIMAC','0304','AYMARAES','030403','CARAYBAMBA','03','APURIMAC','0302','AYMARAES','030203','CARAYBAMBA','03','APURIMAC','0304','AYMARAES','030403','CARAYBAMBA'),('03','APURIMAC','0304','AYMARAES','030404','CHAPIMARCA','03','APURIMAC','0302','AYMARAES','030206','CHAPIMARCA','03','APURIMAC','0304','AYMARAES','030404','CHAPIMARCA'),('03','APURIMAC','0304','AYMARAES','030405','COLCABAMBA','03','APURIMAC','0302','AYMARAES','030204','COLCABAMBA','03','APURIMAC','0304','AYMARAES','030405','COLCABAMBA'),('03','APURIMAC','0304','AYMARAES','030406','COTARUSE','03','APURIMAC','0302','AYMARAES','030205','COTARUSE','03','APURIMAC','0304','AYMARAES','030406','COTARUSE'),('03','APURIMAC','0304','AYMARAES','030407','IHUAYLLO','03','APURIMAC','0302','AYMARAES','030207','HUAYLLO','03','APURIMAC','0304','AYMARAES','030407','HUAYLLO'),('03','APURIMAC','0304','AYMARAES','030408','JUSTO APU SAHUARAURA','03','APURIMAC','0302','AYMARAES','030217','JUSTO APU SAHUARAURA','03','APURIMAC','0304','AYMARAES','030408','JUSTO APU SAHUARAURA'),('03','APURIMAC','0304','AYMARAES','030409','LUCRE','03','APURIMAC','0302','AYMARAES','030208','LUCRE','03','APURIMAC','0304','AYMARAES','030409','LUCRE'),('03','APURIMAC','0304','AYMARAES','030410','POCOHUANCA','03','APURIMAC','0302','AYMARAES','030209','POCOHUANCA','03','APURIMAC','0304','AYMARAES','030410','POCOHUANCA'),('03','APURIMAC','0304','AYMARAES','030411','SAN JUAN DE CHACÑA','03','APURIMAC','0302','AYMARAES','030216','SAN JUAN DE CHACÑA','03','APURIMAC','0304','AYMARAES','030411','SAN JUAN DE CHACÑA'),('03','APURIMAC','0304','AYMARAES','030412','SAÑAYCA','03','APURIMAC','0302','AYMARAES','030210','SAÑAYCA','03','APURIMAC','0304','AYMARAES','030412','SAÑAYCA'),('03','APURIMAC','0304','AYMARAES','030413','SORAYA','03','APURIMAC','0302','AYMARAES','030211','SORAYA','03','APURIMAC','0304','AYMARAES','030413','SORAYA'),('03','APURIMAC','0304','AYMARAES','030414','TAPAIRIHUA','03','APURIMAC','0302','AYMARAES','030212','TAPAIRIHUA','03','APURIMAC','0304','AYMARAES','030414','TAPAIRIHUA'),('03','APURIMAC','0304','AYMARAES','030415','TINTAY','03','APURIMAC','0302','AYMARAES','030213','TINTAY','03','APURIMAC','0304','AYMARAES','030415','TINTAY'),('03','APURIMAC','0304','AYMARAES','030416','TORAYA','03','APURIMAC','0302','AYMARAES','030214','TORAYA','03','APURIMAC','0304','AYMARAES','030416','TORAYA'),('03','APURIMAC','0304','AYMARAES','030417','YANACA','03','APURIMAC','0302','AYMARAES','030215','YANACA','03','APURIMAC','0304','AYMARAES','030417','YANACA'),('03','APURIMAC','0305','COTABAMBAS','030501','TAMBOBAMBA','03','APURIMAC','0305','COTABAMBAS','030501','TAMBOBAMBA','03','APURIMAC','0305','COTABAMBAS','030501','TAMBOBAMBA'),('03','APURIMAC','0305','COTABAMBAS','030502','COTABAMBAS','03','APURIMAC','0305','COTABAMBAS','030503','COTABAMBAS','03','APURIMAC','0305','COTABAMBAS','030502','COTABAMBAS'),('03','APURIMAC','0305','COTABAMBAS','030503','COYLLURQUI','03','APURIMAC','0305','COTABAMBAS','030502','COYLLURQUI','03','APURIMAC','0305','COTABAMBAS','030503','COYLLURQUI'),('03','APURIMAC','0305','COTABAMBAS','030504','HAQUIRA','03','APURIMAC','0305','COTABAMBAS','030504','HAQUIRA','03','APURIMAC','0305','COTABAMBAS','030504','HAQUIRA'),('03','APURIMAC','0305','COTABAMBAS','030505','MARA','03','APURIMAC','0305','COTABAMBAS','030505','MARA','03','APURIMAC','0305','COTABAMBAS','030505','MARA'),('03','APURIMAC','0305','COTABAMBAS','030506','CHALLHUAHUACHO','03','APURIMAC','0305','COTABAMBAS','030506','CHALLHUAHUACHO','03','APURIMAC','0305','COTABAMBAS','030506','CHALLHUAHUACHO'),('03','APURIMAC','0306','CHINCHEROS','030601','CHINCHEROS','03','APURIMAC','0307','CHINCHEROS','030701','CHINCHEROS','03','APURIMAC','0306','CHINCHEROS','030601','CHINCHEROS'),('03','APURIMAC','0306','CHINCHEROS','030602','ANCO_HUALLO','03','APURIMAC','0307','CHINCHEROS','030705','ANCO HUALLO','03','APURIMAC','0306','CHINCHEROS','030602','ANCO-HUALLO'),('03','APURIMAC','0306','CHINCHEROS','030603','COCHARCAS','03','APURIMAC','0307','CHINCHEROS','030704','COCHARCAS','03','APURIMAC','0306','CHINCHEROS','030603','COCHARCAS'),('03','APURIMAC','0306','CHINCHEROS','030604','HUACCANA','03','APURIMAC','0307','CHINCHEROS','030706','HUACCANA','03','APURIMAC','0306','CHINCHEROS','030604','HUACCANA'),('03','APURIMAC','0306','CHINCHEROS','030605','OCOBAMBA','03','APURIMAC','0307','CHINCHEROS','030703','OCOBAMBA','03','APURIMAC','0306','CHINCHEROS','030605','OCOBAMBA'),('03','APURIMAC','0306','CHINCHEROS','030606','ONGOY','03','APURIMAC','0307','CHINCHEROS','030702','ONGOY','03','APURIMAC','0306','CHINCHEROS','030606','ONGOY'),('03','APURIMAC','0306','CHINCHEROS','030607','URANMARCA','03','APURIMAC','0307','CHINCHEROS','030707','URANMARCA','03','APURIMAC','0306','CHINCHEROS','030607','URANMARCA'),('03','APURIMAC','0306','CHINCHEROS','030608','RANRACANCHA','03','APURIMAC','0307','CHINCHEROS','030708','RANRACANCHA','03','APURIMAC','0306','CHINCHEROS','030608','RANRACANCHA'),('03','APURIMAC','0306','CHINCHEROS','030609','ROCCHACC',NULL,NULL,NULL,NULL,NULL,NULL,NULL,NULL,NULL,NULL,NULL,NULL),('03','APURIMAC','0306','CHINCHEROS','030610','EL PORVENIR',NULL,NULL,NULL,NULL,NULL,NULL,NULL,NULL,NULL,NULL,NULL,NULL),('03','APURIMAC','0306','CHINCHEROS','030611','LOS CHANKAS',NULL,NULL,NULL,NULL,NULL,NULL,NULL,NULL,NULL,NULL,NULL,NULL),('03','APURIMAC','0307','GRAU','030701','CHUQUIBAMBILLA','03','APURIMAC','0306','GRAU','030601','CHUQUIBAMBILLA','03','APURIMAC','0307','GRAU','030701','CHUQUIBAMBILLA'),('03','APURIMAC','0307','GRAU','030702','CURPAHUASI','03','APURIMAC','0306','GRAU','030602','CURPAHUASI','03','APURIMAC','0307','GRAU','030702','CURPAHUASI'),('03','APURIMAC','0307','GRAU','030703','GAMARRA','03','APURIMAC','0306','GRAU','030605','MARISCAL GAMARRA','03','APURIMAC','0307','GRAU','030703','GAMARRA'),('03','APURIMAC','0307','GRAU','030704','HUAYLLATI','03','APURIMAC','0306','GRAU','030603','HUAILLATI','03','APURIMAC','0307','GRAU','030704','HUAYLLATI'),('03','APURIMAC','0307','GRAU','030705','MAMARA','03','APURIMAC','0306','GRAU','030604','MAMARA','03','APURIMAC','0307','GRAU','030705','MAMARA'),('03','APURIMAC','0307','GRAU','030706','MICAELA BASTIDAS','03','APURIMAC','0306','GRAU','030606','MICAELA BASTIDAS','03','APURIMAC','0307','GRAU','030706','MICAELA BASTIDAS'),('03','APURIMAC','0307','GRAU','030707','PATAYPAMPA','03','APURIMAC','0306','GRAU','030608','PATAYPAMPA','03','APURIMAC','0307','GRAU','030707','PATAYPAMPA'),('03','APURIMAC','0307','GRAU','030708','PROGRESO','03','APURIMAC','0306','GRAU','030607','PROGRESO','03','APURIMAC','0307','GRAU','030708','PROGRESO'),('03','APURIMAC','0307','GRAU','030709','SAN ANTONIO','03','APURIMAC','0306','GRAU','030609','SAN ANTONIO','03','APURIMAC','0307','GRAU','030709','SAN ANTONIO'),('03','APURIMAC','0307','GRAU','030710','SANTA ROSA','03','APURIMAC','0306','GRAU','030613','SANTA ROSA','03','APURIMAC','0307','GRAU','030710','SANTA ROSA'),('03','APURIMAC','0307','GRAU','030711','TURPAY','03','APURIMAC','0306','GRAU','030610','TURPAY','03','APURIMAC','0307','GRAU','030711','TURPAY'),('03','APURIMAC','0307','GRAU','030712','VILCABAMBA','03','APURIMAC','0306','GRAU','030611','VILCABAMBA','03','APURIMAC','0307','GRAU','030712','VILCABAMBA'),('03','APURIMAC','0307','GRAU','030713','VIRUNDO','03','APURIMAC','0306','GRAU','030612','VIRUNDO','03','APURIMAC','0307','GRAU','030713','VIRUNDO'),('03','APURIMAC','0307','GRAU','030714','CURASCO','03','APURIMAC','0306','GRAU','030614','CURASCO','03','APURIMAC','0307','GRAU','030714','CURASCO'),('04','AREQUIPA','0401','AREQUIPA','040101','AREQUIPA','04','AREQUIPA','0401','AREQUIPA','040101','AREQUIPA','04','AREQUIPA','0401','AREQUIPA','040101','AREQUIPA'),('04','AREQUIPA','0401','AREQUIPA','040102','ALTO SELVA ALEGRE','04','AREQUIPA','0401','AREQUIPA','040128','ALTO SELVA ALEGRE','04','AREQUIPA','0401','AREQUIPA','040102','ALTO SELVA ALEGRE'),('04','AREQUIPA','0401','AREQUIPA','040103','CAYMA','04','AREQUIPA','0401','AREQUIPA','040102','CAYMA','04','AREQUIPA','0401','AREQUIPA','040103','CAYMA'),('04','AREQUIPA','0401','AREQUIPA','040104','CERRO COLORADO','04','AREQUIPA','0401','AREQUIPA','040103','CERRO COLORADO','04','AREQUIPA','0401','AREQUIPA','040104','CERRO COLORADO'),('04','AREQUIPA','0401','AREQUIPA','040105','CHARACATO','04','AREQUIPA','0401','AREQUIPA','040104','CHARACATO','04','AREQUIPA','0401','AREQUIPA','040105','CHARACATO'),('04','AREQUIPA','0401','AREQUIPA','040106','CHIGUATA','04','AREQUIPA','0401','AREQUIPA','040105','CHIGUATA','04','AREQUIPA','0401','AREQUIPA','040106','CHIGUATA'),('04','AREQUIPA','0401','AREQUIPA','040107','JACOBO HUNTER','04','AREQUIPA','0401','AREQUIPA','040127','JACOBO HUNTER','04','AREQUIPA','0401','AREQUIPA','040107','JACOBO HUNTER'),('04','AREQUIPA','0401','AREQUIPA','040108','LA JOYA','04','AREQUIPA','0401','AREQUIPA','040106','LA JOYA','04','AREQUIPA','0401','AREQUIPA','040108','LA JOYA'),('04','AREQUIPA','0401','AREQUIPA','040109','MARIANO MELGAR','04','AREQUIPA','0401','AREQUIPA','040126','MARIANO MELGAR','04','AREQUIPA','0401','AREQUIPA','040109','MARIANO MELGAR'),('04','AREQUIPA','0401','AREQUIPA','040110','MIRAFLORES','04','AREQUIPA','0401','AREQUIPA','040107','MIRAFLORES','04','AREQUIPA','0401','AREQUIPA','040110','MIRAFLORES'),('04','AREQUIPA','0401','AREQUIPA','040111','MOLLEBAYA','04','AREQUIPA','0401','AREQUIPA','040108','MOLLEBAYA','04','AREQUIPA','0401','AREQUIPA','040111','MOLLEBAYA'),('04','AREQUIPA','0401','AREQUIPA','040112','PAUCARPATA','04','AREQUIPA','0401','AREQUIPA','040109','PAUCARPATA','04','AREQUIPA','0401','AREQUIPA','040112','PAUCARPATA'),('04','AREQUIPA','0401','AREQUIPA','040113','POCSI','04','AREQUIPA','0401','AREQUIPA','040110','POCSI','04','AREQUIPA','0401','AREQUIPA','040113','POCSI'),('04','AREQUIPA','0401','AREQUIPA','040114','POLOBAYA','04','AREQUIPA','0401','AREQUIPA','040111','POLOBAYA','04','AREQUIPA','0401','AREQUIPA','040114','POLOBAYA'),('04','AREQUIPA','0401','AREQUIPA','040115','QUEQUEÑA','04','AREQUIPA','0401','AREQUIPA','040112','QUEQUEÑA','04','AREQUIPA','0401','AREQUIPA','040115','QUEQUEÑA'),('04','AREQUIPA','0401','AREQUIPA','040116','SABANDIA','04','AREQUIPA','0401','AREQUIPA','040113','SABANDIA','04','AREQUIPA','0401','AREQUIPA','040116','SABANDIA'),('04','AREQUIPA','0401','AREQUIPA','040117','SACHACA','04','AREQUIPA','0401','AREQUIPA','040114','SACHACA','04','AREQUIPA','0401','AREQUIPA','040117','SACHACA'),('04','AREQUIPA','0401','AREQUIPA','040118','SAN JUAN DE SIGUAS','04','AREQUIPA','0401','AREQUIPA','040115','SAN JUAN DE SIGUAS','04','AREQUIPA','0401','AREQUIPA','040118','SAN JUAN DE SIGUAS /1'),('04','AREQUIPA','0401','AREQUIPA','040119','SAN JUAN DE TARUCANI','04','AREQUIPA','0401','AREQUIPA','040116','SAN JUAN DE TARUCANI','04','AREQUIPA','0401','AREQUIPA','040119','SAN JUAN DE TARUCANI'),('04','AREQUIPA','0401','AREQUIPA','040120','SANTA ISABEL DE SIGUAS','04','AREQUIPA','0401','AREQUIPA','040117','SANTA ISABEL DE SIGUAS','04','AREQUIPA','0401','AREQUIPA','040120','SANTA ISABEL DE SIGUAS'),('04','AREQUIPA','0401','AREQUIPA','040121','SANTA RITA DE SIGUAS','04','AREQUIPA','0401','AREQUIPA','040118','SANTA RITA DE SIHUAS','04','AREQUIPA','0401','AREQUIPA','040121','SANTA RITA DE SIGUAS'),('04','AREQUIPA','0401','AREQUIPA','040122','SOCABAYA','04','AREQUIPA','0401','AREQUIPA','040119','SOCABAYA','04','AREQUIPA','0401','AREQUIPA','040122','SOCABAYA'),('04','AREQUIPA','0401','AREQUIPA','040123','TIABAYA','04','AREQUIPA','0401','AREQUIPA','040120','TIABAYA','04','AREQUIPA','0401','AREQUIPA','040123','TIABAYA'),('04','AREQUIPA','0401','AREQUIPA','040124','UCHUMAYO','04','AREQUIPA','0401','AREQUIPA','040121','UCHUMAYO','04','AREQUIPA','0401','AREQUIPA','040124','UCHUMAYO'),('04','AREQUIPA','0401','AREQUIPA','040125','VITOR','04','AREQUIPA','0401','AREQUIPA','040122','VITOR','04','AREQUIPA','0401','AREQUIPA','040125','VITOR'),('04','AREQUIPA','0401','AREQUIPA','040126','YANAHUARA','04','AREQUIPA','0401','AREQUIPA','040123','YANAHUARA','04','AREQUIPA','0401','AREQUIPA','040126','YANAHUARA'),('04','AREQUIPA','0401','AREQUIPA','040127','YARABAMBA','04','AREQUIPA','0401','AREQUIPA','040124','YARABAMBA','04','AREQUIPA','0401','AREQUIPA','040127','YARABAMBA'),('04','AREQUIPA','0401','AREQUIPA','040128','YURA','04','AREQUIPA','0401','AREQUIPA','040125','YURA','04','AREQUIPA','0401','AREQUIPA','040128','YURA'),('04','AREQUIPA','0401','AREQUIPA','040129','JOSE LUIS BUSTAMANTE Y RIVERO','04','AREQUIPA','0401','AREQUIPA','040129','JOSE LUIS BUSTAMANTE Y RIVERO','04','AREQUIPA','0401','AREQUIPA','040129','JOSE LUIS BUSTAMANTE Y RIVERO'),('04','AREQUIPA','0402','CAMANA','040201','CAMANA','04','AREQUIPA','0403','CAMANA','040301','CAMANA','04','AREQUIPA','0402','CAMANA','040201','CAMANA'),('04','AREQUIPA','0402','CAMANA','040202','JOSE MARIA QUIMPER','04','AREQUIPA','0403','CAMANA','040302','JOSE MARIA QUIMPER','04','AREQUIPA','0402','CAMANA','040202','JOSE MARIA QUIMPER'),('04','AREQUIPA','0402','CAMANA','040203','MARIANO NICOLAS VALCARCEL','04','AREQUIPA','0403','CAMANA','040303','MARIANO NICOLAS VALCARCEL','04','AREQUIPA','0402','CAMANA','040203','MARIANO NICOLAS VALCARCEL'),('04','AREQUIPA','0402','CAMANA','040204','MARISCAL CACERES','04','AREQUIPA','0403','CAMANA','040304','MARISCAL CACERES','04','AREQUIPA','0402','CAMANA','040204','MARISCAL CACERES'),('04','AREQUIPA','0402','CAMANA','040205','NICOLAS DE PIEROLA','04','AREQUIPA','0403','CAMANA','040305','NICOLAS DE PIEROLA','04','AREQUIPA','0402','CAMANA','040205','NICOLAS DE PIEROLA'),('04','AREQUIPA','0402','CAMANA','040206','OCOÑA','04','AREQUIPA','0403','CAMANA','040306','OCOÑA','04','AREQUIPA','0402','CAMANA','040206','OCOÑA'),('04','AREQUIPA','0402','CAMANA','040207','QUILCA','04','AREQUIPA','0403','CAMANA','040307','QUILCA','04','AREQUIPA','0402','CAMANA','040207','QUILCA'),('04','AREQUIPA','0402','CAMANA','040208','SAMUEL PASTOR','04','AREQUIPA','0403','CAMANA','040308','SAMUEL PASTOR','04','AREQUIPA','0402','CAMANA','040208','SAMUEL PASTOR'),('04','AREQUIPA','0403','CARAVELI','040301','CARAVELI','04','AREQUIPA','0404','CARAVELI','040401','CARAVELI','04','AREQUIPA','0403','CARAVELI','040301','CARAVELI'),('04','AREQUIPA','0403','CARAVELI','040302','ACARI','04','AREQUIPA','0404','CARAVELI','040402','ACARI','04','AREQUIPA','0403','CARAVELI','040302','ACARI'),('04','AREQUIPA','0403','CARAVELI','040303','ATICO','04','AREQUIPA','0404','CARAVELI','040403','ATICO','04','AREQUIPA','0403','CARAVELI','040303','ATICO'),('04','AREQUIPA','0403','CARAVELI','040304','ATIQUIPA','04','AREQUIPA','0404','CARAVELI','040404','ATIQUIPA','04','AREQUIPA','0403','CARAVELI','040304','ATIQUIPA'),('04','AREQUIPA','0403','CARAVELI','040305','BELLA UNION','04','AREQUIPA','0404','CARAVELI','040405','BELLA UNION','04','AREQUIPA','0403','CARAVELI','040305','BELLA UNION'),('04','AREQUIPA','0403','CARAVELI','040306','CAHUACHO','04','AREQUIPA','0404','CARAVELI','040406','CAHUACHO','04','AREQUIPA','0403','CARAVELI','040306','CAHUACHO'),('04','AREQUIPA','0403','CARAVELI','040307','CHALA','04','AREQUIPA','0404','CARAVELI','040407','CHALA','04','AREQUIPA','0403','CARAVELI','040307','CHALA'),('04','AREQUIPA','0403','CARAVELI','040308','CHAPARRA','04','AREQUIPA','0404','CARAVELI','040408','CHAPARRA','04','AREQUIPA','0403','CARAVELI','040308','CHAPARRA'),('04','AREQUIPA','0403','CARAVELI','040309','HUANUHUANU','04','AREQUIPA','0404','CARAVELI','040409','HUANUHUANU','04','AREQUIPA','0403','CARAVELI','040309','HUANUHUANU'),('04','AREQUIPA','0403','CARAVELI','040310','JAQUI','04','AREQUIPA','0404','CARAVELI','040410','JAQUI','04','AREQUIPA','0403','CARAVELI','040310','JAQUI'),('04','AREQUIPA','0403','CARAVELI','040311','LOMAS','04','AREQUIPA','0404','CARAVELI','040411','LOMAS','04','AREQUIPA','0403','CARAVELI','040311','LOMAS'),('04','AREQUIPA','0403','CARAVELI','040312','QUICACHA','04','AREQUIPA','0404','CARAVELI','040412','QUICACHA','04','AREQUIPA','0403','CARAVELI','040312','QUICACHA'),('04','AREQUIPA','0403','CARAVELI','040313','YAUCA','04','AREQUIPA','0404','CARAVELI','040413','YAUCA','04','AREQUIPA','0403','CARAVELI','040313','YAUCA'),('04','AREQUIPA','0404','CASTILLA','040401','APLAO','04','AREQUIPA','0405','CASTILLA','040501','APLAO','04','AREQUIPA','0404','CASTILLA','040401','APLAO'),('04','AREQUIPA','0404','CASTILLA','040402','ANDAGUA','04','AREQUIPA','0405','CASTILLA','040502','ANDAGUA','04','AREQUIPA','0404','CASTILLA','040402','ANDAGUA'),('04','AREQUIPA','0404','CASTILLA','040403','AYO','04','AREQUIPA','0405','CASTILLA','040503','AYO','04','AREQUIPA','0404','CASTILLA','040403','AYO'),('04','AREQUIPA','0404','CASTILLA','040404','CHACHAS','04','AREQUIPA','0405','CASTILLA','040504','CHACHAS','04','AREQUIPA','0404','CASTILLA','040404','CHACHAS'),('04','AREQUIPA','0404','CASTILLA','040405','CHILCAYMARCA','04','AREQUIPA','0405','CASTILLA','040505','CHILCAYMARCA','04','AREQUIPA','0404','CASTILLA','040405','CHILCAYMARCA'),('04','AREQUIPA','0404','CASTILLA','040406','CHOCO','04','AREQUIPA','0405','CASTILLA','040506','CHOCO','04','AREQUIPA','0404','CASTILLA','040406','CHOCO'),('04','AREQUIPA','0404','CASTILLA','040407','HUANCARQUI','04','AREQUIPA','0405','CASTILLA','040507','HUANCARQUI','04','AREQUIPA','0404','CASTILLA','040407','HUANCARQUI'),('04','AREQUIPA','0404','CASTILLA','040408','MACHAGUAY','04','AREQUIPA','0405','CASTILLA','040508','MACHAGUAY','04','AREQUIPA','0404','CASTILLA','040408','MACHAGUAY'),('04','AREQUIPA','0404','CASTILLA','040409','ORCOPAMPA','04','AREQUIPA','0405','CASTILLA','040509','ORCOPAMPA','04','AREQUIPA','0404','CASTILLA','040409','ORCOPAMPA'),('04','AREQUIPA','0404','CASTILLA','040410','PAMPACOLCA','04','AREQUIPA','0405','CASTILLA','040510','PAMPACOLCA','04','AREQUIPA','0404','CASTILLA','040410','PAMPACOLCA'),('04','AREQUIPA','0404','CASTILLA','040411','TIPAN','04','AREQUIPA','0405','CASTILLA','040511','TIPAN','04','AREQUIPA','0404','CASTILLA','040411','TIPAN'),('04','AREQUIPA','0404','CASTILLA','040412','UÑON','04','AREQUIPA','0405','CASTILLA','040513','UÑON','04','AREQUIPA','0404','CASTILLA','040412','UÑON'),('04','AREQUIPA','0404','CASTILLA','040413','URACA','04','AREQUIPA','0405','CASTILLA','040512','URACA','04','AREQUIPA','0404','CASTILLA','040413','URACA'),('04','AREQUIPA','0404','CASTILLA','040414','VIRACO','04','AREQUIPA','0405','CASTILLA','040514','VIRACO','04','AREQUIPA','0404','CASTILLA','040414','VIRACO'),('04','AREQUIPA','0405','CAYLLOMA','040501','CHIVAY','04','AREQUIPA','0402','CAYLLOMA','040201','CHIVAY','04','AREQUIPA','0405','CAYLLOMA','040501','CHIVAY'),('04','AREQUIPA','0405','CAYLLOMA','040502','ACHOMA','04','AREQUIPA','0402','CAYLLOMA','040202','ACHOMA','04','AREQUIPA','0405','CAYLLOMA','040502','ACHOMA'),('04','AREQUIPA','0405','CAYLLOMA','040503','CABANACONDE','04','AREQUIPA','0402','CAYLLOMA','040203','CABANACONDE','04','AREQUIPA','0405','CAYLLOMA','040503','CABANACONDE'),('04','AREQUIPA','0405','CAYLLOMA','040504','CALLALLI','04','AREQUIPA','0402','CAYLLOMA','040205','CALLALLI','04','AREQUIPA','0405','CAYLLOMA','040504','CALLALLI'),('04','AREQUIPA','0405','CAYLLOMA','040505','CAYLLOMA','04','AREQUIPA','0402','CAYLLOMA','040204','CAYLLOMA','04','AREQUIPA','0405','CAYLLOMA','040505','CAYLLOMA'),('04','AREQUIPA','0405','CAYLLOMA','040506','COPORAQUE','04','AREQUIPA','0402','CAYLLOMA','040206','COPORAQUE','04','AREQUIPA','0405','CAYLLOMA','040506','COPORAQUE'),('04','AREQUIPA','0405','CAYLLOMA','040507','HUAMBO','04','AREQUIPA','0402','CAYLLOMA','040207','HUAMBO','04','AREQUIPA','0405','CAYLLOMA','040507','HUAMBO'),('04','AREQUIPA','0405','CAYLLOMA','040508','HUANCA','04','AREQUIPA','0402','CAYLLOMA','040208','HUANCA','04','AREQUIPA','0405','CAYLLOMA','040508','HUANCA'),('04','AREQUIPA','0405','CAYLLOMA','040509','ICHUPAMPA','04','AREQUIPA','0402','CAYLLOMA','040209','ICHUPAMPA','04','AREQUIPA','0405','CAYLLOMA','040509','ICHUPAMPA'),('04','AREQUIPA','0405','CAYLLOMA','040510','LARI','04','AREQUIPA','0402','CAYLLOMA','040210','LARI','04','AREQUIPA','0405','CAYLLOMA','040510','LARI'),('04','AREQUIPA','0405','CAYLLOMA','040511','LLUTA','04','AREQUIPA','0402','CAYLLOMA','040211','LLUTA','04','AREQUIPA','0405','CAYLLOMA','040511','LLUTA'),('04','AREQUIPA','0405','CAYLLOMA','040512','MACA','04','AREQUIPA','0402','CAYLLOMA','040212','MACA','04','AREQUIPA','0405','CAYLLOMA','040512','MACA'),('04','AREQUIPA','0405','CAYLLOMA','040513','MADRIGAL','04','AREQUIPA','0402','CAYLLOMA','040213','MADRIGAL','04','AREQUIPA','0405','CAYLLOMA','040513','MADRIGAL'),('04','AREQUIPA','0405','CAYLLOMA','040514','SAN ANTONIO DE CHUCA','04','AREQUIPA','0402','CAYLLOMA','040214','SAN ANTONIO DE CHUCA','04','AREQUIPA','0405','CAYLLOMA','040514','SAN ANTONIO DE CHUCA  2/'),('04','AREQUIPA','0405','CAYLLOMA','040515','SIBAYO','04','AREQUIPA','0402','CAYLLOMA','040215','SIBAYO','04','AREQUIPA','0405','CAYLLOMA','040515','SIBAYO'),('04','AREQUIPA','0405','CAYLLOMA','040516','TAPAY','04','AREQUIPA','0402','CAYLLOMA','040216','TAPAY','04','AREQUIPA','0405','CAYLLOMA','040516','TAPAY'),('04','AREQUIPA','0405','CAYLLOMA','040517','TISCO','04','AREQUIPA','0402','CAYLLOMA','040217','TISCO','04','AREQUIPA','0405','CAYLLOMA','040517','TISCO'),('04','AREQUIPA','0405','CAYLLOMA','040518','TUTI','04','AREQUIPA','0402','CAYLLOMA','040218','TUTI','04','AREQUIPA','0405','CAYLLOMA','040518','TUTI'),('04','AREQUIPA','0405','CAYLLOMA','040519','YANQUE','04','AREQUIPA','0402','CAYLLOMA','040219','YANQUE','04','AREQUIPA','0405','CAYLLOMA','040519','YANQUE'),('04','AREQUIPA','0405','CAYLLOMA','040520','MAJES','04','AREQUIPA','0402','CAYLLOMA','040220','MAJES','04','AREQUIPA','0405','CAYLLOMA','040520','MAJES'),('04','AREQUIPA','0406','CONDESUYOS','040601','CHUQUIBAMBA','04','AREQUIPA','0406','CONDESUYOS','040601','CHUQUIBAMBA','04','AREQUIPA','0406','CONDESUYOS','040601','CHUQUIBAMBA'),('04','AREQUIPA','0406','CONDESUYOS','040602','ANDARAY','04','AREQUIPA','0406','CONDESUYOS','040602','ANDARAY','04','AREQUIPA','0406','CONDESUYOS','040602','ANDARAY'),('04','AREQUIPA','0406','CONDESUYOS','040603','CAYARANI','04','AREQUIPA','0406','CONDESUYOS','040603','CAYARANI','04','AREQUIPA','0406','CONDESUYOS','040603','CAYARANI'),('04','AREQUIPA','0406','CONDESUYOS','040604','CHICHAS','04','AREQUIPA','0406','CONDESUYOS','040604','CHICHAS','04','AREQUIPA','0406','CONDESUYOS','040604','CHICHAS'),('04','AREQUIPA','0406','CONDESUYOS','040605','IRAY','04','AREQUIPA','0406','CONDESUYOS','040605','IRAY','04','AREQUIPA','0406','CONDESUYOS','040605','IRAY'),('04','AREQUIPA','0406','CONDESUYOS','040606','RIO GRANDE','04','AREQUIPA','0406','CONDESUYOS','040608','RIO GRANDE','04','AREQUIPA','0406','CONDESUYOS','040606','RIO GRANDE'),('04','AREQUIPA','0406','CONDESUYOS','040607','SALAMANCA','04','AREQUIPA','0406','CONDESUYOS','040606','SALAMANCA','04','AREQUIPA','0406','CONDESUYOS','040607','SALAMANCA'),('04','AREQUIPA','0406','CONDESUYOS','040608','YANAQUIHUA','04','AREQUIPA','0406','CONDESUYOS','040607','YANAQUIHUA','04','AREQUIPA','0406','CONDESUYOS','040608','YANAQUIHUA'),('04','AREQUIPA','0407','ISLAY','040701','MOLLENDO','04','AREQUIPA','0407','ISLAY','040701','MOLLENDO','04','AREQUIPA','0407','ISLAY','040701','MOLLENDO'),('04','AREQUIPA','0407','ISLAY','040702','COCACHACRA','04','AREQUIPA','0407','ISLAY','040702','COCACHACRA','04','AREQUIPA','0407','ISLAY','040702','COCACHACRA'),('04','AREQUIPA','0407','ISLAY','040703','DEAN VALDIVIA','04','AREQUIPA','0407','ISLAY','040703','DEAN VALDIVIA','04','AREQUIPA','0407','ISLAY','040703','DEAN VALDIVIA'),('04','AREQUIPA','0407','ISLAY','040704','ISLAY','04','AREQUIPA','0407','ISLAY','040704','ISLAY','04','AREQUIPA','0407','ISLAY','040704','ISLAY'),('04','AREQUIPA','0407','ISLAY','040705','MEJIA','04','AREQUIPA','0407','ISLAY','040705','MEJIA','04','AREQUIPA','0407','ISLAY','040705','MEJIA'),('04','AREQUIPA','0407','ISLAY','040706','PUNTA DE BOMBON','04','AREQUIPA','0407','ISLAY','040706','PUNTA DE BOMBON','04','AREQUIPA','0407','ISLAY','040706','PUNTA DE BOMBON'),('04','AREQUIPA','0408','LA UNIÒN','040801','COTAHUASI','04','AREQUIPA','0408','LA UNION','040801','COTAHUASI','04','AREQUIPA','0408','LA UNION','040801','COTAHUASI'),('04','AREQUIPA','0408','LA UNIÒN','040802','ALCA','04','AREQUIPA','0408','LA UNION','040802','ALCA','04','AREQUIPA','0408','LA UNION','040802','ALCA'),('04','AREQUIPA','0408','LA UNIÒN','040803','CHARCANA','04','AREQUIPA','0408','LA UNION','040803','CHARCANA','04','AREQUIPA','0408','LA UNION','040803','CHARCANA'),('04','AREQUIPA','0408','LA UNIÒN','040804','HUAYNACOTAS','04','AREQUIPA','0408','LA UNION','040804','HUAYNACOTAS','04','AREQUIPA','0408','LA UNION','040804','HUAYNACOTAS'),('04','AREQUIPA','0408','LA UNIÒN','040805','PAMPAMARCA','04','AREQUIPA','0408','LA UNION','040805','PAMPAMARCA','04','AREQUIPA','0408','LA UNION','040805','PAMPAMARCA'),('04','AREQUIPA','0408','LA UNIÒN','040806','PUYCA','04','AREQUIPA','0408','LA UNION','040806','PUYCA','04','AREQUIPA','0408','LA UNION','040806','PUYCA'),('04','AREQUIPA','0408','LA UNIÒN','040807','QUECHUALLA','04','AREQUIPA','0408','LA UNION','040807','QUECHUALLA','04','AREQUIPA','0408','LA UNION','040807','QUECHUALLA'),('04','AREQUIPA','0408','LA UNIÒN','040808','SAYLA','04','AREQUIPA','0408','LA UNION','040808','SAYLA','04','AREQUIPA','0408','LA UNION','040808','SAYLA'),('04','AREQUIPA','0408','LA UNIÒN','040809','TAURIA','04','AREQUIPA','0408','LA UNION','040809','TAURIA','04','AREQUIPA','0408','LA UNION','040809','TAURIA'),('04','AREQUIPA','0408','LA UNIÒN','040810','TOMEPAMPA','04','AREQUIPA','0408','LA UNION','040810','TOMEPAMPA','04','AREQUIPA','0408','LA UNION','040810','TOMEPAMPA'),('04','AREQUIPA','0408','LA UNIÒN','040811','TORO','04','AREQUIPA','0408','LA UNION','040811','TORO','04','AREQUIPA','0408','LA UNION','040811','TORO'),('05','AYACUCHO','0501','HUAMANGA','050101','AYACUCHO','05','AYACUCHO','0501','HUAMANGA','050101','AYACUCHO','05','AYACUCHO','0501','HUAMANGA','050101','AYACUCHO'),('05','AYACUCHO','0501','HUAMANGA','050102','ACOCRO','05','AYACUCHO','0501','HUAMANGA','050111','ACOCRO','05','AYACUCHO','0501','HUAMANGA','050102','ACOCRO'),('05','AYACUCHO','0501','HUAMANGA','050103','ACOS VINCHOS','05','AYACUCHO','0501','HUAMANGA','050102','ACOS VINCHOS','05','AYACUCHO','0501','HUAMANGA','050103','ACOS VINCHOS'),('05','AYACUCHO','0501','HUAMANGA','050104','CARMEN ALTO','05','AYACUCHO','0501','HUAMANGA','050103','CARMEN ALTO','05','AYACUCHO','0501','HUAMANGA','050104','CARMEN ALTO'),('05','AYACUCHO','0501','HUAMANGA','050105','CHIARA','05','AYACUCHO','0501','HUAMANGA','050104','CHIARA','05','AYACUCHO','0501','HUAMANGA','050105','CHIARA'),('05','AYACUCHO','0501','HUAMANGA','050106','OCROS','05','AYACUCHO','0501','HUAMANGA','050113','OCROS','05','AYACUCHO','0501','HUAMANGA','050106','OCROS'),('05','AYACUCHO','0501','HUAMANGA','050107','PACAYCASA','05','AYACUCHO','0501','HUAMANGA','050114','PACAYCASA','05','AYACUCHO','0501','HUAMANGA','050107','PACAYCASA'),('05','AYACUCHO','0501','HUAMANGA','050108','QUINUA','05','AYACUCHO','0501','HUAMANGA','050105','QUINUA','05','AYACUCHO','0501','HUAMANGA','050108','QUINUA'),('05','AYACUCHO','0501','HUAMANGA','050109','SAN JOSE DE TICLLAS','05','AYACUCHO','0501','HUAMANGA','050106','SAN JOSE DE TICLLAS','05','AYACUCHO','0501','HUAMANGA','050109','SAN JOSE DE TICLLAS'),('05','AYACUCHO','0501','HUAMANGA','050110','SAN JUAN BAUTISTA','05','AYACUCHO','0501','HUAMANGA','050107','SAN JUAN BAUTISTA','05','AYACUCHO','0501','HUAMANGA','050110','SAN JUAN BAUTISTA'),('05','AYACUCHO','0501','HUAMANGA','050111','SANTIAGO DE PISCHA','05','AYACUCHO','0501','HUAMANGA','050108','SANTIAGO DE PISCHA','05','AYACUCHO','0501','HUAMANGA','050111','SANTIAGO DE PISCHA'),('05','AYACUCHO','0501','HUAMANGA','050112','SOCOS','05','AYACUCHO','0501','HUAMANGA','050112','SOCOS','05','AYACUCHO','0501','HUAMANGA','050112','SOCOS'),('05','AYACUCHO','0501','HUAMANGA','050113','TAMBILLO','05','AYACUCHO','0501','HUAMANGA','050110','TAMBILLO','05','AYACUCHO','0501','HUAMANGA','050113','TAMBILLO'),('05','AYACUCHO','0501','HUAMANGA','050114','VINCHOS','05','AYACUCHO','0501','HUAMANGA','050109','VINCHOS','05','AYACUCHO','0501','HUAMANGA','050114','VINCHOS'),('05','AYACUCHO','0501','HUAMANGA','050115','JESUS NAZARENO','05','AYACUCHO','0501','HUAMANGA','050115','JESUS NAZARENO','05','AYACUCHO','0501','HUAMANGA','050115','JESUS NAZARENO'),('05','AYACUCHO','0501','HUAMANGA','050116','ANDRES AVELINO CACERES DORREGARAY',NULL,NULL,NULL,NULL,NULL,NULL,NULL,NULL,NULL,NULL,NULL,NULL),('05','AYACUCHO','0502','CANGALLO','050201','CANGALLO','05','AYACUCHO','0502','CANGALLO','050201','CANGALLO','05','AYACUCHO','0502','CANGALLO','050201','CANGALLO'),('05','AYACUCHO','0502','CANGALLO','050202','CHUSCHI','05','AYACUCHO','0502','CANGALLO','050204','CHUSCHI','05','AYACUCHO','0502','CANGALLO','050202','CHUSCHI'),('05','AYACUCHO','0502','CANGALLO','050203','LOS MOROCHUCOS','05','AYACUCHO','0502','CANGALLO','050206','LOS MOROCHUCOS','05','AYACUCHO','0502','CANGALLO','050203','LOS MOROCHUCOS'),('05','AYACUCHO','0502','CANGALLO','050204','MARIA PARADO DE BELLIDO','05','AYACUCHO','0502','CANGALLO','050211','MARIA PARADO DE BELLIDO','05','AYACUCHO','0502','CANGALLO','050204','MARIA PARADO DE BELLIDO'),('05','AYACUCHO','0502','CANGALLO','050205','PARAS','05','AYACUCHO','0502','CANGALLO','050207','PARAS','05','AYACUCHO','0502','CANGALLO','050205','PARAS'),('05','AYACUCHO','0502','CANGALLO','050206','TOTOS','05','AYACUCHO','0502','CANGALLO','050208','TOTOS','05','AYACUCHO','0502','CANGALLO','050206','TOTOS'),('05','AYACUCHO','0503','HUANCA SANCOS','050301','SANCOS','05','AYACUCHO','0508','HUANCA SANCOS','050801','SANCOS','05','AYACUCHO','0503','HUANCA SANCOS','050301','SANCOS'),('05','AYACUCHO','0503','HUANCA SANCOS','050302','CARAPO','05','AYACUCHO','0508','HUANCA SANCOS','050804','CARAPO','05','AYACUCHO','0503','HUANCA SANCOS','050302','CARAPO'),('05','AYACUCHO','0503','HUANCA SANCOS','050303','SACSAMARCA','05','AYACUCHO','0508','HUANCA SANCOS','050802','SACSAMARCA','05','AYACUCHO','0503','HUANCA SANCOS','050303','SACSAMARCA'),('05','AYACUCHO','0503','HUANCA SANCOS','050304','SANTIAGO DE LUCANAMARCA','05','AYACUCHO','0508','HUANCA SANCOS','050803','SANTIAGO DE LUCANAMARCA','05','AYACUCHO','0503','HUANCA SANCOS','050304','SANTIAGO DE LUCANAMARCA'),('05','AYACUCHO','0504','HUANTA','050401','HUANTA','05','AYACUCHO','0503','HUANTA','050301','HUANTA','05','AYACUCHO','0504','HUANTA','050401','HUANTA'),('05','AYACUCHO','0504','HUANTA','050402','AYAHUANCO','05','AYACUCHO','0503','HUANTA','050302','AYAHUANCO','05','AYACUCHO','0504','HUANTA','050402','AYAHUANCO'),('05','AYACUCHO','0504','HUANTA','050403','HUAMANGUILLA','05','AYACUCHO','0503','HUANTA','050303','HUAMANGUILLA','05','AYACUCHO','0504','HUANTA','050403','HUAMANGUILLA'),('05','AYACUCHO','0504','HUANTA','050404','IGUAIN','05','AYACUCHO','0503','HUANTA','050304','IGUAIN','05','AYACUCHO','0504','HUANTA','050404','IGUAIN'),('05','AYACUCHO','0504','HUANTA','050405','LURICOCHA','05','AYACUCHO','0503','HUANTA','050305','LURICOCHA','05','AYACUCHO','0504','HUANTA','050405','LURICOCHA'),('05','AYACUCHO','0504','HUANTA','050406','SANTILLANA','05','AYACUCHO','0503','HUANTA','050307','SANTILLANA','05','AYACUCHO','0504','HUANTA','050406','SANTILLANA'),('05','AYACUCHO','0504','HUANTA','050407','SIVIA','05','AYACUCHO','0503','HUANTA','050308','SIVIA','05','AYACUCHO','0504','HUANTA','050407','SIVIA'),('05','AYACUCHO','0504','HUANTA','050408','LLOCHEGUA','05','AYACUCHO','0503','HUANTA','050309','LLOCHEGUA','05','AYACUCHO','0504','HUANTA','050408','LLOCHEGUA'),('05','AYACUCHO','0504','HUANTA','050409','CANAYRE',NULL,NULL,NULL,NULL,NULL,NULL,NULL,NULL,NULL,NULL,NULL,NULL),('05','AYACUCHO','0504','HUANTA','050410','UCHURACCAY',NULL,NULL,NULL,NULL,NULL,NULL,NULL,NULL,NULL,NULL,NULL,NULL),('05','AYACUCHO','0504','HUANTA','050411','PUCACOLPA',NULL,NULL,NULL,NULL,NULL,NULL,NULL,NULL,NULL,NULL,NULL,NULL),('05','AYACUCHO','0504','HUANTA','050412','CHACA',NULL,NULL,NULL,NULL,NULL,NULL,NULL,NULL,NULL,NULL,NULL,NULL),('05','AYACUCHO','0505','LA MAR','050501','SAN MIGUEL','05','AYACUCHO','0504','LA MAR','050401','SAN MIGUEL','05','AYACUCHO','0505','LA MAR','050501','SAN MIGUEL'),('05','AYACUCHO','0505','LA MAR','050502','ANCO','05','AYACUCHO','0504','LA MAR','050402','ANCO','05','AYACUCHO','0505','LA MAR','050502','ANCO'),('05','AYACUCHO','0505','LA MAR','050503','AYNA','05','AYACUCHO','0504','LA MAR','050403','AYNA','05','AYACUCHO','0505','LA MAR','050503','AYNA'),('05','AYACUCHO','0505','LA MAR','050504','CHILCAS','05','AYACUCHO','0504','LA MAR','050404','CHILCAS','05','AYACUCHO','0505','LA MAR','050504','CHILCAS'),('05','AYACUCHO','0505','LA MAR','050505','CHUNGUI','05','AYACUCHO','0504','LA MAR','050405','CHUNGUI','05','AYACUCHO','0505','LA MAR','050505','CHUNGUI'),('05','AYACUCHO','0505','LA MAR','050506','LUIS CARRANZA','05','AYACUCHO','0504','LA MAR','050407','LUIS CARRANZA','05','AYACUCHO','0505','LA MAR','050506','LUIS CARRANZA'),('05','AYACUCHO','0505','LA MAR','050507','SANTA ROSA','05','AYACUCHO','0504','LA MAR','050408','SANTA ROSA','05','AYACUCHO','0505','LA MAR','050507','SANTA ROSA'),('05','AYACUCHO','0505','LA MAR','050508','TAMBO','05','AYACUCHO','0504','LA MAR','050406','TAMBO','05','AYACUCHO','0505','LA MAR','050508','TAMBO'),('05','AYACUCHO','0505','LA MAR','050509','SAMUGARI','05','AYACUCHO','0504','LA MAR','050409','SAMUGARI',NULL,NULL,NULL,NULL,NULL,NULL),('05','AYACUCHO','0505','LA MAR','050510','ANCHIHUAY',NULL,NULL,NULL,NULL,NULL,NULL,NULL,NULL,NULL,NULL,NULL,NULL),('05','AYACUCHO','0505','LA MAR','050511','ORONCCOY',NULL,NULL,NULL,NULL,NULL,NULL,NULL,NULL,NULL,NULL,NULL,NULL),('05','AYACUCHO','0506','LUCANAS','050601','PUQUIO','05','AYACUCHO','0505','LUCANAS','050501','PUQUIO','05','AYACUCHO','0506','LUCANAS','050601','PUQUIO'),('05','AYACUCHO','0506','LUCANAS','050602','AUCARA','05','AYACUCHO','0505','LUCANAS','050502','AUCARA','05','AYACUCHO','0506','LUCANAS','050602','AUCARA'),('05','AYACUCHO','0506','LUCANAS','050603','CABANA','05','AYACUCHO','0505','LUCANAS','050503','CABANA','05','AYACUCHO','0506','LUCANAS','050603','CABANA'),('05','AYACUCHO','0506','LUCANAS','050604','CARMEN SALCEDO','05','AYACUCHO','0505','LUCANAS','050504','CARMEN SALCEDO','05','AYACUCHO','0506','LUCANAS','050604','CARMEN SALCEDO'),('05','AYACUCHO','0506','LUCANAS','050605','CHAVIÑA','05','AYACUCHO','0505','LUCANAS','050506','CHAVIÑA','05','AYACUCHO','0506','LUCANAS','050605','CHAVIÑA'),('05','AYACUCHO','0506','LUCANAS','050606','CHIPAO','05','AYACUCHO','0505','LUCANAS','050508','CHIPAO','05','AYACUCHO','0506','LUCANAS','050606','CHIPAO'),('05','AYACUCHO','0506','LUCANAS','050607','HUAC-HUAS','05','AYACUCHO','0505','LUCANAS','050510','HUAC-HUAS','05','AYACUCHO','0506','LUCANAS','050607','HUAC-HUAS'),('05','AYACUCHO','0506','LUCANAS','050608','LARAMATE','05','AYACUCHO','0505','LUCANAS','050511','LARAMATE','05','AYACUCHO','0506','LUCANAS','050608','LARAMATE'),('05','AYACUCHO','0506','LUCANAS','050609','LEONCIO PRADO','05','AYACUCHO','0505','LUCANAS','050512','LEONCIO PRADO','05','AYACUCHO','0506','LUCANAS','050609','LEONCIO PRADO'),('05','AYACUCHO','0506','LUCANAS','050610','LLAUTA','05','AYACUCHO','0505','LUCANAS','050514','LLAUTA','05','AYACUCHO','0506','LUCANAS','050610','LLAUTA'),('05','AYACUCHO','0506','LUCANAS','050611','LUCANAS','05','AYACUCHO','0505','LUCANAS','050513','LUCANAS','05','AYACUCHO','0506','LUCANAS','050611','LUCANAS'),('05','AYACUCHO','0506','LUCANAS','050612','OCAÑA','05','AYACUCHO','0505','LUCANAS','050516','OCAÑA','05','AYACUCHO','0506','LUCANAS','050612','OCAÑA'),('05','AYACUCHO','0506','LUCANAS','050613','OTOCA','05','AYACUCHO','0505','LUCANAS','050517','OTOCA','05','AYACUCHO','0506','LUCANAS','050613','OTOCA'),('05','AYACUCHO','0506','LUCANAS','050614','SAISA','05','AYACUCHO','0505','LUCANAS','050529','SAISA','05','AYACUCHO','0506','LUCANAS','050614','SAISA'),('05','AYACUCHO','0506','LUCANAS','050615','SAN CRISTOBAL','05','AYACUCHO','0505','LUCANAS','050532','SAN CRISTOBAL','05','AYACUCHO','0506','LUCANAS','050615','SAN CRISTOBAL'),('05','AYACUCHO','0506','LUCANAS','050616','SAN JUAN',NULL,NULL,NULL,NULL,NULL,NULL,'05','AYACUCHO','0506','LUCANAS','050616','SAN JUAN'),('05','AYACUCHO','0506','LUCANAS','050617','SAN PEDRO','05','AYACUCHO','0505','LUCANAS','050522','SAN PEDRO','05','AYACUCHO','0506','LUCANAS','050617','SAN PEDRO'),('05','AYACUCHO','0506','LUCANAS','050618','SAN PEDRO DE PALCO','05','AYACUCHO','0505','LUCANAS','050531','SAN PEDRO DE PALCO','05','AYACUCHO','0506','LUCANAS','050618','SAN PEDRO DE PALCO'),('05','AYACUCHO','0506','LUCANAS','050619','SANCOS','05','AYACUCHO','0505','LUCANAS','050520','SANCOS','05','AYACUCHO','0506','LUCANAS','050619','SANCOS'),('05','AYACUCHO','0506','LUCANAS','050620','SANTA ANA DE HUAYCAHUACHO','05','AYACUCHO','0505','LUCANAS','050524','SANTA ANA DE HUAYCAHUACHO','05','AYACUCHO','0506','LUCANAS','050620','SANTA ANA DE HUAYCAHUACHO'),('05','AYACUCHO','0506','LUCANAS','050621','SANTA LUCIA','05','AYACUCHO','0505','LUCANAS','050525','SANTA LUCIA','05','AYACUCHO','0506','LUCANAS','050621','SANTA LUCIA'),('05','AYACUCHO','0507','PARINACOCHAS','050701','CORACORA','05','AYACUCHO','0506','PARINACOCHAS','050601','CORACORA','05','AYACUCHO','0507','PARINACOCHAS','050701','CORACORA'),('05','AYACUCHO','0507','PARINACOCHAS','050702','CHUMPI','05','AYACUCHO','0506','PARINACOCHAS','050605','CHUMPI','05','AYACUCHO','0507','PARINACOCHAS','050702','CHUMPI'),('05','AYACUCHO','0507','PARINACOCHAS','050703','CORONEL CASTAÑEDA','05','AYACUCHO','0506','PARINACOCHAS','050604','CORONEL CASTAÑEDA','05','AYACUCHO','0507','PARINACOCHAS','050703','CORONEL CASTAÑEDA'),('05','AYACUCHO','0507','PARINACOCHAS','050704','PACAPAUSA','05','AYACUCHO','0506','PARINACOCHAS','050608','PACAPAUSA','05','AYACUCHO','0507','PARINACOCHAS','050704','PACAPAUSA'),('05','AYACUCHO','0507','PARINACOCHAS','050705','PULLO','05','AYACUCHO','0506','PARINACOCHAS','050611','PULLO','05','AYACUCHO','0507','PARINACOCHAS','050705','PULLO'),('05','AYACUCHO','0507','PARINACOCHAS','050706','PUYUSCA','05','AYACUCHO','0506','PARINACOCHAS','050612','PUYUSCA','05','AYACUCHO','0507','PARINACOCHAS','050706','PUYUSCA'),('05','AYACUCHO','0507','PARINACOCHAS','050707','SAN FRANCISCO DE RAVACAYCO','05','AYACUCHO','0506','PARINACOCHAS','050615','SAN FRANCISCO DE RAVACAYCO','05','AYACUCHO','0507','PARINACOCHAS','050707','SAN FRANCISCO DE RAVACAYCO'),('05','AYACUCHO','0507','PARINACOCHAS','050708','UPAHUACHO','05','AYACUCHO','0506','PARINACOCHAS','050616','UPAHUACHO','05','AYACUCHO','0507','PARINACOCHAS','050708','UPAHUACHO'),('05','AYACUCHO','0508','PÀUCAR DEL SARA SARA','050801','PAUSA','05','AYACUCHO','0510','PAUCAR DEL SARA SARA','051001','PAUSA','05','AYACUCHO','0508','PAUCAR DEL SARA SARA','050801','PAUSA'),('05','AYACUCHO','0508','PÀUCAR DEL SARA SARA','050802','COLTA','05','AYACUCHO','0510','PAUCAR DEL SARA SARA','051002','COLTA','05','AYACUCHO','0508','PAUCAR DEL SARA SARA','050802','COLTA'),('05','AYACUCHO','0508','PÀUCAR DEL SARA SARA','050803','CORCULLA','05','AYACUCHO','0510','PAUCAR DEL SARA SARA','051003','CORCULLA','05','AYACUCHO','0508','PAUCAR DEL SARA SARA','050803','CORCULLA'),('05','AYACUCHO','0508','PÀUCAR DEL SARA SARA','050804','LAMPA','05','AYACUCHO','0510','PAUCAR DEL SARA SARA','051004','LAMPA','05','AYACUCHO','0508','PAUCAR DEL SARA SARA','050804','LAMPA'),('05','AYACUCHO','0508','PÀUCAR DEL SARA SARA','050805','MARCABAMBA','05','AYACUCHO','0510','PAUCAR DEL SARA SARA','051005','MARCABAMBA','05','AYACUCHO','0508','PAUCAR DEL SARA SARA','050805','MARCABAMBA'),('05','AYACUCHO','0508','PÀUCAR DEL SARA SARA','050806','OYOLO','05','AYACUCHO','0510','PAUCAR DEL SARA SARA','051006','OYOLO','05','AYACUCHO','0508','PAUCAR DEL SARA SARA','050806','OYOLO'),('05','AYACUCHO','0508','PÀUCAR DEL SARA SARA','050807','PARARCA','05','AYACUCHO','0510','PAUCAR DEL SARA SARA','051007','PARARCA','05','AYACUCHO','0508','PAUCAR DEL SARA SARA','050807','PARARCA'),('05','AYACUCHO','0508','PÀUCAR DEL SARA SARA','050808','SAN JAVIER DE ALPABAMBA','05','AYACUCHO','0510','PAUCAR DEL SARA SARA','051008','SAN JAVIER DE ALPABAMBA','05','AYACUCHO','0508','PAUCAR DEL SARA SARA','050808','SAN JAVIER DE ALPABAMBA'),('05','AYACUCHO','0508','PÀUCAR DEL SARA SARA','050809','SAN JOSE DE USHUA','05','AYACUCHO','0510','PAUCAR DEL SARA SARA','051009','SAN JOSE DE USHUA','05','AYACUCHO','0508','PAUCAR DEL SARA SARA','050809','SAN JOSE DE USHUA'),('05','AYACUCHO','0508','PÀUCAR DEL SARA SARA','050810','SARA SARA','05','AYACUCHO','0510','PAUCAR DEL SARA SARA','051010','SARA SARA','05','AYACUCHO','0508','PAUCAR DEL SARA SARA','050810','SARA SARA'),('05','AYACUCHO','0509','SUCRE','050901','QUEROBAMBA','05','AYACUCHO','0511','SUCRE','051101','QUEROBAMBA','05','AYACUCHO','0509','SUCRE','050901','QUEROBAMBA'),('05','AYACUCHO','0509','SUCRE','050902','BELEN','05','AYACUCHO','0511','SUCRE','051102','BELEN','05','AYACUCHO','0509','SUCRE','050902','BELEN'),('05','AYACUCHO','0509','SUCRE','050903','CHALCOS','05','AYACUCHO','0511','SUCRE','051103','CHALCOS','05','AYACUCHO','0509','SUCRE','050903','CHALCOS'),('05','AYACUCHO','0509','SUCRE','050904','CHILCAYOC','05','AYACUCHO','0511','SUCRE','051110','CHILCAYOC','05','AYACUCHO','0509','SUCRE','050904','CHILCAYOC'),('05','AYACUCHO','0509','SUCRE','050905','HUACAÑA','05','AYACUCHO','0511','SUCRE','051109','HUACAÑA','05','AYACUCHO','0509','SUCRE','050905','HUACAÑA'),('05','AYACUCHO','0509','SUCRE','050906','MORCOLLA','05','AYACUCHO','0511','SUCRE','051111','MORCOLLA','05','AYACUCHO','0509','SUCRE','050906','MORCOLLA'),('05','AYACUCHO','0509','SUCRE','050907','PAICO','05','AYACUCHO','0511','SUCRE','051105','PAICO','05','AYACUCHO','0509','SUCRE','050907','PAICO'),('05','AYACUCHO','0509','SUCRE','050908','SAN PEDRO DE LARCAY','05','AYACUCHO','0511','SUCRE','051107','SAN PEDRO DE LARCAY','05','AYACUCHO','0509','SUCRE','050908','SAN PEDRO DE LARCAY'),('05','AYACUCHO','0509','SUCRE','050909','SAN SALVADOR DE QUIJE','05','AYACUCHO','0511','SUCRE','051104','SAN SALVADOR DE QUIJE','05','AYACUCHO','0509','SUCRE','050909','SAN SALVADOR DE QUIJE'),('05','AYACUCHO','0509','SUCRE','050910','SANTIAGO DE PAUCARAY','05','AYACUCHO','0511','SUCRE','051106','SANTIAGO DE PAUCARAY','05','AYACUCHO','0509','SUCRE','050910','SANTIAGO DE PAUCARAY'),('05','AYACUCHO','0509','SUCRE','050911','SORAS','05','AYACUCHO','0511','SUCRE','051108','SORAS','05','AYACUCHO','0509','SUCRE','050911','SORAS'),('05','AYACUCHO','0510','VICTOR FAJARDO','051001','HUANCAPI','05','AYACUCHO','0507','VICTOR FAJARDO','050701','HUANCAPI','05','AYACUCHO','0510','VICTOR FAJARDO','051001','HUANCAPI'),('05','AYACUCHO','0510','VICTOR FAJARDO','051002','ALCAMENCA','05','AYACUCHO','0507','VICTOR FAJARDO','050702','ALCAMENCA','05','AYACUCHO','0510','VICTOR FAJARDO','051002','ALCAMENCA'),('05','AYACUCHO','0510','VICTOR FAJARDO','051003','APONGO','05','AYACUCHO','0507','VICTOR FAJARDO','050703','APONGO','05','AYACUCHO','0510','VICTOR FAJARDO','051003','APONGO'),('05','AYACUCHO','0510','VICTOR FAJARDO','051004','ASQUIPATA','05','AYACUCHO','0507','VICTOR FAJARDO','050715','ASQUIPATA','05','AYACUCHO','0510','VICTOR FAJARDO','051004','ASQUIPATA'),('05','AYACUCHO','0510','VICTOR FAJARDO','051005','CANARIA','05','AYACUCHO','0507','VICTOR FAJARDO','050704','CANARIA','05','AYACUCHO','0510','VICTOR FAJARDO','051005','CANARIA'),('05','AYACUCHO','0510','VICTOR FAJARDO','051006','CAYARA','05','AYACUCHO','0507','VICTOR FAJARDO','050706','CAYARA','05','AYACUCHO','0510','VICTOR FAJARDO','051006','CAYARA'),('05','AYACUCHO','0510','VICTOR FAJARDO','051007','COLCA','05','AYACUCHO','0507','VICTOR FAJARDO','050707','COLCA','05','AYACUCHO','0510','VICTOR FAJARDO','051007','COLCA'),('05','AYACUCHO','0510','VICTOR FAJARDO','051008','HUAMANQUIQUIA','05','AYACUCHO','0507','VICTOR FAJARDO','050709','HUAMANQUIQUIA','05','AYACUCHO','0510','VICTOR FAJARDO','051008','HUAMANQUIQUIA'),('05','AYACUCHO','0510','VICTOR FAJARDO','051009','HUANCARAYLLA','05','AYACUCHO','0507','VICTOR FAJARDO','050710','HUANCARAYLLA','05','AYACUCHO','0510','VICTOR FAJARDO','051009','HUANCARAYLLA'),('05','AYACUCHO','0510','VICTOR FAJARDO','051010','HUAYA','05','AYACUCHO','0507','VICTOR FAJARDO','050708','HUALLA','05','AYACUCHO','0510','VICTOR FAJARDO','051010','HUAYA'),('05','AYACUCHO','0510','VICTOR FAJARDO','051011','SARHUA','05','AYACUCHO','0507','VICTOR FAJARDO','050713','SARHUA','05','AYACUCHO','0510','VICTOR FAJARDO','051011','SARHUA'),('05','AYACUCHO','0510','VICTOR FAJARDO','051012','VILCANCHOS','05','AYACUCHO','0507','VICTOR FAJARDO','050714','VILCANCHOS','05','AYACUCHO','0510','VICTOR FAJARDO','051012','VILCANCHOS'),('05','AYACUCHO','0511','VILCAS HUAMAN','051101','VILCAS HUAMAN','05','AYACUCHO','0509','VILCAS HUAMAN','050901','VILCAS HUAMAN','05','AYACUCHO','0511','VILCAS HUAMAN','051101','VILCAS HUAMAN'),('05','AYACUCHO','0511','VILCAS HUAMAN','051102','ACCOMARCA','05','AYACUCHO','0509','VILCAS HUAMAN','050903','ACCOMARCA','05','AYACUCHO','0511','VILCAS HUAMAN','051102','ACCOMARCA'),('05','AYACUCHO','0511','VILCAS HUAMAN','051103','CARHUANCA','05','AYACUCHO','0509','VILCAS HUAMAN','050904','CARHUANCA','05','AYACUCHO','0511','VILCAS HUAMAN','051103','CARHUANCA'),('05','AYACUCHO','0511','VILCAS HUAMAN','051104','CONCEPCION','05','AYACUCHO','0509','VILCAS HUAMAN','050905','CONCEPCION','05','AYACUCHO','0511','VILCAS HUAMAN','051104','CONCEPCION'),('05','AYACUCHO','0511','VILCAS HUAMAN','051105','HUAMBALPA','05','AYACUCHO','0509','VILCAS HUAMAN','050906','HUAMBALPA','05','AYACUCHO','0511','VILCAS HUAMAN','051105','HUAMBALPA'),('05','AYACUCHO','0511','VILCAS HUAMAN','051106','INDEPENDENCIA','05','AYACUCHO','0509','VILCAS HUAMAN','050908','INDEPENDENCIA','05','AYACUCHO','0511','VILCAS HUAMAN','051106','INDEPENDENCIA /1'),('05','AYACUCHO','0511','VILCAS HUAMAN','051107','SAURAMA','05','AYACUCHO','0509','VILCAS HUAMAN','050907','SAURAMA','05','AYACUCHO','0511','VILCAS HUAMAN','051107','SAURAMA'),('05','AYACUCHO','0511','VILCAS HUAMAN','051108','VISCHONGO','05','AYACUCHO','0509','VILCAS HUAMAN','050902','VISCHONGO','05','AYACUCHO','0511','VILCAS HUAMAN','051108','VISCHONGO'),('06','CAJAMARCA','0601','CAJAMARCA','060101','CAJAMARCA','06','CAJAMARCA','0601','CAJAMARCA','060101','CAJAMARCA','06','CAJAMARCA','0601','CAJAMARCA','060101','CAJAMARCA'),('06','CAJAMARCA','0601','CAJAMARCA','060102','ASUNCION','06','CAJAMARCA','0601','CAJAMARCA','060102','ASUNCION','06','CAJAMARCA','0601','CAJAMARCA','060102','ASUNCION'),('06','CAJAMARCA','0601','CAJAMARCA','060103','CHETILLA','06','CAJAMARCA','0601','CAJAMARCA','060104','CHETILLA','06','CAJAMARCA','0601','CAJAMARCA','060103','CHETILLA'),('06','CAJAMARCA','0601','CAJAMARCA','060104','COSPAN','06','CAJAMARCA','0601','CAJAMARCA','060103','COSPAN','06','CAJAMARCA','0601','CAJAMARCA','060104','COSPAN'),('06','CAJAMARCA','0601','CAJAMARCA','060105','ENCAÑADA','06','CAJAMARCA','0601','CAJAMARCA','060105','ENCAÑADA','06','CAJAMARCA','0601','CAJAMARCA','060105','ENCAÑADA'),('06','CAJAMARCA','0601','CAJAMARCA','060106','JESUS','06','CAJAMARCA','0601','CAJAMARCA','060106','JESUS','06','CAJAMARCA','0601','CAJAMARCA','060106','JESUS'),('06','CAJAMARCA','0601','CAJAMARCA','060107','LLACANORA','06','CAJAMARCA','0601','CAJAMARCA','060108','LLACANORA','06','CAJAMARCA','0601','CAJAMARCA','060107','LLACANORA'),('06','CAJAMARCA','0601','CAJAMARCA','060108','LOS BAÑOS DEL INCA','06','CAJAMARCA','0601','CAJAMARCA','060107','LOS BAÑOS DEL INCA','06','CAJAMARCA','0601','CAJAMARCA','060108','LOS BAÑOS DEL INCA'),('06','CAJAMARCA','0601','CAJAMARCA','060109','MAGDALENA','06','CAJAMARCA','0601','CAJAMARCA','060109','MAGDALENA','06','CAJAMARCA','0601','CAJAMARCA','060109','MAGDALENA'),('06','CAJAMARCA','0601','CAJAMARCA','060110','MATARA','06','CAJAMARCA','0601','CAJAMARCA','060110','MATARA','06','CAJAMARCA','0601','CAJAMARCA','060110','MATARA'),('06','CAJAMARCA','0601','CAJAMARCA','060111','NAMORA','06','CAJAMARCA','0601','CAJAMARCA','060111','NAMORA','06','CAJAMARCA','0601','CAJAMARCA','060111','NAMORA'),('06','CAJAMARCA','0601','CAJAMARCA','060112','SAN JUAN','06','CAJAMARCA','0601','CAJAMARCA','060112','SAN JUAN','06','CAJAMARCA','0601','CAJAMARCA','060112','SAN JUAN'),('06','CAJAMARCA','0602','CAJABAMBA','060201','CAJABAMBA','06','CAJAMARCA','0602','CAJABAMBA','060201','CAJABAMBA','06','CAJAMARCA','0602','CAJABAMBA','060201','CAJABAMBA'),('06','CAJAMARCA','0602','CAJABAMBA','060202','CACHACHI','06','CAJAMARCA','0602','CAJABAMBA','060202','CACHACHI','06','CAJAMARCA','0602','CAJABAMBA','060202','CACHACHI'),('06','CAJAMARCA','0602','CAJABAMBA','060203','CONDEBAMBA','06','CAJAMARCA','0602','CAJABAMBA','060203','CONDEBAMBA','06','CAJAMARCA','0602','CAJABAMBA','060203','CONDEBAMBA'),('06','CAJAMARCA','0602','CAJABAMBA','060204','SITACOCHA','06','CAJAMARCA','0602','CAJABAMBA','060205','SITACOCHA','06','CAJAMARCA','0602','CAJABAMBA','060204','SITACOCHA'),('06','CAJAMARCA','0603','CELENDIN','060301','CELENDIN','06','CAJAMARCA','0603','CELENDIN','060301','CELENDIN','06','CAJAMARCA','0603','CELENDIN','060301','CELENDIN'),('06','CAJAMARCA','0603','CELENDIN','060302','CHUMUCH','06','CAJAMARCA','0603','CELENDIN','060303','CHUMUCH','06','CAJAMARCA','0603','CELENDIN','060302','CHUMUCH'),('06','CAJAMARCA','0603','CELENDIN','060303','CORTEGANA','06','CAJAMARCA','0603','CELENDIN','060302','CORTEGANA','06','CAJAMARCA','0603','CELENDIN','060303','CORTEGANA'),('06','CAJAMARCA','0603','CELENDIN','060304','HUASMIN','06','CAJAMARCA','0603','CELENDIN','060304','HUASMIN','06','CAJAMARCA','0603','CELENDIN','060304','HUASMIN'),('06','CAJAMARCA','0603','CELENDIN','060305','JORGE CHAVEZ','06','CAJAMARCA','0603','CELENDIN','060305','JORGE CHAVEZ','06','CAJAMARCA','0603','CELENDIN','060305','JORGE CHAVEZ'),('06','CAJAMARCA','0603','CELENDIN','060306','JOSE GALVEZ','06','CAJAMARCA','0603','CELENDIN','060306','JOSE GALVEZ','06','CAJAMARCA','0603','CELENDIN','060306','JOSE GALVEZ'),('06','CAJAMARCA','0603','CELENDIN','060307','MIGUEL IGLESIAS','06','CAJAMARCA','0603','CELENDIN','060307','MIGUEL IGLESIAS','06','CAJAMARCA','0603','CELENDIN','060307','MIGUEL IGLESIAS'),('06','CAJAMARCA','0603','CELENDIN','060308','OXAMARCA','06','CAJAMARCA','0603','CELENDIN','060308','OXAMARCA','06','CAJAMARCA','0603','CELENDIN','060308','OXAMARCA'),('06','CAJAMARCA','0603','CELENDIN','060309','SOROCHUCO','06','CAJAMARCA','0603','CELENDIN','060309','SOROCHUCO','06','CAJAMARCA','0603','CELENDIN','060309','SOROCHUCO'),('06','CAJAMARCA','0603','CELENDIN','060310','SUCRE','06','CAJAMARCA','0603','CELENDIN','060310','SUCRE','06','CAJAMARCA','0603','CELENDIN','060310','SUCRE'),('06','CAJAMARCA','0603','CELENDIN','060311','UTCO','06','CAJAMARCA','0603','CELENDIN','060311','UTCO','06','CAJAMARCA','0603','CELENDIN','060311','UTCO'),('06','CAJAMARCA','0603','CELENDIN','060312','LA LIBERTAD DE PALLAN','06','CAJAMARCA','0603','CELENDIN','060312','LA LIBERTAD DE PALLAN','06','CAJAMARCA','0603','CELENDIN','060312','LA LIBERTAD DE PALLAN'),('06','CAJAMARCA','0604','CHOTA','060401','CHOTA','06','CAJAMARCA','0606','CHOTA','060601','CHOTA','06','CAJAMARCA','0604','CHOTA','060401','CHOTA'),('06','CAJAMARCA','0604','CHOTA','060402','ANGUIA','06','CAJAMARCA','0606','CHOTA','060602','ANGUIA','06','CAJAMARCA','0604','CHOTA','060402','ANGUIA'),('06','CAJAMARCA','0604','CHOTA','060403','CHADIN','06','CAJAMARCA','0606','CHOTA','060605','CHADIN','06','CAJAMARCA','0604','CHOTA','060403','CHADIN'),('06','CAJAMARCA','0604','CHOTA','060404','CHIGUIRIP','06','CAJAMARCA','0606','CHOTA','060606','CHIGUIRIP','06','CAJAMARCA','0604','CHOTA','060404','CHIGUIRIP'),('06','CAJAMARCA','0604','CHOTA','060405','CHIMBAN','06','CAJAMARCA','0606','CHOTA','060607','CHIMBAN','06','CAJAMARCA','0604','CHOTA','060405','CHIMBAN'),('06','CAJAMARCA','0604','CHOTA','060406','CHOROPAMPA','06','CAJAMARCA','0606','CHOTA','060618','CHOROPAMPA','06','CAJAMARCA','0604','CHOTA','060406','CHOROPAMPA'),('06','CAJAMARCA','0604','CHOTA','060407','COCHABAMBA','06','CAJAMARCA','0606','CHOTA','060603','COCHABAMBA','06','CAJAMARCA','0604','CHOTA','060407','COCHABAMBA'),('06','CAJAMARCA','0604','CHOTA','060408','CONCHAN','06','CAJAMARCA','0606','CHOTA','060604','CONCHAN','06','CAJAMARCA','0604','CHOTA','060408','CONCHAN'),('06','CAJAMARCA','0604','CHOTA','060409','HUAMBOS','06','CAJAMARCA','0606','CHOTA','060608','HUAMBOS','06','CAJAMARCA','0604','CHOTA','060409','HUAMBOS'),('06','CAJAMARCA','0604','CHOTA','060410','LAJAS','06','CAJAMARCA','0606','CHOTA','060609','LAJAS','06','CAJAMARCA','0604','CHOTA','060410','LAJAS'),('06','CAJAMARCA','0604','CHOTA','060411','LLAMA','06','CAJAMARCA','0606','CHOTA','060610','LLAMA','06','CAJAMARCA','0604','CHOTA','060411','LLAMA'),('06','CAJAMARCA','0604','CHOTA','060412','MIRACOSTA','06','CAJAMARCA','0606','CHOTA','060611','MIRACOSTA','06','CAJAMARCA','0604','CHOTA','060412','MIRACOSTA'),('06','CAJAMARCA','0604','CHOTA','060413','PACCHA','06','CAJAMARCA','0606','CHOTA','060612','PACCHA','06','CAJAMARCA','0604','CHOTA','060413','PACCHA'),('06','CAJAMARCA','0604','CHOTA','060414','PION','06','CAJAMARCA','0606','CHOTA','060613','PION','06','CAJAMARCA','0604','CHOTA','060414','PION'),('06','CAJAMARCA','0604','CHOTA','060415','QUEROCOTO','06','CAJAMARCA','0606','CHOTA','060614','QUEROCOTO','06','CAJAMARCA','0604','CHOTA','060415','QUEROCOTO'),('06','CAJAMARCA','0604','CHOTA','060416','SAN JUAN DE LICUPIS','06','CAJAMARCA','0606','CHOTA','060617','SAN JUAN DE LICUPIS','06','CAJAMARCA','0604','CHOTA','060416','SAN JUAN DE LICUPIS'),('06','CAJAMARCA','0604','CHOTA','060417','TACABAMBA','06','CAJAMARCA','0606','CHOTA','060615','TACABAMBA','06','CAJAMARCA','0604','CHOTA','060417','TACABAMBA'),('06','CAJAMARCA','0604','CHOTA','060418','TOCMOCHE','06','CAJAMARCA','0606','CHOTA','060616','TOCMOCHE','06','CAJAMARCA','0604','CHOTA','060418','TOCMOCHE'),('06','CAJAMARCA','0604','CHOTA','060419','CHALAMARCA','06','CAJAMARCA','0606','CHOTA','060619','CHALAMARCA','06','CAJAMARCA','0604','CHOTA','060419','CHALAMARCA'),('06','CAJAMARCA','0605','CONTUMAZA','060501','CONTUMAZA','06','CAJAMARCA','0604','CONTUMAZA','060401','CONTUMAZA','06','CAJAMARCA','0605','CONTUMAZA','060501','CONTUMAZA'),('06','CAJAMARCA','0605','CONTUMAZA','060502','CHILETE','06','CAJAMARCA','0604','CONTUMAZA','060403','CHILETE','06','CAJAMARCA','0605','CONTUMAZA','060502','CHILETE'),('06','CAJAMARCA','0605','CONTUMAZA','060503','CUPISNIQUE','06','CAJAMARCA','0604','CONTUMAZA','060406','CUPISNIQUE','06','CAJAMARCA','0605','CONTUMAZA','060503','CUPISNIQUE'),('06','CAJAMARCA','0605','CONTUMAZA','060504','GUZMANGO','06','CAJAMARCA','0604','CONTUMAZA','060404','GUZMANGO','06','CAJAMARCA','0605','CONTUMAZA','060504','GUZMANGO'),('06','CAJAMARCA','0605','CONTUMAZA','060505','SAN BENITO','06','CAJAMARCA','0604','CONTUMAZA','060405','SAN BENITO','06','CAJAMARCA','0605','CONTUMAZA','060505','SAN BENITO'),('06','CAJAMARCA','0605','CONTUMAZA','060506','SANTA CRUZ DE TOLEDO','06','CAJAMARCA','0604','CONTUMAZA','060409','SANTA CRUZ DE TOLED','06','CAJAMARCA','0605','CONTUMAZA','060506','SANTA CRUZ DE TOLED'),('06','CAJAMARCA','0605','CONTUMAZA','060507','TANTARICA','06','CAJAMARCA','0604','CONTUMAZA','060407','TANTARICA','06','CAJAMARCA','0605','CONTUMAZA','060507','TANTARICA'),('06','CAJAMARCA','0605','CONTUMAZA','060508','YONAN','06','CAJAMARCA','0604','CONTUMAZA','060408','YONAN','06','CAJAMARCA','0605','CONTUMAZA','060508','YONAN'),('06','CAJAMARCA','0606','CUTERVO','060601','CUTERVO','06','CAJAMARCA','0605','CUTERVO','060501','CUTERVO','06','CAJAMARCA','0606','CUTERVO','060601','CUTERVO'),('06','CAJAMARCA','0606','CUTERVO','060602','CALLAYUC','06','CAJAMARCA','0605','CUTERVO','060502','CALLAYUC','06','CAJAMARCA','0606','CUTERVO','060602','CALLAYUC'),('06','CAJAMARCA','0606','CUTERVO','060603','CHOROS','06','CAJAMARCA','0605','CUTERVO','060504','CHOROS','06','CAJAMARCA','0606','CUTERVO','060603','CHOROS'),('06','CAJAMARCA','0606','CUTERVO','060604','CUJILLO','06','CAJAMARCA','0605','CUTERVO','060503','CUJILLO','06','CAJAMARCA','0606','CUTERVO','060604','CUJILLO'),('06','CAJAMARCA','0606','CUTERVO','060605','LA RAMADA','06','CAJAMARCA','0605','CUTERVO','060505','LA RAMADA','06','CAJAMARCA','0606','CUTERVO','060605','LA RAMADA'),('06','CAJAMARCA','0606','CUTERVO','060606','PIMPINGOS','06','CAJAMARCA','0605','CUTERVO','060506','PIMPINGOS','06','CAJAMARCA','0606','CUTERVO','060606','PIMPINGOS'),('06','CAJAMARCA','0606','CUTERVO','060607','QUEROCOTILLO','06','CAJAMARCA','0605','CUTERVO','060507','QUEROCOTILLO','06','CAJAMARCA','0606','CUTERVO','060607','QUEROCOTILLO'),('06','CAJAMARCA','0606','CUTERVO','060608','SAN ANDRES DE CUTERVO','06','CAJAMARCA','0605','CUTERVO','060508','SAN ANDRES DE CUTERVO','06','CAJAMARCA','0606','CUTERVO','060608','SAN ANDRES DE CUTERVO'),('06','CAJAMARCA','0606','CUTERVO','060609','SAN JUAN DE CUTERVO','06','CAJAMARCA','0605','CUTERVO','060509','SAN JUAN DE CUTERVO','06','CAJAMARCA','0606','CUTERVO','060609','SAN JUAN DE CUTERVO'),('06','CAJAMARCA','0606','CUTERVO','060610','SAN LUIS DE LUCMA','06','CAJAMARCA','0605','CUTERVO','060510','SAN LUIS DE LUCMA','06','CAJAMARCA','0606','CUTERVO','060610','SAN LUIS DE LUCMA'),('06','CAJAMARCA','0606','CUTERVO','060611','SANTA CRUZ','06','CAJAMARCA','0605','CUTERVO','060511','SANTA CRUZ','06','CAJAMARCA','0606','CUTERVO','060611','SANTA CRUZ'),('06','CAJAMARCA','0606','CUTERVO','060612','SANTO DOMINGO DE LA CAPILLA','06','CAJAMARCA','0605','CUTERVO','060512','SANTO DOMINGO DE LA CAPILLA','06','CAJAMARCA','0606','CUTERVO','060612','SANTO DOMINGO DE LA CAPILLA'),('06','CAJAMARCA','0606','CUTERVO','060613','SANTO TOMAS','06','CAJAMARCA','0605','CUTERVO','060513','SANTO TOMAS','06','CAJAMARCA','0606','CUTERVO','060613','SANTO TOMAS'),('06','CAJAMARCA','0606','CUTERVO','060614','SOCOTA','06','CAJAMARCA','0605','CUTERVO','060514','SOCOTA','06','CAJAMARCA','0606','CUTERVO','060614','SOCOTA'),('06','CAJAMARCA','0606','CUTERVO','060615','TORIBIO CASANOVA','06','CAJAMARCA','0605','CUTERVO','060515','TORIBIO CASANOVA','06','CAJAMARCA','0606','CUTERVO','060615','TORIBIO CASANOVA'),('06','CAJAMARCA','0607','HUALGAYOC','060701','BAMBAMARCA','06','CAJAMARCA','0607','HUALGAYOC','060701','BAMBAMARCA','06','CAJAMARCA','0607','HUALGAYOC','060701','BAMBAMARCA'),('06','CAJAMARCA','0607','HUALGAYOC','060702','CHUGUR','06','CAJAMARCA','0607','HUALGAYOC','060702','CHUGUR','06','CAJAMARCA','0607','HUALGAYOC','060702','CHUGUR'),('06','CAJAMARCA','0607','HUALGAYOC','060703','HUALGAYOC','06','CAJAMARCA','0607','HUALGAYOC','060703','HUALGAYOC','06','CAJAMARCA','0607','HUALGAYOC','060703','HUALGAYOC'),('06','CAJAMARCA','0608','JAEN','060801','JAEN','06','CAJAMARCA','0608','JAEN','060801','JAEN','06','CAJAMARCA','0608','JAEN','060801','JAEN'),('06','CAJAMARCA','0608','JAEN','060802','BELLAVISTA','06','CAJAMARCA','0608','JAEN','060802','BELLAVISTA','06','CAJAMARCA','0608','JAEN','060802','BELLAVISTA'),('06','CAJAMARCA','0608','JAEN','060803','CHONTALI','06','CAJAMARCA','0608','JAEN','060804','CHONTALI','06','CAJAMARCA','0608','JAEN','060803','CHONTALI'),('06','CAJAMARCA','0608','JAEN','060804','COLASAY','06','CAJAMARCA','0608','JAEN','060803','COLASAY','06','CAJAMARCA','0608','JAEN','060804','COLASAY'),('06','CAJAMARCA','0608','JAEN','060805','HUABAL','06','CAJAMARCA','0608','JAEN','060812','HUABAL','06','CAJAMARCA','0608','JAEN','060805','HUABAL'),('06','CAJAMARCA','0608','JAEN','060806','LAS PIRIAS','06','CAJAMARCA','0608','JAEN','060811','LAS PIRIAS','06','CAJAMARCA','0608','JAEN','060806','LAS PIRIAS'),('06','CAJAMARCA','0608','JAEN','060807','POMAHUACA','06','CAJAMARCA','0608','JAEN','060805','POMAHUACA','06','CAJAMARCA','0608','JAEN','060807','POMAHUACA'),('06','CAJAMARCA','0608','JAEN','060808','PUCARA','06','CAJAMARCA','0608','JAEN','060806','PUCARA','06','CAJAMARCA','0608','JAEN','060808','PUCARA'),('06','CAJAMARCA','0608','JAEN','060809','SALLIQUE','06','CAJAMARCA','0608','JAEN','060807','SALLIQUE','06','CAJAMARCA','0608','JAEN','060809','SALLIQUE'),('06','CAJAMARCA','0608','JAEN','060810','SAN FELIPE','06','CAJAMARCA','0608','JAEN','060808','SAN FELIPE','06','CAJAMARCA','0608','JAEN','060810','SAN FELIPE'),('06','CAJAMARCA','0608','JAEN','060811','SAN JOSE DEL ALTO','06','CAJAMARCA','0608','JAEN','060809','SAN JOSE DEL ALTO','06','CAJAMARCA','0608','JAEN','060811','SAN JOSE DEL ALTO'),('06','CAJAMARCA','0608','JAEN','060812','SANTA ROSA','06','CAJAMARCA','0608','JAEN','060810','SANTA ROSA','06','CAJAMARCA','0608','JAEN','060812','SANTA ROSA'),('06','CAJAMARCA','0609','SAN IGNACIO','060901','SAN IGNACIO','06','CAJAMARCA','0611','SAN IGNACIO','061101','SAN IGNACIO','06','CAJAMARCA','0609','SAN IGNACIO','060901','SAN IGNACIO'),('06','CAJAMARCA','0609','SAN IGNACIO','060902','CHIRINOS','06','CAJAMARCA','0611','SAN IGNACIO','061102','CHIRINOS','06','CAJAMARCA','0609','SAN IGNACIO','060902','CHIRINOS'),('06','CAJAMARCA','0609','SAN IGNACIO','060903','HUARANGO','06','CAJAMARCA','0611','SAN IGNACIO','061103','HUARANGO','06','CAJAMARCA','0609','SAN IGNACIO','060903','HUARANGO'),('06','CAJAMARCA','0609','SAN IGNACIO','060904','LA COIPA','06','CAJAMARCA','0611','SAN IGNACIO','061105','LA COIPA','06','CAJAMARCA','0609','SAN IGNACIO','060904','LA COIPA'),('06','CAJAMARCA','0609','SAN IGNACIO','060905','NAMBALLE','06','CAJAMARCA','0611','SAN IGNACIO','061104','NAMBALLE','06','CAJAMARCA','0609','SAN IGNACIO','060905','NAMBALLE'),('06','CAJAMARCA','0609','SAN IGNACIO','060906','SAN JOSE DE LOURDES','06','CAJAMARCA','0611','SAN IGNACIO','061106','SAN JOSE DE LOURDES','06','CAJAMARCA','0609','SAN IGNACIO','060906','SAN JOSE DE LOURDES'),('06','CAJAMARCA','0609','SAN IGNACIO','060907','TABACONAS','06','CAJAMARCA','0611','SAN IGNACIO','061107','TABACONAS','06','CAJAMARCA','0609','SAN IGNACIO','060907','TABACONAS'),('06','CAJAMARCA','0610','SAN MARCOS','061001','PEDRO GALVEZ','06','CAJAMARCA','0612','SAN MARCOS','061201','PEDRO GALVEZ','06','CAJAMARCA','0610','SAN MARCOS','061001','PEDRO GALVEZ'),('06','CAJAMARCA','0610','SAN MARCOS','061002','CHANCAY','06','CAJAMARCA','0612','SAN MARCOS','061207','CHANCAY','06','CAJAMARCA','0610','SAN MARCOS','061002','CHANCAY'),('06','CAJAMARCA','0610','SAN MARCOS','061003','EDUARDO VILLANUEVA','06','CAJAMARCA','0612','SAN MARCOS','061205','EDUARDO VILLANUEVA','06','CAJAMARCA','0610','SAN MARCOS','061003','EDUARDO VILLANUEVA'),('06','CAJAMARCA','0610','SAN MARCOS','061004','GREGORIO PITA','06','CAJAMARCA','0612','SAN MARCOS','061203','GREGORIO PITA','06','CAJAMARCA','0610','SAN MARCOS','061004','GREGORIO PITA'),('06','CAJAMARCA','0610','SAN MARCOS','061005','ICHOCAN','06','CAJAMARCA','0612','SAN MARCOS','061202','ICHOCAN','06','CAJAMARCA','0610','SAN MARCOS','061005','ICHOCAN'),('06','CAJAMARCA','0610','SAN MARCOS','061006','JOSE MANUEL QUIROZ','06','CAJAMARCA','0612','SAN MARCOS','061204','JOSE MANUEL QUIROZ','06','CAJAMARCA','0610','SAN MARCOS','061006','JOSE MANUEL QUIROZ'),('06','CAJAMARCA','0610','SAN MARCOS','061007','JOSE SABOGAL','06','CAJAMARCA','0612','SAN MARCOS','061206','JOSE SABOGAL','06','CAJAMARCA','0610','SAN MARCOS','061007','JOSE SABOGAL'),('06','CAJAMARCA','0611','SAN MIGUEL','061101','SAN MIGUEL','06','CAJAMARCA','0610','SAN MIGUEL','061001','SAN MIGUEL','06','CAJAMARCA','0611','SAN MIGUEL','061101','SAN MIGUEL'),('06','CAJAMARCA','0611','SAN MIGUEL','061102','BOLIVAR','06','CAJAMARCA','0610','SAN MIGUEL','061013','BOLIVAR','06','CAJAMARCA','0611','SAN MIGUEL','061102','BOLIVAR'),('06','CAJAMARCA','0611','SAN MIGUEL','061103','CALQUIS','06','CAJAMARCA','0610','SAN MIGUEL','061002','CALQUIS','06','CAJAMARCA','0611','SAN MIGUEL','061103','CALQUIS'),('06','CAJAMARCA','0611','SAN MIGUEL','061104','CATILLUC','06','CAJAMARCA','0610','SAN MIGUEL','061012','CATILLUC','06','CAJAMARCA','0611','SAN MIGUEL','061104','CATILLUC'),('06','CAJAMARCA','0611','SAN MIGUEL','061105','EL PRADO','06','CAJAMARCA','0610','SAN MIGUEL','061009','EL PRADO','06','CAJAMARCA','0611','SAN MIGUEL','061105','EL PRADO'),('06','CAJAMARCA','0611','SAN MIGUEL','061106','LA FLORIDA','06','CAJAMARCA','0610','SAN MIGUEL','061003','LA FLORIDA','06','CAJAMARCA','0611','SAN MIGUEL','061106','LA FLORIDA'),('06','CAJAMARCA','0611','SAN MIGUEL','061107','LLAPA','06','CAJAMARCA','0610','SAN MIGUEL','061004','LLAPA','06','CAJAMARCA','0611','SAN MIGUEL','061107','LLAPA'),('06','CAJAMARCA','0611','SAN MIGUEL','061108','NANCHOC','06','CAJAMARCA','0610','SAN MIGUEL','061005','NANCHOC','06','CAJAMARCA','0611','SAN MIGUEL','061108','NANCHOC'),('06','CAJAMARCA','0611','SAN MIGUEL','061109','NIEPOS','06','CAJAMARCA','0610','SAN MIGUEL','061006','NIEPOS','06','CAJAMARCA','0611','SAN MIGUEL','061109','NIEPOS'),('06','CAJAMARCA','0611','SAN MIGUEL','061110','SAN GREGORIO','06','CAJAMARCA','0610','SAN MIGUEL','061007','SAN GREGORIO','06','CAJAMARCA','0611','SAN MIGUEL','061110','SAN GREGORIO'),('06','CAJAMARCA','0611','SAN MIGUEL','061111','SAN SILVESTRE DE COCHAN','06','CAJAMARCA','0610','SAN MIGUEL','061008','SAN SILVESTRE DE COCHAN','06','CAJAMARCA','0611','SAN MIGUEL','061111','SAN SILVESTRE DE COCHAN'),('06','CAJAMARCA','0611','SAN MIGUEL','061112','TONGOD','06','CAJAMARCA','0610','SAN MIGUEL','061011','TONGOD','06','CAJAMARCA','0611','SAN MIGUEL','061112','TONGOD'),('06','CAJAMARCA','0611','SAN MIGUEL','061113','UNION AGUA BLANCA','06','CAJAMARCA','0610','SAN MIGUEL','061010','UNION AGUA BLANCA','06','CAJAMARCA','0611','SAN MIGUEL','061113','UNION AGUA BLANCA'),('06','CAJAMARCA','0612','SAN PABLO','061201','SAN PABLO','06','CAJAMARCA','0613','SAN PABLO','061301','SAN PABLO','06','CAJAMARCA','0612','SAN PABLO','061201','SAN PABLO'),('06','CAJAMARCA','0612','SAN PABLO','061202','SAN BERNARDINO','06','CAJAMARCA','0613','SAN PABLO','061302','SAN BERNARDINO','06','CAJAMARCA','0612','SAN PABLO','061202','SAN BERNARDINO'),('06','CAJAMARCA','0612','SAN PABLO','061203','SAN LUIS','06','CAJAMARCA','0613','SAN PABLO','061303','SAN LUIS','06','CAJAMARCA','0612','SAN PABLO','061203','SAN LUIS'),('06','CAJAMARCA','0612','SAN PABLO','061204','TUMBADEN','06','CAJAMARCA','0613','SAN PABLO','061304','TUMBADEN','06','CAJAMARCA','0612','SAN PABLO','061204','TUMBADEN'),('06','CAJAMARCA','0613','SANTA CRUZ','061301','SANTA CRUZ','06','CAJAMARCA','0609','SANTA CRUZ','060901','SANTA CRUZ','06','CAJAMARCA','0613','SANTA CRUZ','061301','SANTA CRUZ'),('06','CAJAMARCA','0613','SANTA CRUZ','061302','ANDABAMBA','06','CAJAMARCA','0609','SANTA CRUZ','060910','ANDABAMBA','06','CAJAMARCA','0613','SANTA CRUZ','061302','ANDABAMBA'),('06','CAJAMARCA','0613','SANTA CRUZ','061303','CATACHE','06','CAJAMARCA','0609','SANTA CRUZ','060902','CATACHE','06','CAJAMARCA','0613','SANTA CRUZ','061303','CATACHE'),('06','CAJAMARCA','0613','SANTA CRUZ','061304','CHANCAYBAÑOS','06','CAJAMARCA','0609','SANTA CRUZ','060903','CHANCAYBAÑOS','06','CAJAMARCA','0613','SANTA CRUZ','061304','CHANCAYBAÑOS'),('06','CAJAMARCA','0613','SANTA CRUZ','061305','LA ESPERANZA','06','CAJAMARCA','0609','SANTA CRUZ','060904','LA ESPERANZA','06','CAJAMARCA','0613','SANTA CRUZ','061305','LA ESPERANZA'),('06','CAJAMARCA','0613','SANTA CRUZ','061306','NINABAMBA','06','CAJAMARCA','0609','SANTA CRUZ','060905','NINABAMBA','06','CAJAMARCA','0613','SANTA CRUZ','061306','NINABAMBA'),('06','CAJAMARCA','0613','SANTA CRUZ','061307','PULAN','06','CAJAMARCA','0609','SANTA CRUZ','060906','PULAN','06','CAJAMARCA','0613','SANTA CRUZ','061307','PULAN'),('06','CAJAMARCA','0613','SANTA CRUZ','061308','SAUCEPAMPA','06','CAJAMARCA','0609','SANTA CRUZ','060911','SAUCEPAMPA','06','CAJAMARCA','0613','SANTA CRUZ','061308','SAUCEPAMPA'),('06','CAJAMARCA','0613','SANTA CRUZ','061309','SEXI','06','CAJAMARCA','0609','SANTA CRUZ','060907','SEXI','06','CAJAMARCA','0613','SANTA CRUZ','061309','SEXI'),('06','CAJAMARCA','0613','SANTA CRUZ','061310','UTICYACU','06','CAJAMARCA','0609','SANTA CRUZ','060908','UTICYACU','06','CAJAMARCA','0613','SANTA CRUZ','061310','UTICYACU'),('06','CAJAMARCA','0613','SANTA CRUZ','061311','YAUYUCAN','06','CAJAMARCA','0609','SANTA CRUZ','060909','YAUYUCAN','06','CAJAMARCA','0613','SANTA CRUZ','061311','YAUYUCAN'),('07','CALLAO','0701','PROV. CONST. DEL CALLAO','070101','CALLAO','24','PROV. CONST. DEL CALLAO','2401','CALLAO','240101','CALLAO','07','PROV. CONST. DEL CALLAO','0701','PROV. CONST. DEL CALLAO','070101','CALLAO'),('07','CALLAO','0701','PROV. CONST. DEL CALLAO','070102','BELLAVISTA','24','PROV. CONST. DEL CALLAO','2401','CALLAO','240102','BELLAVISTA','07','PROV. CONST. DEL CALLAO','0701','PROV. CONST. DEL CALLAO','070102','BELLAVISTA'),('07','CALLAO','0701','PROV. CONST. DEL CALLAO','070103','CARMEN DE LA LEGUA REYNOSO','24','PROV. CONST. DEL CALLAO','2401','CALLAO','240104','CARMEN DE LA LEGUA-REYNOSO','07','PROV. CONST. DEL CALLAO','0701','PROV. CONST. DEL CALLAO','070103','CARMEN DE LA LEGUA REYNOSO'),('07','CALLAO','0701','PROV. CONST. DEL CALLAO','070104','LA PERLA','24','PROV. CONST. DEL CALLAO','2401','CALLAO','240105','LA PERLA','07','PROV. CONST. DEL CALLAO','0701','PROV. CONST. DEL CALLAO','070104','LA PERLA'),('07','CALLAO','0701','PROV. CONST. DEL CALLAO','070105','LA PUNTA','24','PROV. CONST. DEL CALLAO','2401','CALLAO','240103','LA PUNTA','07','PROV. CONST. DEL CALLAO','0701','PROV. CONST. DEL CALLAO','070105','LA PUNTA'),('07','CALLAO','0701','PROV. CONST. DEL CALLAO','070106','VENTANILLA','24','PROV. CONST. DEL CALLAO','2401','CALLAO','240106','VENTANILLA','07','PROV. CONST. DEL CALLAO','0701','PROV. CONST. DEL CALLAO','070106','VENTANILLA'),('07','CALLAO','0701','PROV. CONST. DEL CALLAO','070107','MI PERU',NULL,NULL,NULL,NULL,NULL,NULL,NULL,NULL,NULL,NULL,NULL,NULL),('08','CUSCO','0801','CUSCO','080101','CUSCO','07','CUSCO','0701','CUSCO','070101','CUSCO','08','CUSCO','0801','CUSCO','080101','CUSCO'),('08','CUSCO','0801','CUSCO','080102','CCORCA','07','CUSCO','0701','CUSCO','070102','CCORCA','08','CUSCO','0801','CUSCO','080102','CCORCA'),('08','CUSCO','0801','CUSCO','080103','POROY','07','CUSCO','0701','CUSCO','070103','POROY','08','CUSCO','0801','CUSCO','080103','POROY'),('08','CUSCO','0801','CUSCO','080104','SAN JERONIMO','07','CUSCO','0701','CUSCO','070104','SAN JERONIMO','08','CUSCO','0801','CUSCO','080104','SAN JERONIMO'),('08','CUSCO','0801','CUSCO','080105','SAN SEBASTIAN','07','CUSCO','0701','CUSCO','070105','SAN SEBASTIAN','08','CUSCO','0801','CUSCO','080105','SAN SEBASTIAN'),('08','CUSCO','0801','CUSCO','080106','SANTIAGO','07','CUSCO','0701','CUSCO','070106','SANTIAGO','08','CUSCO','0801','CUSCO','080106','SANTIAGO'),('08','CUSCO','0801','CUSCO','080107','SAYLLA','07','CUSCO','0701','CUSCO','070107','SAYLLA','08','CUSCO','0801','CUSCO','080107','SAYLLA'),('08','CUSCO','0801','CUSCO','080108','WANCHAQ','07','CUSCO','0701','CUSCO','070108','WANCHAQ','08','CUSCO','0801','CUSCO','080108','WANCHAQ'),('08','CUSCO','0802','ACOMAYO','080201','ACOMAYO','07','CUSCO','0702','ACOMAYO','070201','ACOMAYO','08','CUSCO','0802','ACOMAYO','080201','ACOMAYO'),('08','CUSCO','0802','ACOMAYO','080202','ACOPIA','07','CUSCO','0702','ACOMAYO','070202','ACOPIA','08','CUSCO','0802','ACOMAYO','080202','ACOPIA'),('08','CUSCO','0802','ACOMAYO','080203','ACOS','07','CUSCO','0702','ACOMAYO','070203','ACOS','08','CUSCO','0802','ACOMAYO','080203','ACOS'),('08','CUSCO','0802','ACOMAYO','080204','MOSOC LLACTA','07','CUSCO','0702','ACOMAYO','070207','MOSOC LLACTA','08','CUSCO','0802','ACOMAYO','080204','MOSOC LLACTA'),('08','CUSCO','0802','ACOMAYO','080205','POMACANCHI','07','CUSCO','0702','ACOMAYO','070204','POMACANCHI','08','CUSCO','0802','ACOMAYO','080205','POMACANCHI'),('08','CUSCO','0802','ACOMAYO','080206','RONDOCAN','07','CUSCO','0702','ACOMAYO','070205','RONDOCAN','08','CUSCO','0802','ACOMAYO','080206','RONDOCAN'),('08','CUSCO','0802','ACOMAYO','080207','SANGARARA','07','CUSCO','0702','ACOMAYO','070206','SANGARARA','08','CUSCO','0802','ACOMAYO','080207','SANGARARA'),('08','CUSCO','0803','ANTA','080301','ANTA','07','CUSCO','0703','ANTA','070301','ANTA','08','CUSCO','0803','ANTA','080301','ANTA'),('08','CUSCO','0803','ANTA','080302','ANCAHUASI','07','CUSCO','0703','ANTA','070309','ANCAHUASI','08','CUSCO','0803','ANTA','080302','ANCAHUASI'),('08','CUSCO','0803','ANTA','080303','CACHIMAYO','07','CUSCO','0703','ANTA','070308','CACHIMAYO','08','CUSCO','0803','ANTA','080303','CACHIMAYO'),('08','CUSCO','0803','ANTA','080304','CHINCHAYPUJIO','07','CUSCO','0703','ANTA','070302','CHINCHAYPUJIO','08','CUSCO','0803','ANTA','080304','CHINCHAYPUJIO'),('08','CUSCO','0803','ANTA','080305','HUAROCONDO','07','CUSCO','0703','ANTA','070303','HUAROCONDO','08','CUSCO','0803','ANTA','080305','HUAROCONDO'),('08','CUSCO','0803','ANTA','080306','LIMATAMBO','07','CUSCO','0703','ANTA','070304','LIMATAMBO','08','CUSCO','0803','ANTA','080306','LIMATAMBO'),('08','CUSCO','0803','ANTA','080307','MOLLEPATA','07','CUSCO','0703','ANTA','070305','MOLLEPATA','08','CUSCO','0803','ANTA','080307','MOLLEPATA'),('08','CUSCO','0803','ANTA','080308','PUCYURA','07','CUSCO','0703','ANTA','070306','PUCYURA','08','CUSCO','0803','ANTA','080308','PUCYURA'),('08','CUSCO','0803','ANTA','080309','ZURITE','07','CUSCO','0703','ANTA','070307','ZURITE','08','CUSCO','0803','ANTA','080309','ZURITE'),('08','CUSCO','0804','CALCA','080401','CALCA','07','CUSCO','0704','CALCA','070401','CALCA','08','CUSCO','0804','CALCA','080401','CALCA'),('08','CUSCO','0804','CALCA','080402','COYA','07','CUSCO','0704','CALCA','070402','COYA','08','CUSCO','0804','CALCA','080402','COYA'),('08','CUSCO','0804','CALCA','080403','LAMAY','07','CUSCO','0704','CALCA','070403','LAMAY','08','CUSCO','0804','CALCA','080403','LAMAY'),('08','CUSCO','0804','CALCA','080404','LARES','07','CUSCO','0704','CALCA','070404','LARES','08','CUSCO','0804','CALCA','080404','LARES'),('08','CUSCO','0804','CALCA','080405','PISAC','07','CUSCO','0704','CALCA','070405','PISAC','08','CUSCO','0804','CALCA','080405','PISAC'),('08','CUSCO','0804','CALCA','080406','SAN SALVADOR','07','CUSCO','0704','CALCA','070406','SAN SALVADOR','08','CUSCO','0804','CALCA','080406','SAN SALVADOR'),('08','CUSCO','0804','CALCA','080407','TARAY','07','CUSCO','0704','CALCA','070407','TARAY','08','CUSCO','0804','CALCA','080407','TARAY'),('08','CUSCO','0804','CALCA','080408','YANATILE','07','CUSCO','0704','CALCA','070408','YANATILE','08','CUSCO','0804','CALCA','080408','YANATILE'),('08','CUSCO','0805','CANAS','080501','YANAOCA','07','CUSCO','0705','CANAS','070501','YANAOCA','08','CUSCO','0805','CANAS','080501','YANAOCA'),('08','CUSCO','0805','CANAS','080502','CHECCA','07','CUSCO','0705','CANAS','070502','CHECCA','08','CUSCO','0805','CANAS','080502','CHECCA'),('08','CUSCO','0805','CANAS','080503','KUNTURKANKI','07','CUSCO','0705','CANAS','070503','KUNTURKANKI','08','CUSCO','0805','CANAS','080503','KUNTURKANKI'),('08','CUSCO','0805','CANAS','080504','LANGUI','07','CUSCO','0705','CANAS','070504','LANGUI','08','CUSCO','0805','CANAS','080504','LANGUI'),('08','CUSCO','0805','CANAS','080505','LAYO','07','CUSCO','0705','CANAS','070505','LAYO','08','CUSCO','0805','CANAS','080505','LAYO'),('08','CUSCO','0805','CANAS','080506','PAMPAMARCA','07','CUSCO','0705','CANAS','070506','PAMPAMARCA','08','CUSCO','0805','CANAS','080506','PAMPAMARCA'),('08','CUSCO','0805','CANAS','080507','QUEHUE','07','CUSCO','0705','CANAS','070507','QUEHUE','08','CUSCO','0805','CANAS','080507','QUEHUE'),('08','CUSCO','0805','CANAS','080508','TUPAC AMARU','07','CUSCO','0705','CANAS','070508','TUPAC AMARU','08','CUSCO','0805','CANAS','080508','TUPAC AMARU'),('08','CUSCO','0806','CANCHIS','080601','SICUANI','07','CUSCO','0706','CANCHIS','070601','SICUANI','08','CUSCO','0806','CANCHIS','080601','SICUANI'),('08','CUSCO','0806','CANCHIS','080602','CHECACUPE','07','CUSCO','0706','CANCHIS','070603','CHECACUPE','08','CUSCO','0806','CANCHIS','080602','CHECACUPE'),('08','CUSCO','0806','CANCHIS','080603','COMBAPATA','07','CUSCO','0706','CANCHIS','070602','COMBAPATA','08','CUSCO','0806','CANCHIS','080603','COMBAPATA'),('08','CUSCO','0806','CANCHIS','080604','MARANGANI','07','CUSCO','0706','CANCHIS','070604','MARANGANI','08','CUSCO','0806','CANCHIS','080604','MARANGANI'),('08','CUSCO','0806','CANCHIS','080605','PITUMARCA','07','CUSCO','0706','CANCHIS','070605','PITUMARCA','08','CUSCO','0806','CANCHIS','080605','PITUMARCA'),('08','CUSCO','0806','CANCHIS','080606','SAN PABLO','07','CUSCO','0706','CANCHIS','070606','SAN PABLO','08','CUSCO','0806','CANCHIS','080606','SAN PABLO'),('08','CUSCO','0806','CANCHIS','080607','SAN PEDRO','07','CUSCO','0706','CANCHIS','070607','SAN PEDRO','08','CUSCO','0806','CANCHIS','080607','SAN PEDRO'),('08','CUSCO','0806','CANCHIS','080608','TINTA','07','CUSCO','0706','CANCHIS','070608','TINTA','08','CUSCO','0806','CANCHIS','080608','TINTA'),('08','CUSCO','0807','CHUMBIVILCAS','080701','SANTO TOMAS','07','CUSCO','0707','CHUMBIVILCAS','070701','SANTO TOMAS','08','CUSCO','0807','CHUMBIVILCAS','080701','SANTO TOMAS'),('08','CUSCO','0807','CHUMBIVILCAS','080702','CAPACMARCA','07','CUSCO','0707','CHUMBIVILCAS','070702','CAPACMARCA','08','CUSCO','0807','CHUMBIVILCAS','080702','CAPACMARCA'),('08','CUSCO','0807','CHUMBIVILCAS','080703','CHAMACA','07','CUSCO','0707','CHUMBIVILCAS','070704','CHAMACA','08','CUSCO','0807','CHUMBIVILCAS','080703','CHAMACA'),('08','CUSCO','0807','CHUMBIVILCAS','080704','COLQUEMARCA','07','CUSCO','0707','CHUMBIVILCAS','070703','COLQUEMARCA','08','CUSCO','0807','CHUMBIVILCAS','080704','COLQUEMARCA'),('08','CUSCO','0807','CHUMBIVILCAS','080705','LIVITACA','07','CUSCO','0707','CHUMBIVILCAS','070705','LIVITACA','08','CUSCO','0807','CHUMBIVILCAS','080705','LIVITACA'),('08','CUSCO','0807','CHUMBIVILCAS','080706','LLUSCO','07','CUSCO','0707','CHUMBIVILCAS','070706','LLUSCO','08','CUSCO','0807','CHUMBIVILCAS','080706','LLUSCO'),('08','CUSCO','0807','CHUMBIVILCAS','080707','QUIÑOTA','07','CUSCO','0707','CHUMBIVILCAS','070707','QUIÑOTA','08','CUSCO','0807','CHUMBIVILCAS','080707','QUIÑOTA'),('08','CUSCO','0807','CHUMBIVILCAS','080708','VELILLE','07','CUSCO','0707','CHUMBIVILCAS','070708','VELILLE','08','CUSCO','0807','CHUMBIVILCAS','080708','VELILLE'),('08','CUSCO','0808','ESPINAR','080801','ESPINAR','07','CUSCO','0708','ESPINAR','070801','ESPINAR','08','CUSCO','0808','ESPINAR','080801','ESPINAR'),('08','CUSCO','0808','ESPINAR','080802','CONDOROMA','07','CUSCO','0708','ESPINAR','070802','CONDOROMA','08','CUSCO','0808','ESPINAR','080802','CONDOROMA'),('08','CUSCO','0808','ESPINAR','080803','COPORAQUE','07','CUSCO','0708','ESPINAR','070803','COPORAQUE','08','CUSCO','0808','ESPINAR','080803','COPORAQUE'),('08','CUSCO','0808','ESPINAR','080804','OCORURO','07','CUSCO','0708','ESPINAR','070804','OCORURO','08','CUSCO','0808','ESPINAR','080804','OCORURO'),('08','CUSCO','0808','ESPINAR','080805','PALLPATA','07','CUSCO','0708','ESPINAR','070805','PALLPATA','08','CUSCO','0808','ESPINAR','080805','PALLPATA'),('08','CUSCO','0808','ESPINAR','080806','PICHIGUA','07','CUSCO','0708','ESPINAR','070806','PICHIGUA','08','CUSCO','0808','ESPINAR','080806','PICHIGUA'),('08','CUSCO','0808','ESPINAR','080807','SUYCKUTAMBO','07','CUSCO','0708','ESPINAR','070807','SUYCKUTAMBO','08','CUSCO','0808','ESPINAR','080807','SUYCKUTAMBO 3/'),('08','CUSCO','0808','ESPINAR','080808','ALTO PICHIGUA','07','CUSCO','0708','ESPINAR','070808','ALTO PICHIGUA','08','CUSCO','0808','ESPINAR','080808','ALTO PICHIGUA'),('08','CUSCO','0809','LA CONVENCION','080901','SANTA ANA','07','CUSCO','0709','LA CONVENCION','070901','SANTA ANA','08','CUSCO','0809','LA CONVENCION','080901','SANTA ANA'),('08','CUSCO','0809','LA CONVENCION','080902','ECHARATE','07','CUSCO','0709','LA CONVENCION','070902','ECHARATE','08','CUSCO','0809','LA CONVENCION','080902','ECHARATE'),('08','CUSCO','0809','LA CONVENCION','080903','HUAYOPATA','07','CUSCO','0709','LA CONVENCION','070903','HUAYOPATA','08','CUSCO','0809','LA CONVENCION','080903','HUAYOPATA /1'),('08','CUSCO','0809','LA CONVENCION','080904','MARANURA','07','CUSCO','0709','LA CONVENCION','070904','MARANURA','08','CUSCO','0809','LA CONVENCION','080904','MARANURA'),('08','CUSCO','0809','LA CONVENCION','080905','OCOBAMBA','07','CUSCO','0709','LA CONVENCION','070905','OCOBAMBA','08','CUSCO','0809','LA CONVENCION','080905','OCOBAMBA  /2'),('08','CUSCO','0809','LA CONVENCION','080906','QUELLOUNO','07','CUSCO','0709','LA CONVENCION','070908','QUELLOUNO','08','CUSCO','0809','LA CONVENCION','080906','QUELLOUNO'),('08','CUSCO','0809','LA CONVENCION','080907','KIMBIRI','07','CUSCO','0709','LA CONVENCION','070909','KIMBIRI','08','CUSCO','0809','LA CONVENCION','080907','KIMBIRI'),('08','CUSCO','0809','LA CONVENCION','080908','SANTA TERESA','07','CUSCO','0709','LA CONVENCION','070906','SANTA TERESA','08','CUSCO','0809','LA CONVENCION','080908','SANTA TERESA'),('08','CUSCO','0809','LA CONVENCION','080909','VILCABAMBA','07','CUSCO','0709','LA CONVENCION','070907','VILCABAMBA','08','CUSCO','0809','LA CONVENCION','080909','VILCABAMBA'),('08','CUSCO','0809','LA CONVENCION','080910','PICHARI','07','CUSCO','0709','LA CONVENCION','070910','PICHARI','08','CUSCO','0809','LA CONVENCION','080910','PICHARI'),('08','CUSCO','0809','LA CONVENCION','080911','INKAWASI',NULL,NULL,NULL,NULL,NULL,NULL,NULL,NULL,NULL,NULL,NULL,NULL),('08','CUSCO','0809','LA CONVENCION','080912','VILLA VIRGEN',NULL,NULL,NULL,NULL,NULL,NULL,NULL,NULL,NULL,NULL,NULL,NULL),('08','CUSCO','0809','LA CONVENCION','080913','VILLA KINTIARINA',NULL,NULL,NULL,NULL,NULL,NULL,NULL,NULL,NULL,NULL,NULL,NULL),('08','CUSCO','0809','LA CONVENCION','080914','MEGANTONI',NULL,NULL,NULL,NULL,NULL,NULL,NULL,NULL,NULL,NULL,NULL,NULL),('08','CUSCO','0810','PARURO','081001','PARURO','07','CUSCO','0710','PARURO','071001','PARURO','08','CUSCO','0810','PARURO','081001','PARURO'),('08','CUSCO','0810','PARURO','081002','ACCHA','07','CUSCO','0710','PARURO','071002','ACCHA','08','CUSCO','0810','PARURO','081002','ACCHA'),('08','CUSCO','0810','PARURO','081003','CCAPI','07','CUSCO','0710','PARURO','071003','CCAPI','08','CUSCO','0810','PARURO','081003','CCAPI'),('08','CUSCO','0810','PARURO','081004','COLCHA','07','CUSCO','0710','PARURO','071004','COLCHA','08','CUSCO','0810','PARURO','081004','COLCHA'),('08','CUSCO','0810','PARURO','081005','HUANOQUITE','07','CUSCO','0710','PARURO','071005','HUANOQUITE','08','CUSCO','0810','PARURO','081005','HUANOQUITE'),('08','CUSCO','0810','PARURO','081006','OMACHA','07','CUSCO','0710','PARURO','071006','OMACHA','08','CUSCO','0810','PARURO','081006','OMACHA'),('08','CUSCO','0810','PARURO','081007','PACCARITAMBO','07','CUSCO','0710','PARURO','071008','PACCARITAMBO','08','CUSCO','0810','PARURO','081007','PACCARITAMBO'),('08','CUSCO','0810','PARURO','081008','PILLPINTO','07','CUSCO','0710','PARURO','071009','PILLPINTO','08','CUSCO','0810','PARURO','081008','PILLPINTO'),('08','CUSCO','0810','PARURO','081009','YAURISQUE','07','CUSCO','0710','PARURO','071007','YAURISQUE','08','CUSCO','0810','PARURO','081009','YAURISQUE'),('08','CUSCO','0811','PAUCARTAMBO','081101','PAUCARTAMBO','07','CUSCO','0711','PAUCARTAMBO','071101','PAUCARTAMBO','08','CUSCO','0811','PAUCARTAMBO','081101','PAUCARTAMBO'),('08','CUSCO','0811','PAUCARTAMBO','081102','CAICAY','07','CUSCO','0711','PAUCARTAMBO','071102','CAICAY','08','CUSCO','0811','PAUCARTAMBO','081102','CAICAY'),('08','CUSCO','0811','PAUCARTAMBO','081103','CHALLABAMBA','07','CUSCO','0711','PAUCARTAMBO','071104','CHALLABAMBA','08','CUSCO','0811','PAUCARTAMBO','081103','CHALLABAMBA'),('08','CUSCO','0811','PAUCARTAMBO','081104','COLQUEPATA','07','CUSCO','0711','PAUCARTAMBO','071103','COLQUEPATA','08','CUSCO','0811','PAUCARTAMBO','081104','COLQUEPATA'),('08','CUSCO','0811','PAUCARTAMBO','081105','HUANCARANI','07','CUSCO','0711','PAUCARTAMBO','071106','HUANCARANI','08','CUSCO','0811','PAUCARTAMBO','081105','HUANCARANI'),('08','CUSCO','0811','PAUCARTAMBO','081106','KOSÑIPATA','07','CUSCO','0711','PAUCARTAMBO','071105','KOSÑIPATA','08','CUSCO','0811','PAUCARTAMBO','081106','KOSÑIPATA'),('08','CUSCO','0812','QUISPICANCHI','081201','URCOS','07','CUSCO','0712','QUISPICANCHI','071201','URCOS','08','CUSCO','0812','QUISPICANCHI','081201','URCOS'),('08','CUSCO','0812','QUISPICANCHI','081202','ANDAHUAYLILLAS','07','CUSCO','0712','QUISPICANCHI','071202','ANDAHUAYLILLAS','08','CUSCO','0812','QUISPICANCHI','081202','ANDAHUAYLILLAS'),('08','CUSCO','0812','QUISPICANCHI','081203','CAMANTI','07','CUSCO','0712','QUISPICANCHI','071203','CAMANTI','08','CUSCO','0812','QUISPICANCHI','081203','CAMANTI'),('08','CUSCO','0812','QUISPICANCHI','081204','CCARHUAYO','07','CUSCO','0712','QUISPICANCHI','071204','CCARHUAYO','08','CUSCO','0812','QUISPICANCHI','081204','CCARHUAYO'),('08','CUSCO','0812','QUISPICANCHI','081205','CCATCA','07','CUSCO','0712','QUISPICANCHI','071205','CCATCA','08','CUSCO','0812','QUISPICANCHI','081205','CCATCA'),('08','CUSCO','0812','QUISPICANCHI','081206','CUSIPATA','07','CUSCO','0712','QUISPICANCHI','071206','CUSIPATA','08','CUSCO','0812','QUISPICANCHI','081206','CUSIPATA'),('08','CUSCO','0812','QUISPICANCHI','081207','HUARO','07','CUSCO','0712','QUISPICANCHI','071207','HUARO','08','CUSCO','0812','QUISPICANCHI','081207','HUARO'),('08','CUSCO','0812','QUISPICANCHI','081208','LUCRE','07','CUSCO','0712','QUISPICANCHI','071208','LUCRE','08','CUSCO','0812','QUISPICANCHI','081208','LUCRE'),('08','CUSCO','0812','QUISPICANCHI','081209','MARCAPATA','07','CUSCO','0712','QUISPICANCHI','071209','MARCAPATA','08','CUSCO','0812','QUISPICANCHI','081209','MARCAPATA'),('08','CUSCO','0812','QUISPICANCHI','081210','OCONGATE','07','CUSCO','0712','QUISPICANCHI','071210','OCONGATE','08','CUSCO','0812','QUISPICANCHI','081210','OCONGATE'),('08','CUSCO','0812','QUISPICANCHI','081211','OROPESA','07','CUSCO','0712','QUISPICANCHI','071211','OROPESA','08','CUSCO','0812','QUISPICANCHI','081211','OROPESA'),('08','CUSCO','0812','QUISPICANCHI','081212','QUIQUIJANA','07','CUSCO','0712','QUISPICANCHI','071212','QUIQUIJANA','08','CUSCO','0812','QUISPICANCHI','081212','QUIQUIJANA'),('08','CUSCO','0813','URUBAMBA','081301','URUBAMBA','07','CUSCO','0713','URUBAMBA','071301','URUBAMBA','08','CUSCO','0813','URUBAMBA','081301','URUBAMBA'),('08','CUSCO','0813','URUBAMBA','081302','CHINCHERO','07','CUSCO','0713','URUBAMBA','071302','CHINCHERO','08','CUSCO','0813','URUBAMBA','081302','CHINCHERO'),('08','CUSCO','0813','URUBAMBA','081303','HUAYLLABAMBA','07','CUSCO','0713','URUBAMBA','071303','HUAYLLABAMBA','08','CUSCO','0813','URUBAMBA','081303','HUAYLLABAMBA'),('08','CUSCO','0813','URUBAMBA','081304','MACHUPICCHU','07','CUSCO','0713','URUBAMBA','071304','MACHUPICCHU','08','CUSCO','0813','URUBAMBA','081304','MACHUPICCHU'),('08','CUSCO','0813','URUBAMBA','081305','MARAS','07','CUSCO','0713','URUBAMBA','071305','MARAS','08','CUSCO','0813','URUBAMBA','081305','MARAS'),('08','CUSCO','0813','URUBAMBA','081306','OLLANTAYTAMBO','07','CUSCO','0713','URUBAMBA','071306','OLLANTAYTAMBO','08','CUSCO','0813','URUBAMBA','081306','OLLANTAYTAMBO'),('08','CUSCO','0813','URUBAMBA','081307','YUCAY','07','CUSCO','0713','URUBAMBA','071307','YUCAY','08','CUSCO','0813','URUBAMBA','081307','YUCAY'),('09','HUANCAVELICA','0901','HUANCAVELICA','090101','HUANCAVELICA','08','HUANCAVELICA','0801','HUANCAVELICA','080101','HUANCAVELICA','09','HUANCAVELICA','0901','HUANCAVELICA','090101','HUANCAVELICA'),('09','HUANCAVELICA','0901','HUANCAVELICA','090102','ACOBAMBILLA','08','HUANCAVELICA','0801','HUANCAVELICA','080102','ACOBAMBILLA','09','HUANCAVELICA','0901','HUANCAVELICA','090102','ACOBAMBILLA'),('09','HUANCAVELICA','0901','HUANCAVELICA','090103','ACORIA','08','HUANCAVELICA','0801','HUANCAVELICA','080103','ACORIA','09','HUANCAVELICA','0901','HUANCAVELICA','090103','ACORIA'),('09','HUANCAVELICA','0901','HUANCAVELICA','090104','CONAYCA','08','HUANCAVELICA','0801','HUANCAVELICA','080104','CONAYCA','09','HUANCAVELICA','0901','HUANCAVELICA','090104','CONAYCA'),('09','HUANCAVELICA','0901','HUANCAVELICA','090105','CUENCA','08','HUANCAVELICA','0801','HUANCAVELICA','080105','CUENCA','09','HUANCAVELICA','0901','HUANCAVELICA','090105','CUENCA'),('09','HUANCAVELICA','0901','HUANCAVELICA','090106','HUACHOCOLPA','08','HUANCAVELICA','0801','HUANCAVELICA','080106','HUACHOCOLPA','09','HUANCAVELICA','0901','HUANCAVELICA','090106','HUACHOCOLPA'),('09','HUANCAVELICA','0901','HUANCAVELICA','090107','HUAYLLAHUARA','08','HUANCAVELICA','0801','HUANCAVELICA','080108','HUAYLLAHUARA','09','HUANCAVELICA','0901','HUANCAVELICA','090107','HUAYLLAHUARA'),('09','HUANCAVELICA','0901','HUANCAVELICA','090108','IZCUCHACA','08','HUANCAVELICA','0801','HUANCAVELICA','080109','IZCUCHACA','09','HUANCAVELICA','0901','HUANCAVELICA','090108','IZCUCHACA'),('09','HUANCAVELICA','0901','HUANCAVELICA','090109','LARIA','08','HUANCAVELICA','0801','HUANCAVELICA','080110','LARIA','09','HUANCAVELICA','0901','HUANCAVELICA','090109','LARIA'),('09','HUANCAVELICA','0901','HUANCAVELICA','090110','MANTA','08','HUANCAVELICA','0801','HUANCAVELICA','080111','MANTA','09','HUANCAVELICA','0901','HUANCAVELICA','090110','MANTA'),('09','HUANCAVELICA','0901','HUANCAVELICA','090111','MARISCAL CACERES','08','HUANCAVELICA','0801','HUANCAVELICA','080112','MARISCAL CACERES','09','HUANCAVELICA','0901','HUANCAVELICA','090111','MARISCAL CACERES'),('09','HUANCAVELICA','0901','HUANCAVELICA','090112','MOYA','08','HUANCAVELICA','0801','HUANCAVELICA','080113','MOYA','09','HUANCAVELICA','0901','HUANCAVELICA','090112','MOYA'),('09','HUANCAVELICA','0901','HUANCAVELICA','090113','NUEVO OCCORO','08','HUANCAVELICA','0801','HUANCAVELICA','080114','NUEVO OCCORO','09','HUANCAVELICA','0901','HUANCAVELICA','090113','NUEVO OCCORO'),('09','HUANCAVELICA','0901','HUANCAVELICA','090114','PALCA','08','HUANCAVELICA','0801','HUANCAVELICA','080115','PALCA','09','HUANCAVELICA','0901','HUANCAVELICA','090114','PALCA'),('09','HUANCAVELICA','0901','HUANCAVELICA','090115','PILCHACA','08','HUANCAVELICA','0801','HUANCAVELICA','080116','PILCHACA','09','HUANCAVELICA','0901','HUANCAVELICA','090115','PILCHACA'),('09','HUANCAVELICA','0901','HUANCAVELICA','090116','VILCA','08','HUANCAVELICA','0801','HUANCAVELICA','080117','VILCA','09','HUANCAVELICA','0901','HUANCAVELICA','090116','VILCA'),('09','HUANCAVELICA','0901','HUANCAVELICA','090117','YAULI','08','HUANCAVELICA','0801','HUANCAVELICA','080118','YAULI','09','HUANCAVELICA','0901','HUANCAVELICA','090117','YAULI'),('09','HUANCAVELICA','0901','HUANCAVELICA','090118','ASCENSION','08','HUANCAVELICA','0801','HUANCAVELICA','080119','ASCENSION','09','HUANCAVELICA','0901','HUANCAVELICA','090118','ASCENSION'),('09','HUANCAVELICA','0901','HUANCAVELICA','090119','HUANDO','08','HUANCAVELICA','0801','HUANCAVELICA','080120','HUANDO','09','HUANCAVELICA','0901','HUANCAVELICA','090119','HUANDO'),('09','HUANCAVELICA','0902','ACOBAMBA','090201','ACOBAMBA','08','HUANCAVELICA','0802','ACOBAMBA','080201','ACOBAMBA','09','HUANCAVELICA','0902','ACOBAMBA','090201','ACOBAMBA'),('09','HUANCAVELICA','0902','ACOBAMBA','090202','ANDABAMBA','08','HUANCAVELICA','0802','ACOBAMBA','080203','ANDABAMBA','09','HUANCAVELICA','0902','ACOBAMBA','090202','ANDABAMBA'),('09','HUANCAVELICA','0902','ACOBAMBA','090203','ANTA','08','HUANCAVELICA','0802','ACOBAMBA','080202','ANTA','09','HUANCAVELICA','0902','ACOBAMBA','090203','ANTA'),('09','HUANCAVELICA','0902','ACOBAMBA','090204','CAJA','08','HUANCAVELICA','0802','ACOBAMBA','080204','CAJA','09','HUANCAVELICA','0902','ACOBAMBA','090204','CAJA'),('09','HUANCAVELICA','0902','ACOBAMBA','090205','MARCAS','08','HUANCAVELICA','0802','ACOBAMBA','080205','MARCAS','09','HUANCAVELICA','0902','ACOBAMBA','090205','MARCAS'),('09','HUANCAVELICA','0902','ACOBAMBA','090206','PAUCARA','08','HUANCAVELICA','0802','ACOBAMBA','080206','PAUCARA','09','HUANCAVELICA','0902','ACOBAMBA','090206','PAUCARA'),('09','HUANCAVELICA','0902','ACOBAMBA','090207','POMACOCHA','08','HUANCAVELICA','0802','ACOBAMBA','080207','POMACOCHA','09','HUANCAVELICA','0902','ACOBAMBA','090207','POMACOCHA'),('09','HUANCAVELICA','0902','ACOBAMBA','090208','ROSARIO','08','HUANCAVELICA','0802','ACOBAMBA','080208','ROSARIO','09','HUANCAVELICA','0902','ACOBAMBA','090208','ROSARIO'),('09','HUANCAVELICA','0903','ANGARAES','090301','LIRCAY','08','HUANCAVELICA','0803','ANGARAES','080301','LIRCAY','09','HUANCAVELICA','0903','ANGARAES','090301','LIRCAY'),('09','HUANCAVELICA','0903','ANGARAES','090302','ANCHONGA','08','HUANCAVELICA','0803','ANGARAES','080302','ANCHONGA','09','HUANCAVELICA','0903','ANGARAES','090302','ANCHONGA'),('09','HUANCAVELICA','0903','ANGARAES','090303','CALLANMARCA','08','HUANCAVELICA','0803','ANGARAES','080303','CALLANMARCA','09','HUANCAVELICA','0903','ANGARAES','090303','CALLANMARCA'),('09','HUANCAVELICA','0903','ANGARAES','090304','CCOCHACCASA','08','HUANCAVELICA','0803','ANGARAES','080312','CCOCHACCASA','09','HUANCAVELICA','0903','ANGARAES','090304','CCOCHACCASA'),('09','HUANCAVELICA','0903','ANGARAES','090305','CHINCHO','08','HUANCAVELICA','0803','ANGARAES','080305','CHINCHO','09','HUANCAVELICA','0903','ANGARAES','090305','CHINCHO'),('09','HUANCAVELICA','0903','ANGARAES','090306','CONGALLA','08','HUANCAVELICA','0803','ANGARAES','080304','CONGALLA','09','HUANCAVELICA','0903','ANGARAES','090306','CONGALLA'),('09','HUANCAVELICA','0903','ANGARAES','090307','HUANCA-HUANCA','08','HUANCAVELICA','0803','ANGARAES','080307','HUANCA-HUANCA','09','HUANCAVELICA','0903','ANGARAES','090307','HUANCA-HUANCA'),('09','HUANCAVELICA','0903','ANGARAES','090308','HUAYLLAY GRANDE','08','HUANCAVELICA','0803','ANGARAES','080306','HUALLAY-GRANDE','09','HUANCAVELICA','0903','ANGARAES','090308','HUAYLLAY GRANDE'),('09','HUANCAVELICA','0903','ANGARAES','090309','JULCAMARCA','08','HUANCAVELICA','0803','ANGARAES','080308','JULCAMARCA','09','HUANCAVELICA','0903','ANGARAES','090309','JULCAMARCA'),('09','HUANCAVELICA','0903','ANGARAES','090310','SAN ANTONIO DE ANTAPARCO','08','HUANCAVELICA','0803','ANGARAES','080309','SAN ANTONIO DE ANTAPARCO','09','HUANCAVELICA','0903','ANGARAES','090310','SAN ANTONIO DE ANTAPARCO'),('09','HUANCAVELICA','0903','ANGARAES','090311','SANTO TOMAS DE PATA','08','HUANCAVELICA','0803','ANGARAES','080310','SANTO TOMAS DE PATA','09','HUANCAVELICA','0903','ANGARAES','090311','SANTO TOMAS DE PATA'),('09','HUANCAVELICA','0903','ANGARAES','090312','SECCLLA','08','HUANCAVELICA','0803','ANGARAES','080311','SECCLLA','09','HUANCAVELICA','0903','ANGARAES','090312','SECCLLA'),('09','HUANCAVELICA','0904','CASTROVIRREYNA','090401','CASTROVIRREYNA','08','HUANCAVELICA','0804','CASTROVIRREYNA','080401','CASTROVIRREYNA','09','HUANCAVELICA','0904','CASTROVIRREYNA','090401','CASTROVIRREYNA'),('09','HUANCAVELICA','0904','CASTROVIRREYNA','090402','ARMA','08','HUANCAVELICA','0804','CASTROVIRREYNA','080402','ARMA','09','HUANCAVELICA','0904','CASTROVIRREYNA','090402','ARMA'),('09','HUANCAVELICA','0904','CASTROVIRREYNA','090403','AURAHUA','08','HUANCAVELICA','0804','CASTROVIRREYNA','080403','AURAHUA','09','HUANCAVELICA','0904','CASTROVIRREYNA','090403','AURAHUA'),('09','HUANCAVELICA','0904','CASTROVIRREYNA','090404','CAPILLAS','08','HUANCAVELICA','0804','CASTROVIRREYNA','080405','CAPILLAS','09','HUANCAVELICA','0904','CASTROVIRREYNA','090404','CAPILLAS'),('09','HUANCAVELICA','0904','CASTROVIRREYNA','090405','CHUPAMARCA','08','HUANCAVELICA','0804','CASTROVIRREYNA','080408','CHUPAMARCA','09','HUANCAVELICA','0904','CASTROVIRREYNA','090405','CHUPAMARCA'),('09','HUANCAVELICA','0904','CASTROVIRREYNA','090406','COCAS','08','HUANCAVELICA','0804','CASTROVIRREYNA','080406','COCAS','09','HUANCAVELICA','0904','CASTROVIRREYNA','090406','COCAS'),('09','HUANCAVELICA','0904','CASTROVIRREYNA','090407','HUACHOS','08','HUANCAVELICA','0804','CASTROVIRREYNA','080409','HUACHOS','09','HUANCAVELICA','0904','CASTROVIRREYNA','090407','HUACHOS'),('09','HUANCAVELICA','0904','CASTROVIRREYNA','090408','HUAMATAMBO','08','HUANCAVELICA','0804','CASTROVIRREYNA','080410','HUAMATAMBO','09','HUANCAVELICA','0904','CASTROVIRREYNA','090408','HUAMATAMBO'),('09','HUANCAVELICA','0904','CASTROVIRREYNA','090409','MOLLEPAMPA','08','HUANCAVELICA','0804','CASTROVIRREYNA','080414','MOLLEPAMPA','09','HUANCAVELICA','0904','CASTROVIRREYNA','090409','MOLLEPAMPA'),('09','HUANCAVELICA','0904','CASTROVIRREYNA','090410','SAN JUAN','08','HUANCAVELICA','0804','CASTROVIRREYNA','080422','SAN JUAN','09','HUANCAVELICA','0904','CASTROVIRREYNA','090410','SAN JUAN'),('09','HUANCAVELICA','0904','CASTROVIRREYNA','090411','SANTA ANA','08','HUANCAVELICA','0804','CASTROVIRREYNA','080429','SANTA ANA','09','HUANCAVELICA','0904','CASTROVIRREYNA','090411','SANTA ANA'),('09','HUANCAVELICA','0904','CASTROVIRREYNA','090412','TANTARA','08','HUANCAVELICA','0804','CASTROVIRREYNA','080427','TANTARA','09','HUANCAVELICA','0904','CASTROVIRREYNA','090412','TANTARA'),('09','HUANCAVELICA','0904','CASTROVIRREYNA','090413','TICRAPO','08','HUANCAVELICA','0804','CASTROVIRREYNA','080428','TICRAPO','09','HUANCAVELICA','0904','CASTROVIRREYNA','090413','TICRAPO'),('09','HUANCAVELICA','0905','CHURCAMPA','090501','CHURCAMPA','08','HUANCAVELICA','0807','CHURCAMPA','080701','CHURCAMPA','09','HUANCAVELICA','0905','CHURCAMPA','090501','CHURCAMPA'),('09','HUANCAVELICA','0905','CHURCAMPA','090502','ANCO','08','HUANCAVELICA','0807','CHURCAMPA','080702','ANCO','09','HUANCAVELICA','0905','CHURCAMPA','090502','ANCO'),('09','HUANCAVELICA','0905','CHURCAMPA','090503','CHINCHIHUASI','08','HUANCAVELICA','0807','CHURCAMPA','080703','CHINCHIHUASI','09','HUANCAVELICA','0905','CHURCAMPA','090503','CHINCHIHUASI'),('09','HUANCAVELICA','0905','CHURCAMPA','090504','EL CARMEN','08','HUANCAVELICA','0807','CHURCAMPA','080704','EL CARMEN','09','HUANCAVELICA','0905','CHURCAMPA','090504','EL CARMEN'),('09','HUANCAVELICA','0905','CHURCAMPA','090505','LA MERCED','08','HUANCAVELICA','0807','CHURCAMPA','080705','LA MERCED','09','HUANCAVELICA','0905','CHURCAMPA','090505','LA MERCED'),('09','HUANCAVELICA','0905','CHURCAMPA','090506','LOCROJA','08','HUANCAVELICA','0807','CHURCAMPA','080706','LOCROJA','09','HUANCAVELICA','0905','CHURCAMPA','090506','LOCROJA'),('09','HUANCAVELICA','0905','CHURCAMPA','090507','PAUCARBAMBA','08','HUANCAVELICA','0807','CHURCAMPA','080707','PAUCARBAMBA','09','HUANCAVELICA','0905','CHURCAMPA','090507','PAUCARBAMBA'),('09','HUANCAVELICA','0905','CHURCAMPA','090508','SAN MIGUEL DE MAYOCC','08','HUANCAVELICA','0807','CHURCAMPA','080708','SAN MIGUEL DE MAYOCC','09','HUANCAVELICA','0905','CHURCAMPA','090508','SAN MIGUEL DE MAYOCC'),('09','HUANCAVELICA','0905','CHURCAMPA','090509','SAN PEDRO DE CORIS','08','HUANCAVELICA','0807','CHURCAMPA','080709','SAN PEDRO DE CORIS','09','HUANCAVELICA','0905','CHURCAMPA','090509','SAN PEDRO DE CORIS'),('09','HUANCAVELICA','0905','CHURCAMPA','090510','PACHAMARCA','08','HUANCAVELICA','0807','CHURCAMPA','080710','PACHAMARCA','09','HUANCAVELICA','0905','CHURCAMPA','090510','PACHAMARCA'),('09','HUANCAVELICA','0905','CHURCAMPA','090511','COSME','08','HUANCAVELICA','0807','CHURCAMPA','080711','COSME',NULL,NULL,NULL,NULL,NULL,NULL),('09','HUANCAVELICA','0906','HUAYTARA','090601','HUAYTARA','08','HUANCAVELICA','0806','HUAYTARA','080604','HUAYTARA','09','HUANCAVELICA','0906','HUAYTARA','090601','HUAYTARA'),('09','HUANCAVELICA','0906','HUAYTARA','090602','AYAVI','08','HUANCAVELICA','0806','HUAYTARA','080601','AYAVI','09','HUANCAVELICA','0906','HUAYTARA','090602','AYAVI'),('09','HUANCAVELICA','0906','HUAYTARA','090603','CORDOVA','08','HUANCAVELICA','0806','HUAYTARA','080602','CORDOVA','09','HUANCAVELICA','0906','HUAYTARA','090603','CORDOVA'),('09','HUANCAVELICA','0906','HUAYTARA','090604','HUAYACUNDO ARMA','08','HUANCAVELICA','0806','HUAYTARA','080603','HUAYACUNDO ARMA','09','HUANCAVELICA','0906','HUAYTARA','090604','HUAYACUNDO ARMA'),('09','HUANCAVELICA','0906','HUAYTARA','090605','LARAMARCA','08','HUANCAVELICA','0806','HUAYTARA','080605','LARAMARCA','09','HUANCAVELICA','0906','HUAYTARA','090605','LARAMARCA'),('09','HUANCAVELICA','0906','HUAYTARA','090606','OCOYO','08','HUANCAVELICA','0806','HUAYTARA','080606','OCOYO','09','HUANCAVELICA','0906','HUAYTARA','090606','OCOYO'),('09','HUANCAVELICA','0906','HUAYTARA','090607','PILPICHACA','08','HUANCAVELICA','0806','HUAYTARA','080607','PILPICHACA','09','HUANCAVELICA','0906','HUAYTARA','090607','PILPICHACA'),('09','HUANCAVELICA','0906','HUAYTARA','090608','QUERCO','08','HUANCAVELICA','0806','HUAYTARA','080608','QUERCO','09','HUANCAVELICA','0906','HUAYTARA','090608','QUERCO'),('09','HUANCAVELICA','0906','HUAYTARA','090609','QUITO-ARMA','08','HUANCAVELICA','0806','HUAYTARA','080609','QUITO ARMA','09','HUANCAVELICA','0906','HUAYTARA','090609','QUITO-ARMA'),('09','HUANCAVELICA','0906','HUAYTARA','090610','SAN ANTONIO DE CUSICANCHA','08','HUANCAVELICA','0806','HUAYTARA','080610','SAN ANTONIO DE CUSICANCHA','09','HUANCAVELICA','0906','HUAYTARA','090610','SAN ANTONIO DE CUSICANCHA'),('09','HUANCAVELICA','0906','HUAYTARA','090611','SAN FRANCISCO DE SANGAYAICO','08','HUANCAVELICA','0806','HUAYTARA','080611','SAN FRANCISCO DE SANGAYAICO','09','HUANCAVELICA','0906','HUAYTARA','090611','SAN FRANCISCO DE SANGAYAICO'),('09','HUANCAVELICA','0906','HUAYTARA','090612','SAN ISIDRO','08','HUANCAVELICA','0806','HUAYTARA','080612','SAN ISIDRO','09','HUANCAVELICA','0906','HUAYTARA','090612','SAN ISIDRO'),('09','HUANCAVELICA','0906','HUAYTARA','090613','SANTIAGO DE CHOCORVOS','08','HUANCAVELICA','0806','HUAYTARA','080613','SANTIAGO DE CHOCORVOS','09','HUANCAVELICA','0906','HUAYTARA','090613','SANTIAGO DE CHOCORVOS'),('09','HUANCAVELICA','0906','HUAYTARA','090614','SANTIAGO DE QUIRAHUARA','08','HUANCAVELICA','0806','HUAYTARA','080614','SANTIAGO DE QUIRAHUARA','09','HUANCAVELICA','0906','HUAYTARA','090614','SANTIAGO DE QUIRAHUARA'),('09','HUANCAVELICA','0906','HUAYTARA','090615','SANTO DOMINGO DE CAPILLAS','08','HUANCAVELICA','0806','HUAYTARA','080615','SANTO DOMINGO DE CAPILLAS','09','HUANCAVELICA','0906','HUAYTARA','090615','SANTO DOMINGO DE CAPILLAS'),('09','HUANCAVELICA','0906','HUAYTARA','090616','TAMBO','08','HUANCAVELICA','0806','HUAYTARA','080616','TAMBO','09','HUANCAVELICA','0906','HUAYTARA','090616','TAMBO'),('09','HUANCAVELICA','0907','TAYACAJA','090701','PAMPAS','08','HUANCAVELICA','0805','TAYACAJA','080501','PAMPAS','09','HUANCAVELICA','0907','TAYACAJA','090701','PAMPAS'),('09','HUANCAVELICA','0907','TAYACAJA','090702','ACOSTAMBO','08','HUANCAVELICA','0805','TAYACAJA','080502','ACOSTAMBO','09','HUANCAVELICA','0907','TAYACAJA','090702','ACOSTAMBO'),('09','HUANCAVELICA','0907','TAYACAJA','090703','ACRAQUIA','08','HUANCAVELICA','0805','TAYACAJA','080503','ACRAQUIA','09','HUANCAVELICA','0907','TAYACAJA','090703','ACRAQUIA'),('09','HUANCAVELICA','0907','TAYACAJA','090704','AHUAYCHA','08','HUANCAVELICA','0805','TAYACAJA','080504','AHUAYCHA','09','HUANCAVELICA','0907','TAYACAJA','090704','AHUAYCHA'),('09','HUANCAVELICA','0907','TAYACAJA','090705','COLCABAMBA','08','HUANCAVELICA','0805','TAYACAJA','080506','COLCABAMBA','09','HUANCAVELICA','0907','TAYACAJA','090705','COLCABAMBA'),('09','HUANCAVELICA','0907','TAYACAJA','090706','DANIEL HERNANDEZ','08','HUANCAVELICA','0805','TAYACAJA','080509','DANIEL HERNANDEZ','09','HUANCAVELICA','0907','TAYACAJA','090706','DANIEL HERNANDEZ'),('09','HUANCAVELICA','0907','TAYACAJA','090707','HUACHOCOLPA','08','HUANCAVELICA','0805','TAYACAJA','080511','HUACHOCOLPA','09','HUANCAVELICA','0907','TAYACAJA','090707','HUACHOCOLPA'),('09','HUANCAVELICA','0907','TAYACAJA','090708','HUARIBAMBA','08','HUANCAVELICA','0805','TAYACAJA','080512','HUARIBAMBA','09','HUANCAVELICA','0907','TAYACAJA','090709','HUARIBAMBA'),('09','HUANCAVELICA','0907','TAYACAJA','090709','ÑAHUIMPUQUIO','08','HUANCAVELICA','0805','TAYACAJA','080515','ÑAHUIMPUQUIO','09','HUANCAVELICA','0907','TAYACAJA','090710','ÑAHUIMPUQUIO'),('09','HUANCAVELICA','0907','TAYACAJA','090710','PAZOS','08','HUANCAVELICA','0805','TAYACAJA','080517','PAZOS','09','HUANCAVELICA','0907','TAYACAJA','090711','PAZOS'),('09','HUANCAVELICA','0907','TAYACAJA','090711','QUISHUAR','08','HUANCAVELICA','0805','TAYACAJA','080518','QUISHUAR','09','HUANCAVELICA','0907','TAYACAJA','090713','QUISHUAR'),('09','HUANCAVELICA','0907','TAYACAJA','090712','SALCABAMBA','08','HUANCAVELICA','0805','TAYACAJA','080519','SALCABAMBA','09','HUANCAVELICA','0907','TAYACAJA','090714','SALCABAMBA'),('09','HUANCAVELICA','0907','TAYACAJA','090713','SALCAHUASI','08','HUANCAVELICA','0805','TAYACAJA','080526','SALCAHUASI','09','HUANCAVELICA','0907','TAYACAJA','090715','SALCAHUASI'),('09','HUANCAVELICA','0907','TAYACAJA','090714','SAN MARCOS DE ROCCHAC','08','HUANCAVELICA','0805','TAYACAJA','080520','SAN MARCOS DE ROCCHAC','09','HUANCAVELICA','0907','TAYACAJA','090716','SAN MARCOS DE ROCCHAC'),('09','HUANCAVELICA','0907','TAYACAJA','090715','SURCUBAMBA','08','HUANCAVELICA','0805','TAYACAJA','080523','SURCUBAMBA','09','HUANCAVELICA','0907','TAYACAJA','090717','SURCUBAMBA'),('09','HUANCAVELICA','0907','TAYACAJA','090716','TINTAY PUNCU','08','HUANCAVELICA','0805','TAYACAJA','080525','TINTAY PUNCU','09','HUANCAVELICA','0907','TAYACAJA','090718','TINTAY PUNCU'),('09','HUANCAVELICA','0907','TAYACAJA','090717','QUICHUAS',NULL,NULL,NULL,NULL,NULL,NULL,NULL,NULL,NULL,NULL,NULL,NULL),('09','HUANCAVELICA','0907','TAYACAJA','090718','ANDAYMARCA',NULL,NULL,NULL,NULL,NULL,NULL,NULL,NULL,NULL,NULL,NULL,NULL),('09','HUANCAVELICA','0907','TAYACAJA','090719','ROBLE',NULL,NULL,NULL,NULL,NULL,NULL,NULL,NULL,NULL,NULL,NULL,NULL),('09','HUANCAVELICA','0907','TAYACAJA','090720','PICHOS',NULL,NULL,NULL,NULL,NULL,NULL,NULL,NULL,NULL,NULL,NULL,NULL),('09','HUANCAVELICA','0907','TAYACAJA','090721','SANTIAGO DE TUCUMA',NULL,NULL,NULL,NULL,NULL,NULL,NULL,NULL,NULL,NULL,NULL,NULL),('10','HUANUCO','1001','HUANUCO','100101','HUANUCO','09','HUANUCO','0901','HUANUCO','090101','HUANUCO','10','HUANUCO','1001','HUANUCO','100101','HUANUCO'),('10','HUANUCO','1001','HUANUCO','100102','AMARILIS','09','HUANUCO','0901','HUANUCO','090110','AMARILIS','10','HUANUCO','1001','HUANUCO','100102','AMARILIS'),('10','HUANUCO','1001','HUANUCO','100103','CHINCHAO','09','HUANUCO','0901','HUANUCO','090102','CHINCHAO','10','HUANUCO','1001','HUANUCO','100103','CHINCHAO'),('10','HUANUCO','1001','HUANUCO','100104','CHURUBAMBA','09','HUANUCO','0901','HUANUCO','090103','CHURUBAMBA','10','HUANUCO','1001','HUANUCO','100104','CHURUBAMBA'),('10','HUANUCO','1001','HUANUCO','100105','MARGOS','09','HUANUCO','0901','HUANUCO','090104','MARGOS','10','HUANUCO','1001','HUANUCO','100105','MARGOS'),('10','HUANUCO','1001','HUANUCO','100106','QUISQUI (KICHKI)','09','HUANUCO','0901','HUANUCO','090105','QUISQUI','10','HUANUCO','1001','HUANUCO','100106','QUISQUI'),('10','HUANUCO','1001','HUANUCO','100107','SAN FRANCISCO DE CAYRAN','09','HUANUCO','0901','HUANUCO','090106','SAN FRANCISCO DE CAYRAN','10','HUANUCO','1001','HUANUCO','100107','SAN FRANCISCO DE CAYRAN'),('10','HUANUCO','1001','HUANUCO','100108','SAN PEDRO DE CHAULAN','09','HUANUCO','0901','HUANUCO','090107','SAN PEDRO DE CHAULAN','10','HUANUCO','1001','HUANUCO','100108','SAN PEDRO DE CHAULAN'),('10','HUANUCO','1001','HUANUCO','100109','SANTA MARIA DEL VALLE','09','HUANUCO','0901','HUANUCO','090108','SANTA MARIA DEL VALLE','10','HUANUCO','1001','HUANUCO','100109','SANTA MARIA DEL VALLE'),('10','HUANUCO','1001','HUANUCO','100110','YARUMAYO','09','HUANUCO','0901','HUANUCO','090109','YARUMAYO','10','HUANUCO','1001','HUANUCO','100110','YARUMAYO'),('10','HUANUCO','1001','HUANUCO','100111','PILLCO MARCA','09','HUANUCO','0901','HUANUCO','090111','PILLCO MARCA','10','HUANUCO','1001','HUANUCO','100111','PILLCO MARCA'),('10','HUANUCO','1001','HUANUCO','100112','YACUS','09','HUANUCO','0901','HUANUCO','090112','YACUS',NULL,NULL,NULL,NULL,NULL,NULL),('10','HUANUCO','1001','HUANUCO','100113','SAN PABLO DE PILLAO',NULL,NULL,NULL,NULL,NULL,NULL,NULL,NULL,NULL,NULL,NULL,NULL),('10','HUANUCO','1002','AMBO','100201','AMBO','09','HUANUCO','0902','AMBO','090201','AMBO','10','HUANUCO','1002','AMBO','100201','AMBO'),('10','HUANUCO','1002','AMBO','100202','CAYNA','09','HUANUCO','0902','AMBO','090202','CAYNA','10','HUANUCO','1002','AMBO','100202','CAYNA'),('10','HUANUCO','1002','AMBO','100203','COLPAS','09','HUANUCO','0902','AMBO','090203','COLPAS','10','HUANUCO','1002','AMBO','100203','COLPAS'),('10','HUANUCO','1002','AMBO','100204','CONCHAMARCA','09','HUANUCO','0902','AMBO','090204','CONCHAMARCA','10','HUANUCO','1002','AMBO','100204','CONCHAMARCA'),('10','HUANUCO','1002','AMBO','100205','HUACAR','09','HUANUCO','0902','AMBO','090205','HUACAR','10','HUANUCO','1002','AMBO','100205','HUACAR'),('10','HUANUCO','1002','AMBO','100206','SAN FRANCISCO','09','HUANUCO','0902','AMBO','090206','SAN FRANCISCO','10','HUANUCO','1002','AMBO','100206','SAN FRANCISCO'),('10','HUANUCO','1002','AMBO','100207','SAN RAFAEL','09','HUANUCO','0902','AMBO','090207','SAN RAFAEL','10','HUANUCO','1002','AMBO','100207','SAN RAFAEL'),('10','HUANUCO','1002','AMBO','100208','TOMAY KICHWA','09','HUANUCO','0902','AMBO','090208','TOMAY-KICHWA','10','HUANUCO','1002','AMBO','100208','TOMAY KICHWA'),('10','HUANUCO','1003','DOS DE MAYO','100301','LA UNION','09','HUANUCO','0903','DOS DE MAYO','090301','LA UNION','10','HUANUCO','1003','DOS DE MAYO','100301','LA UNION'),('10','HUANUCO','1003','DOS DE MAYO','100307','CHUQUIS','09','HUANUCO','0903','DOS DE MAYO','090307','CHUQUIS','10','HUANUCO','1003','DOS DE MAYO','100307','CHUQUIS'),('10','HUANUCO','1003','DOS DE MAYO','100311','MARIAS','09','HUANUCO','0903','DOS DE MAYO','090312','MARIAS','10','HUANUCO','1003','DOS DE MAYO','100311','MARIAS'),('10','HUANUCO','1003','DOS DE MAYO','100313','PACHAS','09','HUANUCO','0903','DOS DE MAYO','090314','PACHAS','10','HUANUCO','1003','DOS DE MAYO','100313','PACHAS'),('10','HUANUCO','1003','DOS DE MAYO','100316','QUIVILLA','09','HUANUCO','0903','DOS DE MAYO','090316','QUIVILLA','10','HUANUCO','1003','DOS DE MAYO','100316','QUIVILLA'),('10','HUANUCO','1003','DOS DE MAYO','100317','RIPAN','09','HUANUCO','0903','DOS DE MAYO','090317','RIPAN','10','HUANUCO','1003','DOS DE MAYO','100317','RIPAN'),('10','HUANUCO','1003','DOS DE MAYO','100321','SHUNQUI','09','HUANUCO','0903','DOS DE MAYO','090321','SHUNQUI','10','HUANUCO','1003','DOS DE MAYO','100321','SHUNQUI'),('10','HUANUCO','1003','DOS DE MAYO','100322','SILLAPATA','09','HUANUCO','0903','DOS DE MAYO','090322','SILLAPATA','10','HUANUCO','1003','DOS DE MAYO','100322','SILLAPATA'),('10','HUANUCO','1003','DOS DE MAYO','100323','YANAS','09','HUANUCO','0903','DOS DE MAYO','090323','YANAS','10','HUANUCO','1003','DOS DE MAYO','100323','YANAS'),('10','HUANUCO','1004','HUACAYBAMBA','100401','HUACAYBAMBA','09','HUANUCO','0909','HUACAYBAMBA','090901','HUACAYBAMBA','10','HUANUCO','1004','HUACAYBAMBA','100401','HUACAYBAMBA'),('10','HUANUCO','1004','HUACAYBAMBA','100402','CANCHABAMBA','09','HUANUCO','0909','HUACAYBAMBA','090903','CANCHABAMBA','10','HUANUCO','1004','HUACAYBAMBA','100402','CANCHABAMBA'),('10','HUANUCO','1004','HUACAYBAMBA','100403','COCHABAMBA','09','HUANUCO','0909','HUACAYBAMBA','090904','COCHABAMBA','10','HUANUCO','1004','HUACAYBAMBA','100403','COCHABAMBA'),('10','HUANUCO','1004','HUACAYBAMBA','100404','PINRA','09','HUANUCO','0909','HUACAYBAMBA','090902','PINRA','10','HUANUCO','1004','HUACAYBAMBA','100404','PINRA'),('10','HUANUCO','1005','HUAMALIES','100501','LLATA','09','HUANUCO','0904','HUAMALIES','090401','LLATA','10','HUANUCO','1005','HUAMALIES','100501','LLATA'),('10','HUANUCO','1005','HUAMALIES','100502','ARANCAY','09','HUANUCO','0904','HUAMALIES','090402','ARANCAY','10','HUANUCO','1005','HUAMALIES','100502','ARANCAY'),('10','HUANUCO','1005','HUAMALIES','100503','CHAVIN DE PARIARCA','09','HUANUCO','0904','HUAMALIES','090403','CHAVIN DE PARIARCA','10','HUANUCO','1005','HUAMALIES','100503','CHAVIN DE PARIARCA'),('10','HUANUCO','1005','HUAMALIES','100504','JACAS GRANDE','09','HUANUCO','0904','HUAMALIES','090404','JACAS GRANDE','10','HUANUCO','1005','HUAMALIES','100504','JACAS GRANDE'),('10','HUANUCO','1005','HUAMALIES','100505','JIRCAN','09','HUANUCO','0904','HUAMALIES','090405','JIRCAN','10','HUANUCO','1005','HUAMALIES','100505','JIRCAN'),('10','HUANUCO','1005','HUAMALIES','100506','MIRAFLORES','09','HUANUCO','0904','HUAMALIES','090406','MIRAFLORES','10','HUANUCO','1005','HUAMALIES','100506','MIRAFLORES'),('10','HUANUCO','1005','HUAMALIES','100507','MONZON','09','HUANUCO','0904','HUAMALIES','090407','MONZON','10','HUANUCO','1005','HUAMALIES','100507','MONZON'),('10','HUANUCO','1005','HUAMALIES','100508','PUNCHAO','09','HUANUCO','0904','HUAMALIES','090408','PUNCHAO','10','HUANUCO','1005','HUAMALIES','100508','PUNCHAO'),('10','HUANUCO','1005','HUAMALIES','100509','PUÑOS','09','HUANUCO','0904','HUAMALIES','090409','PUÑOS','10','HUANUCO','1005','HUAMALIES','100509','PUÑOS'),('10','HUANUCO','1005','HUAMALIES','100510','SINGA','09','HUANUCO','0904','HUAMALIES','090410','SINGA','10','HUANUCO','1005','HUAMALIES','100510','SINGA'),('10','HUANUCO','1005','HUAMALIES','100511','TANTAMAYO','09','HUANUCO','0904','HUAMALIES','090411','TANTAMAYO','10','HUANUCO','1005','HUAMALIES','100511','TANTAMAYO'),('10','HUANUCO','1006','LEONCIO PRADO','100601','RUPA-RUPA','09','HUANUCO','0906','LEONCIO PRADO','090601','RUPA-RUPA','10','HUANUCO','1006','LEONCIO PRADO','100601','RUPA-RUPA'),('10','HUANUCO','1006','LEONCIO PRADO','100602','DANIEL ALOMIA ROBLES','09','HUANUCO','0906','LEONCIO PRADO','090602','DANIEL ALOMIA ROBLES','10','HUANUCO','1006','LEONCIO PRADO','100602','DANIEL ALOMIA ROBLES'),('10','HUANUCO','1006','LEONCIO PRADO','100603','HERMILIO VALDIZAN','09','HUANUCO','0906','LEONCIO PRADO','090603','HERMILIO VALDIZAN','10','HUANUCO','1006','LEONCIO PRADO','100603','HERMILIO VALDIZAN'),('10','HUANUCO','1006','LEONCIO PRADO','100604','JOSE CRESPO Y CASTILLO','09','HUANUCO','0906','LEONCIO PRADO','090606','JOSE CRESPO Y CASTILLO','10','HUANUCO','1006','LEONCIO PRADO','100604','JOSE CRESPO Y CASTILLO'),('10','HUANUCO','1006','LEONCIO PRADO','100605','LUYANDO','09','HUANUCO','0906','LEONCIO PRADO','090604','LUYANDO','10','HUANUCO','1006','LEONCIO PRADO','100605','LUYANDO 1/'),('10','HUANUCO','1006','LEONCIO PRADO','100606','MARIANO DAMASO BERAUN','09','HUANUCO','0906','LEONCIO PRADO','090605','MARIANO DAMASO BERAUN','10','HUANUCO','1006','LEONCIO PRADO','100606','MARIANO DAMASO BERAUN'),('10','HUANUCO','1006','LEONCIO PRADO','100607','PUCAYACU',NULL,NULL,NULL,NULL,NULL,NULL,NULL,NULL,NULL,NULL,NULL,NULL),('10','HUANUCO','1006','LEONCIO PRADO','100608','CASTILLO GRANDE',NULL,NULL,NULL,NULL,NULL,NULL,NULL,NULL,NULL,NULL,NULL,NULL),('10','HUANUCO','1006','LEONCIO PRADO','100609','PUEBLO NUEVO',NULL,NULL,NULL,NULL,NULL,NULL,NULL,NULL,NULL,NULL,NULL,NULL),('10','HUANUCO','1006','LEONCIO PRADO','100610','SANTO DOMINGO DE ANDA',NULL,NULL,NULL,NULL,NULL,NULL,NULL,NULL,NULL,NULL,NULL,NULL),('10','HUANUCO','1007','MARAÑON','100701','HUACRACHUCO','09','HUANUCO','0905','MARAÑON','090501','HUACRACHUCO','10','HUANUCO','1007','MARAÑON','100701','HUACRACHUCO'),('10','HUANUCO','1007','MARAÑON','100702','CHOLON','09','HUANUCO','0905','MARAÑON','090502','CHOLON','10','HUANUCO','1007','MARAÑON','100702','CHOLON'),('10','HUANUCO','1007','MARAÑON','100703','SAN BUENAVENTURA','09','HUANUCO','0905','MARAÑON','090505','SAN BUENAVENTURA','10','HUANUCO','1007','MARAÑON','100703','SAN BUENAVENTURA'),('10','HUANUCO','1007','MARAÑON','100704','LA MORADA',NULL,NULL,NULL,NULL,NULL,NULL,NULL,NULL,NULL,NULL,NULL,NULL),('10','HUANUCO','1007','MARAÑON','100705','SANTA ROSA DE ALTO YANAJANCA',NULL,NULL,NULL,NULL,NULL,NULL,NULL,NULL,NULL,NULL,NULL,NULL),('10','HUANUCO','1008','PACHITEA','100801','PANAO','09','HUANUCO','0907','PACHITEA','090701','PANAO','10','HUANUCO','1008','PACHITEA','100801','PANAO'),('10','HUANUCO','1008','PACHITEA','100802','CHAGLLA','09','HUANUCO','0907','PACHITEA','090702','CHAGLLA','10','HUANUCO','1008','PACHITEA','100802','CHAGLLA'),('10','HUANUCO','1008','PACHITEA','100803','MOLINO','09','HUANUCO','0907','PACHITEA','090704','MOLINO','10','HUANUCO','1008','PACHITEA','100803','MOLINO'),('10','HUANUCO','1008','PACHITEA','100804','UMARI','09','HUANUCO','0907','PACHITEA','090706','UMARI','10','HUANUCO','1008','PACHITEA','100804','UMARI'),('10','HUANUCO','1009','PUERTO INCA','100901','PUERTO INCA','09','HUANUCO','0908','PUERTO INCA','090802','PUERTO INCA','10','HUANUCO','1009','PUERTO INCA','100901','PUERTO INCA'),('10','HUANUCO','1009','PUERTO INCA','100902','CODO DEL POZUZO','09','HUANUCO','0908','PUERTO INCA','090803','CODO DEL POZUZO','10','HUANUCO','1009','PUERTO INCA','100902','CODO DEL POZUZO'),('10','HUANUCO','1009','PUERTO INCA','100903','HONORIA','09','HUANUCO','0908','PUERTO INCA','090801','HONORIA','10','HUANUCO','1009','PUERTO INCA','100903','HONORIA'),('10','HUANUCO','1009','PUERTO INCA','100904','TOURNAVISTA','09','HUANUCO','0908','PUERTO INCA','090804','TOURNAVISTA','10','HUANUCO','1009','PUERTO INCA','100904','TOURNAVISTA'),('10','HUANUCO','1009','PUERTO INCA','100905','YUYAPICHIS','09','HUANUCO','0908','PUERTO INCA','090805','YUYAPICHIS','10','HUANUCO','1009','PUERTO INCA','100905','YUYAPICHIS'),('10','HUANUCO','1010','LAURICOCHA','101001','JESUS','09','HUANUCO','0910','LAURICOCHA','091001','JESUS','10','HUANUCO','1010','LAURICOCHA','101001','JESUS'),('10','HUANUCO','1010','LAURICOCHA','101002','BAÑOS','09','HUANUCO','0910','LAURICOCHA','091002','BAÑOS','10','HUANUCO','1010','LAURICOCHA','101002','BAÑOS'),('10','HUANUCO','1010','LAURICOCHA','101003','JIVIA','09','HUANUCO','0910','LAURICOCHA','091007','JIVIA','10','HUANUCO','1010','LAURICOCHA','101003','JIVIA'),('10','HUANUCO','1010','LAURICOCHA','101004','QUEROPALCA','09','HUANUCO','0910','LAURICOCHA','091004','QUEROPALCA','10','HUANUCO','1010','LAURICOCHA','101004','QUEROPALCA'),('10','HUANUCO','1010','LAURICOCHA','101005','RONDOS','09','HUANUCO','0910','LAURICOCHA','091006','RONDOS','10','HUANUCO','1010','LAURICOCHA','101005','RONDOS'),('10','HUANUCO','1010','LAURICOCHA','101006','SAN FRANCISCO DE ASIS','09','HUANUCO','0910','LAURICOCHA','091003','SAN FRANCISCO DE ASIS','10','HUANUCO','1010','LAURICOCHA','101006','SAN FRANCISCO DE ASIS'),('10','HUANUCO','1010','LAURICOCHA','101007','SAN MIGUEL DE CAURI','09','HUANUCO','0910','LAURICOCHA','091005','SAN MIGUEL DE CAURI','10','HUANUCO','1010','LAURICOCHA','101007','SAN MIGUEL DE CAURI'),('10','HUANUCO','1011','YAROWILCA','101101','CHAVINILLO','09','HUANUCO','0911','YAROWILCA','091101','CHAVINILLO','10','HUANUCO','1011','YAROWILCA','101101','CHAVINILLO'),('10','HUANUCO','1011','YAROWILCA','101102','CAHUAC','09','HUANUCO','0911','YAROWILCA','091103','CAHUAC','10','HUANUCO','1011','YAROWILCA','101102','CAHUAC'),('10','HUANUCO','1011','YAROWILCA','101103','CHACABAMBA','09','HUANUCO','0911','YAROWILCA','091104','CHACABAMBA','10','HUANUCO','1011','YAROWILCA','101103','CHACABAMBA'),('10','HUANUCO','1011','YAROWILCA','101104','APARICIO POMARES','09','HUANUCO','0911','YAROWILCA','091102','APARICIO POMARES','10','HUANUCO','1011','YAROWILCA','101104','APARICIO POMARES'),('10','HUANUCO','1011','YAROWILCA','101105','JACAS CHICO','09','HUANUCO','0911','YAROWILCA','091105','JACAS CHICO','10','HUANUCO','1011','YAROWILCA','101105','JACAS CHICO'),('10','HUANUCO','1011','YAROWILCA','101106','OBAS','09','HUANUCO','0911','YAROWILCA','091106','OBAS','10','HUANUCO','1011','YAROWILCA','101106','OBAS'),('10','HUANUCO','1011','YAROWILCA','101107','PAMPAMARCA','09','HUANUCO','0911','YAROWILCA','091107','PAMPAMARCA','10','HUANUCO','1011','YAROWILCA','101107','PAMPAMARCA'),('10','HUANUCO','1011','YAROWILCA','101108','CHORAS','09','HUANUCO','0911','YAROWILCA','091108','CHORAS','10','HUANUCO','1011','YAROWILCA','101108','CHORAS'),('11','ICA','1101','ICA','110101','ICA','10','ICA','1001','ICA','100101','ICA','11','ICA','1101','ICA','110101','ICA'),('11','ICA','1101','ICA','110102','LA TINGUIÑA','10','ICA','1001','ICA','100102','LA TINGUIÑA','11','ICA','1101','ICA','110102','LA TINGUIÑA'),('11','ICA','1101','ICA','110103','LOS AQUIJES','10','ICA','1001','ICA','100103','LOS AQUIJES','11','ICA','1101','ICA','110103','LOS AQUIJES'),('11','ICA','1101','ICA','110104','OCUCAJE','10','ICA','1001','ICA','100114','OCUCAJE','11','ICA','1101','ICA','110104','OCUCAJE'),('11','ICA','1101','ICA','110105','PACHACUTEC','10','ICA','1001','ICA','100113','PACHACUTEC','11','ICA','1101','ICA','110105','PACHACUTEC'),('11','ICA','1101','ICA','110106','PARCONA','10','ICA','1001','ICA','100104','PARCONA','11','ICA','1101','ICA','110106','PARCONA'),('11','ICA','1101','ICA','110107','PUEBLO NUEVO','10','ICA','1001','ICA','100105','PUEBLO NUEVO','11','ICA','1101','ICA','110107','PUEBLO NUEVO'),('11','ICA','1101','ICA','110108','SALAS','10','ICA','1001','ICA','100106','SALAS','11','ICA','1101','ICA','110108','SALAS'),('11','ICA','1101','ICA','110109','SAN JOSE DE LOS MOLINOS','10','ICA','1001','ICA','100107','SAN JOSE DE LOS MOLINOS','11','ICA','1101','ICA','110109','SAN JOSE DE LOS MOLINOS'),('11','ICA','1101','ICA','110110','SAN JUAN BAUTISTA','10','ICA','1001','ICA','100108','SAN JUAN BAUTISTA','11','ICA','1101','ICA','110110','SAN JUAN BAUTISTA'),('11','ICA','1101','ICA','110111','SANTIAGO','10','ICA','1001','ICA','100109','SANTIAGO','11','ICA','1101','ICA','110111','SANTIAGO'),('11','ICA','1101','ICA','110112','SUBTANJALLA','10','ICA','1001','ICA','100110','SUBTANJALLA','11','ICA','1101','ICA','110112','SUBTANJALLA'),('11','ICA','1101','ICA','110113','TATE','10','ICA','1001','ICA','100112','TATE','11','ICA','1101','ICA','110113','TATE'),('11','ICA','1101','ICA','110114','YAUCA DEL ROSARIO','10','ICA','1001','ICA','100111','YAUCA DEL ROSARIO','11','ICA','1101','ICA','110114','YAUCA DEL ROSARIO  1/'),('11','ICA','1102','CHINCHA','110201','CHINCHA ALTA','10','ICA','1002','CHINCHA','100201','CHINCHA ALTA','11','ICA','1102','CHINCHA','110201','CHINCHA ALTA'),('11','ICA','1102','CHINCHA','110202','ALTO LARAN','10','ICA','1002','CHINCHA','100209','ALTO LARAN','11','ICA','1102','CHINCHA','110202','ALTO LARAN'),('11','ICA','1102','CHINCHA','110203','CHAVIN','10','ICA','1002','CHINCHA','100202','CHAVIN','11','ICA','1102','CHINCHA','110203','CHAVIN'),('11','ICA','1102','CHINCHA','110204','CHINCHA BAJA','10','ICA','1002','CHINCHA','100203','CHINCHA BAJA','11','ICA','1102','CHINCHA','110204','CHINCHA BAJA'),('11','ICA','1102','CHINCHA','110205','EL CARMEN','10','ICA','1002','CHINCHA','100204','EL CARMEN','11','ICA','1102','CHINCHA','110205','EL CARMEN'),('11','ICA','1102','CHINCHA','110206','GROCIO PRADO','10','ICA','1002','CHINCHA','100205','GROCIO PRADO','11','ICA','1102','CHINCHA','110206','GROCIO PRADO'),('11','ICA','1102','CHINCHA','110207','PUEBLO NUEVO','10','ICA','1002','CHINCHA','100210','PUEBLO NUEVO','11','ICA','1102','CHINCHA','110207','PUEBLO NUEVO'),('11','ICA','1102','CHINCHA','110208','SAN JUAN DE YANAC','10','ICA','1002','CHINCHA','100211','SAN JUAN DE YANAC','11','ICA','1102','CHINCHA','110208','SAN JUAN DE YANAC'),('11','ICA','1102','CHINCHA','110209','SAN PEDRO DE HUACARPANA','10','ICA','1002','CHINCHA','100206','SAN PEDRO DE HUACARPANA','11','ICA','1102','CHINCHA','110209','SAN PEDRO DE HUACARPANA'),('11','ICA','1102','CHINCHA','110210','SUNAMPE','10','ICA','1002','CHINCHA','100207','SUNAMPE','11','ICA','1102','CHINCHA','110210','SUNAMPE'),('11','ICA','1102','CHINCHA','110211','TAMBO DE MORA','10','ICA','1002','CHINCHA','100208','TAMBO DE MORA','11','ICA','1102','CHINCHA','110211','TAMBO DE MORA'),('11','ICA','1103','NASCA','110301','NASCA','10','ICA','1003','NAZCA','100301','NAZCA','11','ICA','1103','NAZCA','110301','NAZCA'),('11','ICA','1103','NASCA','110302','CHANGUILLO','10','ICA','1003','NAZCA','100302','CHANGUILLO','11','ICA','1103','NAZCA','110302','CHANGUILLO'),('11','ICA','1103','NASCA','110303','EL INGENIO','10','ICA','1003','NAZCA','100303','EL INGENIO','11','ICA','1103','NAZCA','110303','EL INGENIO'),('11','ICA','1103','NASCA','110304','MARCONA','10','ICA','1003','NAZCA','100304','MARCONA','11','ICA','1103','NAZCA','110304','MARCONA'),('11','ICA','1103','NASCA','110305','VISTA ALEGRE','10','ICA','1003','NAZCA','100305','VISTA ALEGRE','11','ICA','1103','NAZCA','110305','VISTA ALEGRE'),('11','ICA','1104','PALPA','110401','PALPA','10','ICA','1005','PALPA','100501','PALPA','11','ICA','1104','PALPA','110401','PALPA'),('11','ICA','1104','PALPA','110402','LLIPATA','10','ICA','1005','PALPA','100502','LLIPATA','11','ICA','1104','PALPA','110402','LLIPATA'),('11','ICA','1104','PALPA','110403','RIO GRANDE','10','ICA','1005','PALPA','100503','RIO GRANDE','11','ICA','1104','PALPA','110403','RIO GRANDE'),('11','ICA','1104','PALPA','110404','SANTA CRUZ','10','ICA','1005','PALPA','100504','SANTA CRUZ','11','ICA','1104','PALPA','110404','SANTA CRUZ'),('11','ICA','1104','PALPA','110405','TIBILLO','10','ICA','1005','PALPA','100505','TIBILLO','11','ICA','1104','PALPA','110405','TIBILLO'),('11','ICA','1105','PISCO','110501','PISCO','10','ICA','1004','PISCO','100401','PISCO','11','ICA','1105','PISCO','110501','PISCO'),('11','ICA','1105','PISCO','110502','HUANCANO','10','ICA','1004','PISCO','100402','HUANCANO','11','ICA','1105','PISCO','110502','HUANCANO'),('11','ICA','1105','PISCO','110503','HUMAY','10','ICA','1004','PISCO','100403','HUMAY','11','ICA','1105','PISCO','110503','HUMAY'),('11','ICA','1105','PISCO','110504','INDEPENDENCIA','10','ICA','1004','PISCO','100404','INDEPENDENCIA','11','ICA','1105','PISCO','110504','INDEPENDENCIA'),('11','ICA','1105','PISCO','110505','PARACAS','10','ICA','1004','PISCO','100405','PARACAS','11','ICA','1105','PISCO','110505','PARACAS'),('11','ICA','1105','PISCO','110506','SAN ANDRES','10','ICA','1004','PISCO','100406','SAN ANDRES','11','ICA','1105','PISCO','110506','SAN ANDRES'),('11','ICA','1105','PISCO','110507','SAN CLEMENTE','10','ICA','1004','PISCO','100407','SAN CLEMENTE','11','ICA','1105','PISCO','110507','SAN CLEMENTE'),('11','ICA','1105','PISCO','110508','TUPAC AMARU INCA','10','ICA','1004','PISCO','100408','TUPAC AMARU INCA','11','ICA','1105','PISCO','110508','TUPAC AMARU INCA'),('12','JUNIN','1201','HUANCAYO','120101','HUANCAYO','11','JUNIN','1101','HUANCAYO','110101','HUANCAYO','12','JUNIN','1201','HUANCAYO','120101','HUANCAYO'),('12','JUNIN','1201','HUANCAYO','120104','CARHUACALLANGA','11','JUNIN','1101','HUANCAYO','110103','CARHUACALLANGA','12','JUNIN','1201','HUANCAYO','120104','CARHUACALLANGA'),('12','JUNIN','1201','HUANCAYO','120105','CHACAPAMPA','11','JUNIN','1101','HUANCAYO','110106','CHACAPAMPA','12','JUNIN','1201','HUANCAYO','120105','CHACAPAMPA'),('12','JUNIN','1201','HUANCAYO','120106','CHICCHE','11','JUNIN','1101','HUANCAYO','110107','CHICCHE','12','JUNIN','1201','HUANCAYO','120106','CHICCHE'),('12','JUNIN','1201','HUANCAYO','120107','CHILCA','11','JUNIN','1101','HUANCAYO','110108','CHILCA','12','JUNIN','1201','HUANCAYO','120107','CHILCA'),('12','JUNIN','1201','HUANCAYO','120108','CHONGOS ALTO','11','JUNIN','1101','HUANCAYO','110109','CHONGOS ALTO','12','JUNIN','1201','HUANCAYO','120108','CHONGOS ALTO'),('12','JUNIN','1201','HUANCAYO','120111','CHUPURO','11','JUNIN','1101','HUANCAYO','110112','CHUPURO','12','JUNIN','1201','HUANCAYO','120111','CHUPURO'),('12','JUNIN','1201','HUANCAYO','120112','COLCA','11','JUNIN','1101','HUANCAYO','110104','COLCA','12','JUNIN','1201','HUANCAYO','120112','COLCA'),('12','JUNIN','1201','HUANCAYO','120113','CULLHUAS','11','JUNIN','1101','HUANCAYO','110105','CULLHUAS','12','JUNIN','1201','HUANCAYO','120113','CULLHUAS'),('12','JUNIN','1201','HUANCAYO','120114','EL TAMBO','11','JUNIN','1101','HUANCAYO','110113','EL TAMBO','12','JUNIN','1201','HUANCAYO','120114','EL TAMBO'),('12','JUNIN','1201','HUANCAYO','120116','HUACRAPUQUIO','11','JUNIN','1101','HUANCAYO','110114','HUACRAPUQUIO','12','JUNIN','1201','HUANCAYO','120116','HUACRAPUQUIO'),('12','JUNIN','1201','HUANCAYO','120117','HUALHUAS','11','JUNIN','1101','HUANCAYO','110116','HUALHUAS','12','JUNIN','1201','HUANCAYO','120117','HUALHUAS'),('12','JUNIN','1201','HUANCAYO','120119','HUANCAN','11','JUNIN','1101','HUANCAYO','110118','HUANCAN','12','JUNIN','1201','HUANCAYO','120119','HUANCAN'),('12','JUNIN','1201','HUANCAYO','120120','HUASICANCHA','11','JUNIN','1101','HUANCAYO','110119','HUASICANCHA','12','JUNIN','1201','HUANCAYO','120120','HUASICANCHA'),('12','JUNIN','1201','HUANCAYO','120121','HUAYUCACHI','11','JUNIN','1101','HUANCAYO','110120','HUAYUCACHI','12','JUNIN','1201','HUANCAYO','120121','HUAYUCACHI'),('12','JUNIN','1201','HUANCAYO','120122','INGENIO','11','JUNIN','1101','HUANCAYO','110121','INGENIO','12','JUNIN','1201','HUANCAYO','120122','INGENIO'),('12','JUNIN','1201','HUANCAYO','120124','PARIAHUANCA','11','JUNIN','1101','HUANCAYO','110122','PARIAHUANCA','12','JUNIN','1201','HUANCAYO','120124','PARIAHUANCA   1/'),('12','JUNIN','1201','HUANCAYO','120125','PILCOMAYO','11','JUNIN','1101','HUANCAYO','110123','PILCOMAYO','12','JUNIN','1201','HUANCAYO','120125','PILCOMAYO'),('12','JUNIN','1201','HUANCAYO','120126','PUCARA','11','JUNIN','1101','HUANCAYO','110124','PUCARA','12','JUNIN','1201','HUANCAYO','120126','PUCARA'),('12','JUNIN','1201','HUANCAYO','120127','QUICHUAY','11','JUNIN','1101','HUANCAYO','110125','QUICHUAY','12','JUNIN','1201','HUANCAYO','120127','QUICHUAY'),('12','JUNIN','1201','HUANCAYO','120128','QUILCAS','11','JUNIN','1101','HUANCAYO','110126','QUILCAS','12','JUNIN','1201','HUANCAYO','120128','QUILCAS'),('12','JUNIN','1201','HUANCAYO','120129','SAN AGUSTIN','11','JUNIN','1101','HUANCAYO','110127','SAN AGUSTIN','12','JUNIN','1201','HUANCAYO','120129','SAN AGUSTIN'),('12','JUNIN','1201','HUANCAYO','120130','SAN JERONIMO DE TUNAN','11','JUNIN','1101','HUANCAYO','110128','SAN JERONIMO DE TUNAN','12','JUNIN','1201','HUANCAYO','120130','SAN JERONIMO DE TUNAN'),('12','JUNIN','1201','HUANCAYO','120132','SAÑO','11','JUNIN','1101','HUANCAYO','110132','SAÑO','12','JUNIN','1201','HUANCAYO','120132','SAÑO'),('12','JUNIN','1201','HUANCAYO','120133','SAPALLANGA','11','JUNIN','1101','HUANCAYO','110133','SAPALLANGA','12','JUNIN','1201','HUANCAYO','120133','SAPALLANGA'),('12','JUNIN','1201','HUANCAYO','120134','SICAYA','11','JUNIN','1101','HUANCAYO','110134','SICAYA','12','JUNIN','1201','HUANCAYO','120134','SICAYA'),('12','JUNIN','1201','HUANCAYO','120135','SANTO DOMINGO DE ACOBAMBA','11','JUNIN','1101','HUANCAYO','110131','SANTO DOMINGO DE ACOBAMBA','12','JUNIN','1201','HUANCAYO','120135','SANTO DOMINGO DE ACOBAMBA'),('12','JUNIN','1201','HUANCAYO','120136','VIQUES','11','JUNIN','1101','HUANCAYO','110136','VIQUES','12','JUNIN','1201','HUANCAYO','120136','VIQUES'),('12','JUNIN','1202','CONCEPCION','120201','CONCEPCION','11','JUNIN','1102','CONCEPCION','110201','CONCEPCION','12','JUNIN','1202','CONCEPCION','120201','CONCEPCION'),('12','JUNIN','1202','CONCEPCION','120202','ACO','11','JUNIN','1102','CONCEPCION','110202','ACO','12','JUNIN','1202','CONCEPCION','120202','ACO'),('12','JUNIN','1202','CONCEPCION','120203','ANDAMARCA','11','JUNIN','1102','CONCEPCION','110203','ANDAMARCA','12','JUNIN','1202','CONCEPCION','120203','ANDAMARCA'),('12','JUNIN','1202','CONCEPCION','120204','CHAMBARA','11','JUNIN','1102','CONCEPCION','110206','CHAMBARA','12','JUNIN','1202','CONCEPCION','120204','CHAMBARA'),('12','JUNIN','1202','CONCEPCION','120205','COCHAS','11','JUNIN','1102','CONCEPCION','110205','COCHAS','12','JUNIN','1202','CONCEPCION','120205','COCHAS'),('12','JUNIN','1202','CONCEPCION','120206','COMAS','11','JUNIN','1102','CONCEPCION','110204','COMAS','12','JUNIN','1202','CONCEPCION','120206','COMAS'),('12','JUNIN','1202','CONCEPCION','120207','HEROINAS TOLEDO','11','JUNIN','1102','CONCEPCION','110207','HEROINAS TOLEDO','12','JUNIN','1202','CONCEPCION','120207','HEROINAS TOLEDO'),('12','JUNIN','1202','CONCEPCION','120208','MANZANARES','11','JUNIN','1102','CONCEPCION','110208','MANZANARES','12','JUNIN','1202','CONCEPCION','120208','MANZANARES'),('12','JUNIN','1202','CONCEPCION','120209','MARISCAL CASTILLA','11','JUNIN','1102','CONCEPCION','110209','MARISCAL CASTILLA','12','JUNIN','1202','CONCEPCION','120209','MARISCAL CASTILLA'),('12','JUNIN','1202','CONCEPCION','120210','MATAHUASI','11','JUNIN','1102','CONCEPCION','110210','MATAHUASI','12','JUNIN','1202','CONCEPCION','120210','MATAHUASI'),('12','JUNIN','1202','CONCEPCION','120211','MITO','11','JUNIN','1102','CONCEPCION','110211','MITO','12','JUNIN','1202','CONCEPCION','120211','MITO'),('12','JUNIN','1202','CONCEPCION','120212','NUEVE DE JULIO','11','JUNIN','1102','CONCEPCION','110212','NUEVE DE JULIO','12','JUNIN','1202','CONCEPCION','120212','NUEVE DE JULIO'),('12','JUNIN','1202','CONCEPCION','120213','ORCOTUNA','11','JUNIN','1102','CONCEPCION','110213','ORCOTUNA','12','JUNIN','1202','CONCEPCION','120213','ORCOTUNA'),('12','JUNIN','1202','CONCEPCION','120214','SAN JOSE DE QUERO','11','JUNIN','1102','CONCEPCION','110215','SAN JOSE DE QUERO','12','JUNIN','1202','CONCEPCION','120214','SAN JOSE DE QUERO'),('12','JUNIN','1202','CONCEPCION','120215','SANTA ROSA DE OCOPA','11','JUNIN','1102','CONCEPCION','110214','SANTA ROSA DE OCOPA','12','JUNIN','1202','CONCEPCION','120215','SANTA ROSA DE OCOPA'),('12','JUNIN','1203','CHANCHAMAYO','120301','CHANCHAMAYO','11','JUNIN','1108','CHANCHAMAYO','110801','CHANCHAMAYO','12','JUNIN','1203','CHANCHAMAYO','120301','CHANCHAMAYO'),('12','JUNIN','1203','CHANCHAMAYO','120302','PERENE','11','JUNIN','1108','CHANCHAMAYO','110806','PERENE','12','JUNIN','1203','CHANCHAMAYO','120302','PERENE'),('12','JUNIN','1203','CHANCHAMAYO','120303','PICHANAQUI','11','JUNIN','1108','CHANCHAMAYO','110805','PICHANAQUI','12','JUNIN','1203','CHANCHAMAYO','120303','PICHANAQUI'),('12','JUNIN','1203','CHANCHAMAYO','120304','SAN LUIS DE SHUARO','11','JUNIN','1108','CHANCHAMAYO','110804','SAN LUIS DE SHUARO','12','JUNIN','1203','CHANCHAMAYO','120304','SAN LUIS DE SHUARO'),('12','JUNIN','1203','CHANCHAMAYO','120305','SAN RAMON','11','JUNIN','1108','CHANCHAMAYO','110802','SAN RAMON','12','JUNIN','1203','CHANCHAMAYO','120305','SAN RAMON'),('12','JUNIN','1203','CHANCHAMAYO','120306','VITOC','11','JUNIN','1108','CHANCHAMAYO','110803','VITOC','12','JUNIN','1203','CHANCHAMAYO','120306','VITOC'),('12','JUNIN','1204','JAUJA','120401','JAUJA','11','JUNIN','1103','JAUJA','110301','JAUJA','12','JUNIN','1204','JAUJA','120401','JAUJA'),('12','JUNIN','1204','JAUJA','120402','ACOLLA','11','JUNIN','1103','JAUJA','110302','ACOLLA','12','JUNIN','1204','JAUJA','120402','ACOLLA'),('12','JUNIN','1204','JAUJA','120403','APATA','11','JUNIN','1103','JAUJA','110303','APATA','12','JUNIN','1204','JAUJA','120403','APATA'),('12','JUNIN','1204','JAUJA','120404','ATAURA','11','JUNIN','1103','JAUJA','110304','ATAURA','12','JUNIN','1204','JAUJA','120404','ATAURA'),('12','JUNIN','1204','JAUJA','120405','CANCHAYLLO','11','JUNIN','1103','JAUJA','110305','CANCHAYLLO','12','JUNIN','1204','JAUJA','120405','CANCHAYLLO'),('12','JUNIN','1204','JAUJA','120406','CURICACA','11','JUNIN','1103','JAUJA','110331','CURICACA','12','JUNIN','1204','JAUJA','120406','CURICACA'),('12','JUNIN','1204','JAUJA','120407','EL MANTARO','11','JUNIN','1103','JAUJA','110306','EL MANTARO','12','JUNIN','1204','JAUJA','120407','EL MANTARO'),('12','JUNIN','1204','JAUJA','120408','HUAMALI','11','JUNIN','1103','JAUJA','110307','HUAMALI','12','JUNIN','1204','JAUJA','120408','HUAMALI'),('12','JUNIN','1204','JAUJA','120409','HUARIPAMPA','11','JUNIN','1103','JAUJA','110308','HUARIPAMPA','12','JUNIN','1204','JAUJA','120409','HUARIPAMPA'),('12','JUNIN','1204','JAUJA','120410','HUERTAS','11','JUNIN','1103','JAUJA','110309','HUERTAS','12','JUNIN','1204','JAUJA','120410','HUERTAS'),('12','JUNIN','1204','JAUJA','120411','JANJAILLO','11','JUNIN','1103','JAUJA','110310','JANJAILLO','12','JUNIN','1204','JAUJA','120411','JANJAILLO'),('12','JUNIN','1204','JAUJA','120412','JULCAN','11','JUNIN','1103','JAUJA','110311','JULCAN','12','JUNIN','1204','JAUJA','120412','JULCAN'),('12','JUNIN','1204','JAUJA','120413','LEONOR ORDOÑEZ','11','JUNIN','1103','JAUJA','110312','LEONOR ORDOÑEZ','12','JUNIN','1204','JAUJA','120413','LEONOR ORDOÑEZ'),('12','JUNIN','1204','JAUJA','120414','LLOCLLAPAMPA','11','JUNIN','1103','JAUJA','110313','LLOCLLAPAMPA','12','JUNIN','1204','JAUJA','120414','LLOCLLAPAMPA'),('12','JUNIN','1204','JAUJA','120415','MARCO','11','JUNIN','1103','JAUJA','110314','MARCO','12','JUNIN','1204','JAUJA','120415','MARCO'),('12','JUNIN','1204','JAUJA','120416','MASMA','11','JUNIN','1103','JAUJA','110315','MASMA','12','JUNIN','1204','JAUJA','120416','MASMA'),('12','JUNIN','1204','JAUJA','120417','MASMA CHICCHE','11','JUNIN','1103','JAUJA','110332','MASMA CHICCHE','12','JUNIN','1204','JAUJA','120417','MASMA CHICCHE'),('12','JUNIN','1204','JAUJA','120418','MOLINOS','11','JUNIN','1103','JAUJA','110316','MOLINOS','12','JUNIN','1204','JAUJA','120418','MOLINOS'),('12','JUNIN','1204','JAUJA','120419','MONOBAMBA','11','JUNIN','1103','JAUJA','110317','MONOBAMBA','12','JUNIN','1204','JAUJA','120419','MONOBAMBA'),('12','JUNIN','1204','JAUJA','120420','MUQUI','11','JUNIN','1103','JAUJA','110318','MUQUI','12','JUNIN','1204','JAUJA','120420','MUQUI'),('12','JUNIN','1204','JAUJA','120421','MUQUIYAUYO','11','JUNIN','1103','JAUJA','110319','MUQUIYAUYO','12','JUNIN','1204','JAUJA','120421','MUQUIYAUYO'),('12','JUNIN','1204','JAUJA','120422','PACA','11','JUNIN','1103','JAUJA','110320','PACA','12','JUNIN','1204','JAUJA','120422','PACA'),('12','JUNIN','1204','JAUJA','120423','PACCHA','11','JUNIN','1103','JAUJA','110321','PACCHA','12','JUNIN','1204','JAUJA','120423','PACCHA'),('12','JUNIN','1204','JAUJA','120424','PANCAN','11','JUNIN','1103','JAUJA','110322','PANCAN','12','JUNIN','1204','JAUJA','120424','PANCAN'),('12','JUNIN','1204','JAUJA','120425','PARCO','11','JUNIN','1103','JAUJA','110323','PARCO','12','JUNIN','1204','JAUJA','120425','PARCO'),('12','JUNIN','1204','JAUJA','120426','POMACANCHA','11','JUNIN','1103','JAUJA','110324','POMACANCHA','12','JUNIN','1204','JAUJA','120426','POMACANCHA'),('12','JUNIN','1204','JAUJA','120427','RICRAN','11','JUNIN','1103','JAUJA','110325','RICRAN','12','JUNIN','1204','JAUJA','120427','RICRAN'),('12','JUNIN','1204','JAUJA','120428','SAN LORENZO','11','JUNIN','1103','JAUJA','110326','SAN LORENZO','12','JUNIN','1204','JAUJA','120428','SAN LORENZO'),('12','JUNIN','1204','JAUJA','120429','SAN PEDRO DE CHUNAN','11','JUNIN','1103','JAUJA','110327','SAN PEDRO DE CHUNAN','12','JUNIN','1204','JAUJA','120429','SAN PEDRO DE CHUNAN'),('12','JUNIN','1204','JAUJA','120430','SAUSA','11','JUNIN','1103','JAUJA','110333','SAUSA','12','JUNIN','1204','JAUJA','120430','SAUSA'),('12','JUNIN','1204','JAUJA','120431','SINCOS','11','JUNIN','1103','JAUJA','110328','SINCOS','12','JUNIN','1204','JAUJA','120431','SINCOS'),('12','JUNIN','1204','JAUJA','120432','TUNAN MARCA','11','JUNIN','1103','JAUJA','110329','TUNAN MARCA','12','JUNIN','1204','JAUJA','120432','TUNAN MARCA'),('12','JUNIN','1204','JAUJA','120433','YAULI','11','JUNIN','1103','JAUJA','110330','YAULI','12','JUNIN','1204','JAUJA','120433','YAULI'),('12','JUNIN','1204','JAUJA','120434','YAUYOS','11','JUNIN','1103','JAUJA','110334','YAUYOS','12','JUNIN','1204','JAUJA','120434','YAUYOS'),('12','JUNIN','1205','JUNIN','120501','JUNIN','11','JUNIN','1104','JUNIN','110401','JUNIN','12','JUNIN','1205','JUNIN','120501','JUNIN'),('12','JUNIN','1205','JUNIN','120502','CARHUAMAYO','11','JUNIN','1104','JUNIN','110402','CARHUAMAYO','12','JUNIN','1205','JUNIN','120502','CARHUAMAYO'),('12','JUNIN','1205','JUNIN','120503','ONDORES','11','JUNIN','1104','JUNIN','110403','ONDORES','12','JUNIN','1205','JUNIN','120503','ONDORES'),('12','JUNIN','1205','JUNIN','120504','ULCUMAYO','11','JUNIN','1104','JUNIN','110404','ULCUMAYO','12','JUNIN','1205','JUNIN','120504','ULCUMAYO'),('12','JUNIN','1206','SATIPO','120601','SATIPO','11','JUNIN','1107','SATIPO','110701','SATIPO','12','JUNIN','1206','SATIPO','120601','SATIPO'),('12','JUNIN','1206','SATIPO','120602','COVIRIALI','11','JUNIN','1107','SATIPO','110702','COVIRIALI','12','JUNIN','1206','SATIPO','120602','COVIRIALI'),('12','JUNIN','1206','SATIPO','120603','LLAYLLA','11','JUNIN','1107','SATIPO','110703','LLAYLLA','12','JUNIN','1206','SATIPO','120603','LLAYLLA'),('12','JUNIN','1206','SATIPO','120604','MAZAMARI','11','JUNIN','1107','SATIPO','110704','MAZAMARI','12','JUNIN','1206','SATIPO','120604','MAZAMARI'),('12','JUNIN','1206','SATIPO','120605','PAMPA HERMOSA','11','JUNIN','1107','SATIPO','110705','PAMPA HERMOSA','12','JUNIN','1206','SATIPO','120605','PAMPA HERMOSA'),('12','JUNIN','1206','SATIPO','120606','PANGOA','11','JUNIN','1107','SATIPO','110706','PANGOA','12','JUNIN','1206','SATIPO','120606','PANGOA'),('12','JUNIN','1206','SATIPO','120607','RIO NEGRO','11','JUNIN','1107','SATIPO','110707','RIO NEGRO','12','JUNIN','1206','SATIPO','120607','RIO NEGRO'),('12','JUNIN','1206','SATIPO','120608','RIO TAMBO','11','JUNIN','1107','SATIPO','110708','RIO TAMBO','12','JUNIN','1206','SATIPO','120608','RIO TAMBO'),('12','JUNIN','1206','SATIPO','120609','VIZCATAN DEL ENE',NULL,NULL,NULL,NULL,NULL,NULL,NULL,NULL,NULL,NULL,NULL,NULL),('12','JUNIN','1207','TARMA','120701','TARMA','11','JUNIN','1105','TARMA','110501','TARMA','12','JUNIN','1207','TARMA','120701','TARMA'),('12','JUNIN','1207','TARMA','120702','ACOBAMBA','11','JUNIN','1105','TARMA','110502','ACOBAMBA','12','JUNIN','1207','TARMA','120702','ACOBAMBA'),('12','JUNIN','1207','TARMA','120703','HUARICOLCA','11','JUNIN','1105','TARMA','110503','HUARICOLCA','12','JUNIN','1207','TARMA','120703','HUARICOLCA'),('12','JUNIN','1207','TARMA','120704','HUASAHUASI','11','JUNIN','1105','TARMA','110504','HUASAHUASI','12','JUNIN','1207','TARMA','120704','HUASAHUASI'),('12','JUNIN','1207','TARMA','120705','LA UNION','11','JUNIN','1105','TARMA','110505','LA UNION','12','JUNIN','1207','TARMA','120705','LA UNION'),('12','JUNIN','1207','TARMA','120706','PALCA','11','JUNIN','1105','TARMA','110506','PALCA','12','JUNIN','1207','TARMA','120706','PALCA'),('12','JUNIN','1207','TARMA','120707','PALCAMAYO','11','JUNIN','1105','TARMA','110507','PALCAMAYO','12','JUNIN','1207','TARMA','120707','PALCAMAYO'),('12','JUNIN','1207','TARMA','120708','SAN PEDRO DE CAJAS','11','JUNIN','1105','TARMA','110508','SAN PEDRO DE CAJAS','12','JUNIN','1207','TARMA','120708','SAN PEDRO DE CAJAS'),('12','JUNIN','1207','TARMA','120709','TAPO','11','JUNIN','1105','TARMA','110509','TAPO','12','JUNIN','1207','TARMA','120709','TAPO'),('12','JUNIN','1208','YAULI','120801','LA OROYA','11','JUNIN','1106','YAULI','110601','LA OROYA','12','JUNIN','1208','YAULI','120801','LA OROYA'),('12','JUNIN','1208','YAULI','120802','CHACAPALPA','11','JUNIN','1106','YAULI','110602','CHACAPALPA','12','JUNIN','1208','YAULI','120802','CHACAPALPA'),('12','JUNIN','1208','YAULI','120803','HUAY-HUAY','11','JUNIN','1106','YAULI','110603','HUAY HUAY','12','JUNIN','1208','YAULI','120803','HUAY-HUAY'),('12','JUNIN','1208','YAULI','120804','MARCAPOMACOCHA','11','JUNIN','1106','YAULI','110604','MARCAPOMACOCHA','12','JUNIN','1208','YAULI','120804','MARCAPOMACOCHA'),('12','JUNIN','1208','YAULI','120805','MOROCOCHA','11','JUNIN','1106','YAULI','110605','MOROCOCHA','12','JUNIN','1208','YAULI','120805','MOROCOCHA'),('12','JUNIN','1208','YAULI','120806','PACCHA','11','JUNIN','1106','YAULI','110606','PACCHA','12','JUNIN','1208','YAULI','120806','PACCHA'),('12','JUNIN','1208','YAULI','120807','SANTA BARBARA DE CARHUACAYAN','11','JUNIN','1106','YAULI','110607','SANTA BARBARA DE CARHUACAYAN','12','JUNIN','1208','YAULI','120807','SANTA BARBARA DE CARHUACAYAN'),('12','JUNIN','1208','YAULI','120808','SANTA ROSA DE SACCO','11','JUNIN','1106','YAULI','110610','SANTA ROSA DE SACCO','12','JUNIN','1208','YAULI','120808','SANTA ROSA DE SACCO'),('12','JUNIN','1208','YAULI','120809','SUITUCANCHA','11','JUNIN','1106','YAULI','110608','SUITUCANCHA','12','JUNIN','1208','YAULI','120809','SUITUCANCHA'),('12','JUNIN','1208','YAULI','120810','YAULI','11','JUNIN','1106','YAULI','110609','YAULI','12','JUNIN','1208','YAULI','120810','YAULI'),('12','JUNIN','1209','CHUPACA','120901','CHUPACA','11','JUNIN','1109','CHUPACA','110901','CHUPACA','12','JUNIN','1209','CHUPACA','120901','CHUPACA'),('12','JUNIN','1209','CHUPACA','120902','AHUAC','11','JUNIN','1109','CHUPACA','110902','AHUAC','12','JUNIN','1209','CHUPACA','120902','AHUAC'),('12','JUNIN','1209','CHUPACA','120903','CHONGOS BAJO','11','JUNIN','1109','CHUPACA','110903','CHONGOS BAJO','12','JUNIN','1209','CHUPACA','120903','CHONGOS BAJO'),('12','JUNIN','1209','CHUPACA','120904','HUACHAC','11','JUNIN','1109','CHUPACA','110904','HUACHAC','12','JUNIN','1209','CHUPACA','120904','HUACHAC'),('12','JUNIN','1209','CHUPACA','120905','HUAMANCACA CHICO','11','JUNIN','1109','CHUPACA','110905','HUAMANCACA CHICO','12','JUNIN','1209','CHUPACA','120905','HUAMANCACA CHICO'),('12','JUNIN','1209','CHUPACA','120906','SAN JUAN DE ISCOS','11','JUNIN','1109','CHUPACA','110906','SAN JUAN DE YSCOS','12','JUNIN','1209','CHUPACA','120906','SAN JUAN DE ISCOS'),('12','JUNIN','1209','CHUPACA','120907','SAN JUAN DE JARPA','11','JUNIN','1109','CHUPACA','110907','SAN JUAN DE JARPA','12','JUNIN','1209','CHUPACA','120907','SAN JUAN DE JARPA'),('12','JUNIN','1209','CHUPACA','120908','TRES DE DICIEMBRE','11','JUNIN','1109','CHUPACA','110908','TRES DE DICIEMBRE','12','JUNIN','1209','CHUPACA','120908','TRES DE DICIEMBRE'),('12','JUNIN','1209','CHUPACA','120909','YANACANCHA','11','JUNIN','1109','CHUPACA','110909','YANACANCHA','12','JUNIN','1209','CHUPACA','120909','YANACANCHA'),('13','LA LIBERTAD','1301','TRUJILLO','130101','TRUJILLO','12','LA LIBERTAD','1201','TRUJILLO','120101','TRUJILLO','13','LA LIBERTAD','1301','TRUJILLO','130101','TRUJILLO'),('13','LA LIBERTAD','1301','TRUJILLO','130102','EL PORVENIR','12','LA LIBERTAD','1201','TRUJILLO','120110','EL PORVENIR','13','LA LIBERTAD','1301','TRUJILLO','130102','EL PORVENIR'),('13','LA LIBERTAD','1301','TRUJILLO','130103','FLORENCIA DE MORA','12','LA LIBERTAD','1201','TRUJILLO','120112','FLORENCIA DE MORA','13','LA LIBERTAD','1301','TRUJILLO','130103','FLORENCIA DE MORA'),('13','LA LIBERTAD','1301','TRUJILLO','130104','HUANCHACO','12','LA LIBERTAD','1201','TRUJILLO','120102','HUANCHACO','13','LA LIBERTAD','1301','TRUJILLO','130104','HUANCHACO'),('13','LA LIBERTAD','1301','TRUJILLO','130105','LA ESPERANZA','12','LA LIBERTAD','1201','TRUJILLO','120111','LA ESPERANZA','13','LA LIBERTAD','1301','TRUJILLO','130105','LA ESPERANZA'),('13','LA LIBERTAD','1301','TRUJILLO','130106','LAREDO','12','LA LIBERTAD','1201','TRUJILLO','120103','LAREDO','13','LA LIBERTAD','1301','TRUJILLO','130106','LAREDO'),('13','LA LIBERTAD','1301','TRUJILLO','130107','MOCHE','12','LA LIBERTAD','1201','TRUJILLO','120104','MOCHE','13','LA LIBERTAD','1301','TRUJILLO','130107','MOCHE'),('13','LA LIBERTAD','1301','TRUJILLO','130108','POROTO','12','LA LIBERTAD','1201','TRUJILLO','120109','POROTO','13','LA LIBERTAD','1301','TRUJILLO','130108','POROTO'),('13','LA LIBERTAD','1301','TRUJILLO','130109','SALAVERRY','12','LA LIBERTAD','1201','TRUJILLO','120105','SALAVERRY','13','LA LIBERTAD','1301','TRUJILLO','130109','SALAVERRY'),('13','LA LIBERTAD','1301','TRUJILLO','130110','SIMBAL','12','LA LIBERTAD','1201','TRUJILLO','120106','SIMBAL','13','LA LIBERTAD','1301','TRUJILLO','130110','SIMBAL'),('13','LA LIBERTAD','1301','TRUJILLO','130111','VICTOR LARCO HERRERA','12','LA LIBERTAD','1201','TRUJILLO','120107','VICTOR LARCO HERRERA','13','LA LIBERTAD','1301','TRUJILLO','130111','VICTOR LARCO HERRERA'),('13','LA LIBERTAD','1302','ASCOPE','130201','ASCOPE','12','LA LIBERTAD','1208','ASCOPE','120801','ASCOPE','13','LA LIBERTAD','1302','ASCOPE','130201','ASCOPE'),('13','LA LIBERTAD','1302','ASCOPE','130202','CHICAMA','12','LA LIBERTAD','1208','ASCOPE','120802','CHICAMA','13','LA LIBERTAD','1302','ASCOPE','130202','CHICAMA'),('13','LA LIBERTAD','1302','ASCOPE','130203','CHOCOPE','12','LA LIBERTAD','1208','ASCOPE','120803','CHOCOPE','13','LA LIBERTAD','1302','ASCOPE','130203','CHOCOPE'),('13','LA LIBERTAD','1302','ASCOPE','130204','MAGDALENA DE CAO','12','LA LIBERTAD','1208','ASCOPE','120805','MAGDALENA DE CAO','13','LA LIBERTAD','1302','ASCOPE','130204','MAGDALENA DE CAO'),('13','LA LIBERTAD','1302','ASCOPE','130205','PAIJAN','12','LA LIBERTAD','1208','ASCOPE','120806','PAIJAN','13','LA LIBERTAD','1302','ASCOPE','130205','PAIJAN'),('13','LA LIBERTAD','1302','ASCOPE','130206','RAZURI','12','LA LIBERTAD','1208','ASCOPE','120807','RAZURI','13','LA LIBERTAD','1302','ASCOPE','130206','RAZURI'),('13','LA LIBERTAD','1302','ASCOPE','130207','SANTIAGO DE CAO','12','LA LIBERTAD','1208','ASCOPE','120804','SANTIAGO DE CAO','13','LA LIBERTAD','1302','ASCOPE','130207','SANTIAGO DE CAO'),('13','LA LIBERTAD','1302','ASCOPE','130208','CASA GRANDE','12','LA LIBERTAD','1208','ASCOPE','120808','CASA GRANDE','13','LA LIBERTAD','1302','ASCOPE','130208','CASA GRANDE'),('13','LA LIBERTAD','1303','BOLIVAR','130301','BOLIVAR','12','LA LIBERTAD','1202','BOLIVAR','120201','BOLIVAR','13','LA LIBERTAD','1303','BOLIVAR','130301','BOLIVAR'),('13','LA LIBERTAD','1303','BOLIVAR','130302','BAMBAMARCA','12','LA LIBERTAD','1202','BOLIVAR','120202','BAMBAMARCA','13','LA LIBERTAD','1303','BOLIVAR','130302','BAMBAMARCA'),('13','LA LIBERTAD','1303','BOLIVAR','130303','CONDORMARCA','12','LA LIBERTAD','1202','BOLIVAR','120203','CONDORMARCA','13','LA LIBERTAD','1303','BOLIVAR','130303','CONDORMARCA /1'),('13','LA LIBERTAD','1303','BOLIVAR','130304','LONGOTEA','12','LA LIBERTAD','1202','BOLIVAR','120204','LONGOTEA','13','LA LIBERTAD','1303','BOLIVAR','130304','LONGOTEA'),('13','LA LIBERTAD','1303','BOLIVAR','130305','UCHUMARCA','12','LA LIBERTAD','1202','BOLIVAR','120206','UCHUMARCA','13','LA LIBERTAD','1303','BOLIVAR','130305','UCHUMARCA'),('13','LA LIBERTAD','1303','BOLIVAR','130306','UCUNCHA','12','LA LIBERTAD','1202','BOLIVAR','120205','UCUNCHA','13','LA LIBERTAD','1303','BOLIVAR','130306','UCUNCHA'),('13','LA LIBERTAD','1304','CHEPEN','130401','CHEPEN','12','LA LIBERTAD','1209','CHEPEN','120901','CHEPEN','13','LA LIBERTAD','1304','CHEPEN','130401','CHEPEN'),('13','LA LIBERTAD','1304','CHEPEN','130402','PACANGA','12','LA LIBERTAD','1209','CHEPEN','120902','PACANGA','13','LA LIBERTAD','1304','CHEPEN','130402','PACANGA'),('13','LA LIBERTAD','1304','CHEPEN','130403','PUEBLO NUEVO','12','LA LIBERTAD','1209','CHEPEN','120903','PUEBLO NUEVO','13','LA LIBERTAD','1304','CHEPEN','130403','PUEBLO NUEVO'),('13','LA LIBERTAD','1305','JULCAN','130501','JULCAN','12','LA LIBERTAD','1210','JULCAN','121001','JULCAN','13','LA LIBERTAD','1305','JULCAN','130501','JULCAN'),('13','LA LIBERTAD','1305','JULCAN','130502','CALAMARCA','12','LA LIBERTAD','1210','JULCAN','121003','CALAMARCA','13','LA LIBERTAD','1305','JULCAN','130502','CALAMARCA'),('13','LA LIBERTAD','1305','JULCAN','130503','CARABAMBA','12','LA LIBERTAD','1210','JULCAN','121002','CARABAMBA','13','LA LIBERTAD','1305','JULCAN','130503','CARABAMBA'),('13','LA LIBERTAD','1305','JULCAN','130504','HUASO','12','LA LIBERTAD','1210','JULCAN','121004','HUASO','13','LA LIBERTAD','1305','JULCAN','130504','HUASO'),('13','LA LIBERTAD','1306','OTUZCO','130601','OTUZCO','12','LA LIBERTAD','1204','OTUZCO','120401','OTUZCO','13','LA LIBERTAD','1306','OTUZCO','130601','OTUZCO'),('13','LA LIBERTAD','1306','OTUZCO','130602','AGALLPAMPA','12','LA LIBERTAD','1204','OTUZCO','120402','AGALLPAMPA','13','LA LIBERTAD','1306','OTUZCO','130602','AGALLPAMPA'),('13','LA LIBERTAD','1306','OTUZCO','130604','CHARAT','12','LA LIBERTAD','1204','OTUZCO','120403','CHARAT','13','LA LIBERTAD','1306','OTUZCO','130604','CHARAT'),('13','LA LIBERTAD','1306','OTUZCO','130605','HUARANCHAL','12','LA LIBERTAD','1204','OTUZCO','120404','HUARANCHAL','13','LA LIBERTAD','1306','OTUZCO','130605','HUARANCHAL'),('13','LA LIBERTAD','1306','OTUZCO','130606','LA CUESTA','12','LA LIBERTAD','1204','OTUZCO','120405','LA CUESTA','13','LA LIBERTAD','1306','OTUZCO','130606','LA CUESTA'),('13','LA LIBERTAD','1306','OTUZCO','130608','MACHE','12','LA LIBERTAD','1204','OTUZCO','120413','MACHE','13','LA LIBERTAD','1306','OTUZCO','130608','MACHE'),('13','LA LIBERTAD','1306','OTUZCO','130610','PARANDAY','12','LA LIBERTAD','1204','OTUZCO','120408','PARANDAY','13','LA LIBERTAD','1306','OTUZCO','130610','PARANDAY'),('13','LA LIBERTAD','1306','OTUZCO','130611','SALPO','12','LA LIBERTAD','1204','OTUZCO','120409','SALPO','13','LA LIBERTAD','1306','OTUZCO','130611','SALPO'),('13','LA LIBERTAD','1306','OTUZCO','130613','SINSICAP','12','LA LIBERTAD','1204','OTUZCO','120410','SINSICAP','13','LA LIBERTAD','1306','OTUZCO','130613','SINSICAP'),('13','LA LIBERTAD','1306','OTUZCO','130614','USQUIL','12','LA LIBERTAD','1204','OTUZCO','120411','USQUIL','13','LA LIBERTAD','1306','OTUZCO','130614','USQUIL'),('13','LA LIBERTAD','1307','PACASMAYO','130701','SAN PEDRO DE LLOC','12','LA LIBERTAD','1205','PACASMAYO','120501','SAN PEDRO DE LLOC','13','LA LIBERTAD','1307','PACASMAYO','130701','SAN PEDRO DE LLOC'),('13','LA LIBERTAD','1307','PACASMAYO','130702','GUADALUPE','12','LA LIBERTAD','1205','PACASMAYO','120503','GUADALUPE','13','LA LIBERTAD','1307','PACASMAYO','130702','GUADALUPE'),('13','LA LIBERTAD','1307','PACASMAYO','130703','JEQUETEPEQUE','12','LA LIBERTAD','1205','PACASMAYO','120504','JEQUETEPEQUE','13','LA LIBERTAD','1307','PACASMAYO','130703','JEQUETEPEQUE'),('13','LA LIBERTAD','1307','PACASMAYO','130704','PACASMAYO','12','LA LIBERTAD','1205','PACASMAYO','120506','PACASMAYO','13','LA LIBERTAD','1307','PACASMAYO','130704','PACASMAYO'),('13','LA LIBERTAD','1307','PACASMAYO','130705','SAN JOSE','12','LA LIBERTAD','1205','PACASMAYO','120508','SAN JOSE','13','LA LIBERTAD','1307','PACASMAYO','130705','SAN JOSE'),('13','LA LIBERTAD','1308','PATAZ','130801','TAYABAMBA','12','LA LIBERTAD','1206','PATAZ','120601','TAYABAMBA','13','LA LIBERTAD','1308','PATAZ','130801','TAYABAMBA'),('13','LA LIBERTAD','1308','PATAZ','130802','BULDIBUYO','12','LA LIBERTAD','1206','PATAZ','120602','BULDIBUYO','13','LA LIBERTAD','1308','PATAZ','130802','BULDIBUYO'),('13','LA LIBERTAD','1308','PATAZ','130803','CHILLIA','12','LA LIBERTAD','1206','PATAZ','120603','CHILLIA','13','LA LIBERTAD','1308','PATAZ','130803','CHILLIA'),('13','LA LIBERTAD','1308','PATAZ','130804','HUANCASPATA','12','LA LIBERTAD','1206','PATAZ','120605','HUANCASPATA','13','LA LIBERTAD','1308','PATAZ','130804','HUANCASPATA'),('13','LA LIBERTAD','1308','PATAZ','130805','HUAYLILLAS','12','LA LIBERTAD','1206','PATAZ','120604','HUAYLILLAS','13','LA LIBERTAD','1308','PATAZ','130805','HUAYLILLAS'),('13','LA LIBERTAD','1308','PATAZ','130806','HUAYO','12','LA LIBERTAD','1206','PATAZ','120606','HUAYO','13','LA LIBERTAD','1308','PATAZ','130806','HUAYO'),('13','LA LIBERTAD','1308','PATAZ','130807','ONGON','12','LA LIBERTAD','1206','PATAZ','120607','ONGON','13','LA LIBERTAD','1308','PATAZ','130807','ONGON'),('13','LA LIBERTAD','1308','PATAZ','130808','PARCOY','12','LA LIBERTAD','1206','PATAZ','120608','PARCOY','13','LA LIBERTAD','1308','PATAZ','130808','PARCOY'),('13','LA LIBERTAD','1308','PATAZ','130809','PATAZ','12','LA LIBERTAD','1206','PATAZ','120609','PATAZ','13','LA LIBERTAD','1308','PATAZ','130809','PATAZ'),('13','LA LIBERTAD','1308','PATAZ','130810','PIAS','12','LA LIBERTAD','1206','PATAZ','120610','PIAS','13','LA LIBERTAD','1308','PATAZ','130810','PIAS'),('13','LA LIBERTAD','1308','PATAZ','130811','SANTIAGO DE CHALLAS','12','LA LIBERTAD','1206','PATAZ','120613','SANTIAGO DE CHALLAS','13','LA LIBERTAD','1308','PATAZ','130811','SANTIAGO DE CHALLAS'),('13','LA LIBERTAD','1308','PATAZ','130812','TAURIJA','12','LA LIBERTAD','1206','PATAZ','120611','TAURIJA','13','LA LIBERTAD','1308','PATAZ','130812','TAURIJA'),('13','LA LIBERTAD','1308','PATAZ','130813','URPAY','12','LA LIBERTAD','1206','PATAZ','120612','URPAY','13','LA LIBERTAD','1308','PATAZ','130813','URPAY'),('13','LA LIBERTAD','1309','SANCHEZ CARRION','130901','HUAMACHUCO','12','LA LIBERTAD','1203','SANCHEZ CARRION','120301','HUAMACHUCO','13','LA LIBERTAD','1309','SANCHEZ CARRION','130901','HUAMACHUCO'),('13','LA LIBERTAD','1309','SANCHEZ CARRION','130902','CHUGAY','12','LA LIBERTAD','1203','SANCHEZ CARRION','120304','CHUGAY','13','LA LIBERTAD','1309','SANCHEZ CARRION','130902','CHUGAY'),('13','LA LIBERTAD','1309','SANCHEZ CARRION','130903','COCHORCO','12','LA LIBERTAD','1203','SANCHEZ CARRION','120302','COCHORCO','13','LA LIBERTAD','1309','SANCHEZ CARRION','130903','COCHORCO'),('13','LA LIBERTAD','1309','SANCHEZ CARRION','130904','CURGOS','12','LA LIBERTAD','1203','SANCHEZ CARRION','120303','CURGOS','13','LA LIBERTAD','1309','SANCHEZ CARRION','130904','CURGOS'),('13','LA LIBERTAD','1309','SANCHEZ CARRION','130905','MARCABAL','12','LA LIBERTAD','1203','SANCHEZ CARRION','120305','MARCABAL','13','LA LIBERTAD','1309','SANCHEZ CARRION','130905','MARCABAL'),('13','LA LIBERTAD','1309','SANCHEZ CARRION','130906','SANAGORAN','12','LA LIBERTAD','1203','SANCHEZ CARRION','120306','SANAGORAN','13','LA LIBERTAD','1309','SANCHEZ CARRION','130906','SANAGORAN'),('13','LA LIBERTAD','1309','SANCHEZ CARRION','130907','SARIN','12','LA LIBERTAD','1203','SANCHEZ CARRION','120307','SARIN','13','LA LIBERTAD','1309','SANCHEZ CARRION','130907','SARIN'),('13','LA LIBERTAD','1309','SANCHEZ CARRION','130908','SARTIMBAMBA','12','LA LIBERTAD','1203','SANCHEZ CARRION','120308','SARTIMBAMBA','13','LA LIBERTAD','1309','SANCHEZ CARRION','130908','SARTIMBAMBA'),('13','LA LIBERTAD','1310','SANTIAGO DE CHUCO','131001','SANTIAGO DE CHUCO','12','LA LIBERTAD','1207','SANTIAGO DE CHUCO','120701','SANTIAGO DE CHUCO','13','LA LIBERTAD','1310','SANTIAGO DE CHUCO','131001','SANTIAGO DE CHUCO'),('13','LA LIBERTAD','1310','SANTIAGO DE CHUCO','131002','ANGASMARCA','12','LA LIBERTAD','1207','SANTIAGO DE CHUCO','120708','ANGASMARCA','13','LA LIBERTAD','1310','SANTIAGO DE CHUCO','131002','ANGASMARCA'),('13','LA LIBERTAD','1310','SANTIAGO DE CHUCO','131003','CACHICADAN','12','LA LIBERTAD','1207','SANTIAGO DE CHUCO','120702','CACHICADAN','13','LA LIBERTAD','1310','SANTIAGO DE CHUCO','131003','CACHICADAN'),('13','LA LIBERTAD','1310','SANTIAGO DE CHUCO','131004','MOLLEBAMBA','12','LA LIBERTAD','1207','SANTIAGO DE CHUCO','120703','MOLLEBAMBA','13','LA LIBERTAD','1310','SANTIAGO DE CHUCO','131004','MOLLEBAMBA'),('13','LA LIBERTAD','1310','SANTIAGO DE CHUCO','131005','MOLLEPATA','12','LA LIBERTAD','1207','SANTIAGO DE CHUCO','120704','MOLLEPATA','13','LA LIBERTAD','1310','SANTIAGO DE CHUCO','131005','MOLLEPATA'),('13','LA LIBERTAD','1310','SANTIAGO DE CHUCO','131006','QUIRUVILCA','12','LA LIBERTAD','1207','SANTIAGO DE CHUCO','120705','QUIRUVILCA','13','LA LIBERTAD','1310','SANTIAGO DE CHUCO','131006','QUIRUVILCA'),('13','LA LIBERTAD','1310','SANTIAGO DE CHUCO','131007','SANTA CRUZ DE CHUCA','12','LA LIBERTAD','1207','SANTIAGO DE CHUCO','120706','SANTA CRUZ DE CHUCA','13','LA LIBERTAD','1310','SANTIAGO DE CHUCO','131007','SANTA CRUZ DE CHUCA'),('13','LA LIBERTAD','1310','SANTIAGO DE CHUCO','131008','SITABAMBA','12','LA LIBERTAD','1207','SANTIAGO DE CHUCO','120707','SITABAMBA','13','LA LIBERTAD','1310','SANTIAGO DE CHUCO','131008','SITABAMBA'),('13','LA LIBERTAD','1311','GRAN CHIMU','131101','CASCAS','12','LA LIBERTAD','1211','GRAN CHIMU','121101','CASCAS','13','LA LIBERTAD','1311','GRAN CHIMU','131101','CASCAS'),('13','LA LIBERTAD','1311','GRAN CHIMU','131102','LUCMA','12','LA LIBERTAD','1211','GRAN CHIMU','121102','LUCMA','13','LA LIBERTAD','1311','GRAN CHIMU','131102','LUCMA'),('13','LA LIBERTAD','1311','GRAN CHIMU','131103','MARMOT','12','LA LIBERTAD','1211','GRAN CHIMU','121103','MARMOT',NULL,NULL,NULL,NULL,NULL,NULL),(NULL,NULL,NULL,NULL,NULL,NULL,NULL,NULL,NULL,NULL,NULL,NULL,'13','LA LIBERTAD','1311','GRAN CHIMU','131103','COMPIN'),('13','LA LIBERTAD','1311','GRAN CHIMU','131104','SAYAPULLO','12','LA LIBERTAD','1211','GRAN CHIMU','121104','SAYAPULLO','13','LA LIBERTAD','1311','GRAN CHIMU','131104','SAYAPULLO'),('13','LA LIBERTAD','1312','VIRU','131201','VIRU','12','LA LIBERTAD','1212','VIRU','121201','VIRU','13','LA LIBERTAD','1312','VIRU','131201','VIRU'),('13','LA LIBERTAD','1312','VIRU','131202','CHAO','12','LA LIBERTAD','1212','VIRU','121202','CHAO','13','LA LIBERTAD','1312','VIRU','131202','CHAO'),('13','LA LIBERTAD','1312','VIRU','131203','GUADALUPITO','12','LA LIBERTAD','1212','VIRU','121203','GUADALUPITO','13','LA LIBERTAD','1312','VIRU','131203','GUADALUPITO'),('14','LAMBAYEQUE','1401','CHICLAYO','140101','CHICLAYO','13','LAMBAYEQUE','1301','CHICLAYO','130101','CHICLAYO','14','LAMBAYEQUE','1401','CHICLAYO','140101','CHICLAYO'),('14','LAMBAYEQUE','1401','CHICLAYO','140102','CHONGOYAPE','13','LAMBAYEQUE','1301','CHICLAYO','130102','CHONGOYAPE','14','LAMBAYEQUE','1401','CHICLAYO','140102','CHONGOYAPE'),('14','LAMBAYEQUE','1401','CHICLAYO','140103','ETEN','13','LAMBAYEQUE','1301','CHICLAYO','130103','ETEN','14','LAMBAYEQUE','1401','CHICLAYO','140103','ETEN'),('14','LAMBAYEQUE','1401','CHICLAYO','140104','ETEN PUERTO','13','LAMBAYEQUE','1301','CHICLAYO','130104','ETEN PUERTO','14','LAMBAYEQUE','1401','CHICLAYO','140104','ETEN PUERTO'),('14','LAMBAYEQUE','1401','CHICLAYO','140105','JOSE LEONARDO ORTIZ','13','LAMBAYEQUE','1301','CHICLAYO','130112','JOSE LEONARDO ORTIZ','14','LAMBAYEQUE','1401','CHICLAYO','140105','JOSE LEONARDO ORTIZ'),('14','LAMBAYEQUE','1401','CHICLAYO','140106','LA VICTORIA','13','LAMBAYEQUE','1301','CHICLAYO','130115','LA VICTORIA','14','LAMBAYEQUE','1401','CHICLAYO','140106','LA VICTORIA'),('14','LAMBAYEQUE','1401','CHICLAYO','140107','LAGUNAS','13','LAMBAYEQUE','1301','CHICLAYO','130105','LAGUNAS','14','LAMBAYEQUE','1401','CHICLAYO','140107','LAGUNAS'),('14','LAMBAYEQUE','1401','CHICLAYO','140108','MONSEFU','13','LAMBAYEQUE','1301','CHICLAYO','130106','MONSEFU','14','LAMBAYEQUE','1401','CHICLAYO','140108','MONSEFU'),('14','LAMBAYEQUE','1401','CHICLAYO','140109','NUEVA ARICA','13','LAMBAYEQUE','1301','CHICLAYO','130107','NUEVA ARICA','14','LAMBAYEQUE','1401','CHICLAYO','140109','NUEVA ARICA'),('14','LAMBAYEQUE','1401','CHICLAYO','140110','OYOTUN','13','LAMBAYEQUE','1301','CHICLAYO','130108','OYOTUN','14','LAMBAYEQUE','1401','CHICLAYO','140110','OYOTUN'),('14','LAMBAYEQUE','1401','CHICLAYO','140111','PICSI','13','LAMBAYEQUE','1301','CHICLAYO','130109','PICSI','14','LAMBAYEQUE','1401','CHICLAYO','140111','PICSI'),('14','LAMBAYEQUE','1401','CHICLAYO','140112','PIMENTEL','13','LAMBAYEQUE','1301','CHICLAYO','130110','PIMENTEL','14','LAMBAYEQUE','1401','CHICLAYO','140112','PIMENTEL'),('14','LAMBAYEQUE','1401','CHICLAYO','140113','REQUE','13','LAMBAYEQUE','1301','CHICLAYO','130111','REQUE','14','LAMBAYEQUE','1401','CHICLAYO','140113','REQUE'),('14','LAMBAYEQUE','1401','CHICLAYO','140114','SANTA ROSA','13','LAMBAYEQUE','1301','CHICLAYO','130113','SANTA ROSA','14','LAMBAYEQUE','1401','CHICLAYO','140114','SANTA ROSA'),('14','LAMBAYEQUE','1401','CHICLAYO','140115','SAÑA','13','LAMBAYEQUE','1301','CHICLAYO','130114','SAÑA','14','LAMBAYEQUE','1401','CHICLAYO','140115','SAÑA'),('14','LAMBAYEQUE','1401','CHICLAYO','140116','CAYALTI','13','LAMBAYEQUE','1301','CHICLAYO','130116','CAYALTI','14','LAMBAYEQUE','1401','CHICLAYO','140116','CAYALTI'),('14','LAMBAYEQUE','1401','CHICLAYO','140117','PATAPO','13','LAMBAYEQUE','1301','CHICLAYO','130117','PATAPO','14','LAMBAYEQUE','1401','CHICLAYO','140117','PATAPO'),('14','LAMBAYEQUE','1401','CHICLAYO','140118','POMALCA','13','LAMBAYEQUE','1301','CHICLAYO','130118','POMALCA','14','LAMBAYEQUE','1401','CHICLAYO','140118','POMALCA'),('14','LAMBAYEQUE','1401','CHICLAYO','140119','PUCALA','13','LAMBAYEQUE','1301','CHICLAYO','130119','PUCALA','14','LAMBAYEQUE','1401','CHICLAYO','140119','PUCALA'),('14','LAMBAYEQUE','1401','CHICLAYO','140120','TUMAN','13','LAMBAYEQUE','1301','CHICLAYO','130120','TUMAN','14','LAMBAYEQUE','1401','CHICLAYO','140120','TUMAN'),('14','LAMBAYEQUE','1402','FERREÑAFE','140201','FERREÑAFE','13','LAMBAYEQUE','1302','FERREÑAFE','130201','FERREÑAFE','14','LAMBAYEQUE','1402','FERREÑAFE','140201','FERREÑAFE'),('14','LAMBAYEQUE','1402','FERREÑAFE','140202','CAÑARIS','13','LAMBAYEQUE','1302','FERREÑAFE','130203','CAÑARIS','14','LAMBAYEQUE','1402','FERREÑAFE','140202','CAÑARIS'),('14','LAMBAYEQUE','1402','FERREÑAFE','140203','INCAHUASI','13','LAMBAYEQUE','1302','FERREÑAFE','130202','INCAHUASI','14','LAMBAYEQUE','1402','FERREÑAFE','140203','INCAHUASI'),('14','LAMBAYEQUE','1402','FERREÑAFE','140204','MANUEL ANTONIO MESONES MURO','13','LAMBAYEQUE','1302','FERREÑAFE','130206','MANUEL ANTONIO MESONES MURO','14','LAMBAYEQUE','1402','FERREÑAFE','140204','MANUEL ANTONIO MESONES MURO'),('14','LAMBAYEQUE','1402','FERREÑAFE','140205','PITIPO','13','LAMBAYEQUE','1302','FERREÑAFE','130204','PITIPO','14','LAMBAYEQUE','1402','FERREÑAFE','140205','PITIPO'),('14','LAMBAYEQUE','1402','FERREÑAFE','140206','PUEBLO NUEVO','13','LAMBAYEQUE','1302','FERREÑAFE','130205','PUEBLO NUEVO','14','LAMBAYEQUE','1402','FERREÑAFE','140206','PUEBLO NUEVO'),('14','LAMBAYEQUE','1403','LAMBAYEQUE','140301','LAMBAYEQUE','13','LAMBAYEQUE','1303','LAMBAYEQUE','130301','LAMBAYEQUE','14','LAMBAYEQUE','1403','LAMBAYEQUE','140301','LAMBAYEQUE'),('14','LAMBAYEQUE','1403','LAMBAYEQUE','140302','CHOCHOPE','13','LAMBAYEQUE','1303','LAMBAYEQUE','130302','CHOCHOPE','14','LAMBAYEQUE','1403','LAMBAYEQUE','140302','CHOCHOPE'),('14','LAMBAYEQUE','1403','LAMBAYEQUE','140303','ILLIMO','13','LAMBAYEQUE','1303','LAMBAYEQUE','130303','ILLIMO','14','LAMBAYEQUE','1403','LAMBAYEQUE','140303','ILLIMO'),('14','LAMBAYEQUE','1403','LAMBAYEQUE','140304','JAYANCA','13','LAMBAYEQUE','1303','LAMBAYEQUE','130304','JAYANCA','14','LAMBAYEQUE','1403','LAMBAYEQUE','140304','JAYANCA'),('14','LAMBAYEQUE','1403','LAMBAYEQUE','140305','MOCHUMI','13','LAMBAYEQUE','1303','LAMBAYEQUE','130305','MOCHUMI','14','LAMBAYEQUE','1403','LAMBAYEQUE','140305','MOCHUMI'),('14','LAMBAYEQUE','1403','LAMBAYEQUE','140306','MORROPE','13','LAMBAYEQUE','1303','LAMBAYEQUE','130306','MORROPE','14','LAMBAYEQUE','1403','LAMBAYEQUE','140306','MORROPE'),('14','LAMBAYEQUE','1403','LAMBAYEQUE','140307','MOTUPE','13','LAMBAYEQUE','1303','LAMBAYEQUE','130307','MOTUPE','14','LAMBAYEQUE','1403','LAMBAYEQUE','140307','MOTUPE'),('14','LAMBAYEQUE','1403','LAMBAYEQUE','140308','OLMOS','13','LAMBAYEQUE','1303','LAMBAYEQUE','130308','OLMOS','14','LAMBAYEQUE','1403','LAMBAYEQUE','140308','OLMOS'),('14','LAMBAYEQUE','1403','LAMBAYEQUE','140309','PACORA','13','LAMBAYEQUE','1303','LAMBAYEQUE','130309','PACORA','14','LAMBAYEQUE','1403','LAMBAYEQUE','140309','PACORA'),('14','LAMBAYEQUE','1403','LAMBAYEQUE','140310','SALAS','13','LAMBAYEQUE','1303','LAMBAYEQUE','130310','SALAS','14','LAMBAYEQUE','1403','LAMBAYEQUE','140310','SALAS'),('14','LAMBAYEQUE','1403','LAMBAYEQUE','140311','SAN JOSE','13','LAMBAYEQUE','1303','LAMBAYEQUE','130311','SAN JOSE','14','LAMBAYEQUE','1403','LAMBAYEQUE','140311','SAN JOSE'),('14','LAMBAYEQUE','1403','LAMBAYEQUE','140312','TUCUME','13','LAMBAYEQUE','1303','LAMBAYEQUE','130312','TUCUME','14','LAMBAYEQUE','1403','LAMBAYEQUE','140312','TUCUME'),('15','LIMA','1501','LIMA','150101','LIMA','14','LIMA','1401','LIMA','140101','LIMA','15','LIMA','1501','LIMA','150101','LIMA'),('15','LIMA','1501','LIMA','150102','ANCON','14','LIMA','1401','LIMA','140102','ANCON','15','LIMA','1501','LIMA','150102','ANCON'),('15','LIMA','1501','LIMA','150103','ATE','14','LIMA','1401','LIMA','140103','ATE','15','LIMA','1501','LIMA','150103','ATE'),('15','LIMA','1501','LIMA','150104','BARRANCO','14','LIMA','1401','LIMA','140125','BARRANCO','15','LIMA','1501','LIMA','150104','BARRANCO'),('15','LIMA','1501','LIMA','150105','BREÑA','14','LIMA','1401','LIMA','140104','BREÑA','15','LIMA','1501','LIMA','150105','BREÑA'),('15','LIMA','1501','LIMA','150106','CARABAYLLO','14','LIMA','1401','LIMA','140105','CARABAYLLO','15','LIMA','1501','LIMA','150106','CARABAYLLO'),('15','LIMA','1501','LIMA','150107','CHACLACAYO','14','LIMA','1401','LIMA','140107','CHACLACAYO','15','LIMA','1501','LIMA','150107','CHACLACAYO'),('15','LIMA','1501','LIMA','150108','CHORRILLOS','14','LIMA','1401','LIMA','140108','CHORRILLOS','15','LIMA','1501','LIMA','150108','CHORRILLOS'),('15','LIMA','1501','LIMA','150109','CIENEGUILLA','14','LIMA','1401','LIMA','140139','CIENEGUILLA','15','LIMA','1501','LIMA','150109','CIENEGUILLA'),('15','LIMA','1501','LIMA','150110','COMAS','14','LIMA','1401','LIMA','140106','COMAS','15','LIMA','1501','LIMA','150110','COMAS'),('15','LIMA','1501','LIMA','150111','EL AGUSTINO','14','LIMA','1401','LIMA','140135','EL AGUSTINO','15','LIMA','1501','LIMA','150111','EL AGUSTINO'),('15','LIMA','1501','LIMA','150112','INDEPENDENCIA','14','LIMA','1401','LIMA','140134','INDEPENDENCIA','15','LIMA','1501','LIMA','150112','INDEPENDENCIA'),('15','LIMA','1501','LIMA','150113','JESUS MARIA','14','LIMA','1401','LIMA','140133','JESUS MARIA','15','LIMA','1501','LIMA','150113','JESUS MARIA'),('15','LIMA','1501','LIMA','150114','LA MOLINA','14','LIMA','1401','LIMA','140110','LA MOLINA','15','LIMA','1501','LIMA','150114','LA MOLINA'),('15','LIMA','1501','LIMA','150115','LA VICTORIA','14','LIMA','1401','LIMA','140109','LA VICTORIA','15','LIMA','1501','LIMA','150115','LA VICTORIA'),('15','LIMA','1501','LIMA','150116','LINCE','14','LIMA','1401','LIMA','140111','LINCE','15','LIMA','1501','LIMA','150116','LINCE'),('15','LIMA','1501','LIMA','150117','LOS OLIVOS','14','LIMA','1401','LIMA','140142','LOS OLIVOS','15','LIMA','1501','LIMA','150117','LOS OLIVOS'),('15','LIMA','1501','LIMA','150118','LURIGANCHO','14','LIMA','1401','LIMA','140112','LURIGANCHO','15','LIMA','1501','LIMA','150118','LURIGANCHO'),('15','LIMA','1501','LIMA','150119','LURIN','14','LIMA','1401','LIMA','140113','LURIN','15','LIMA','1501','LIMA','150119','LURIN'),('15','LIMA','1501','LIMA','150120','MAGDALENA DEL MAR','14','LIMA','1401','LIMA','140114','MAGDALENA DEL MAR','15','LIMA','1501','LIMA','150120','MAGDALENA DEL MAR'),('15','LIMA','1501','LIMA','150121','PUEBLO LIBRE','14','LIMA','1401','LIMA','140117','PUEBLO LIBRE','15','LIMA','1501','LIMA','150121','PUEBLO LIBRE'),('15','LIMA','1501','LIMA','150122','MIRAFLORES','14','LIMA','1401','LIMA','140115','MIRAFLORES','15','LIMA','1501','LIMA','150122','MIRAFLORES'),('15','LIMA','1501','LIMA','150123','PACHACAMAC','14','LIMA','1401','LIMA','140116','PACHACAMAC','15','LIMA','1501','LIMA','150123','PACHACAMAC'),('15','LIMA','1501','LIMA','150124','PUCUSANA','14','LIMA','1401','LIMA','140118','PUCUSANA','15','LIMA','1501','LIMA','150124','PUCUSANA'),('15','LIMA','1501','LIMA','150125','PUENTE PIEDRA','14','LIMA','1401','LIMA','140119','PUENTE PIEDRA','15','LIMA','1501','LIMA','150125','PUENTE PIEDRA'),('15','LIMA','1501','LIMA','150126','PUNTA HERMOSA','14','LIMA','1401','LIMA','140120','PUNTA HERMOSA','15','LIMA','1501','LIMA','150126','PUNTA HERMOSA'),('15','LIMA','1501','LIMA','150127','PUNTA NEGRA','14','LIMA','1401','LIMA','140121','PUNTA NEGRA','15','LIMA','1501','LIMA','150127','PUNTA NEGRA'),('15','LIMA','1501','LIMA','150128','RIMAC','14','LIMA','1401','LIMA','140122','RIMAC','15','LIMA','1501','LIMA','150128','RIMAC'),('15','LIMA','1501','LIMA','150129','SAN BARTOLO','14','LIMA','1401','LIMA','140123','SAN BARTOLO','15','LIMA','1501','LIMA','150129','SAN BARTOLO'),('15','LIMA','1501','LIMA','150130','SAN BORJA','14','LIMA','1401','LIMA','140140','SAN BORJA','15','LIMA','1501','LIMA','150130','SAN BORJA'),('15','LIMA','1501','LIMA','150131','SAN ISIDRO','14','LIMA','1401','LIMA','140124','SAN ISIDRO','15','LIMA','1501','LIMA','150131','SAN ISIDRO'),('15','LIMA','1501','LIMA','150132','SAN JUAN DE LURIGANCHO','14','LIMA','1401','LIMA','140137','SAN JUAN DE LURIGANCHO','15','LIMA','1501','LIMA','150132','SAN JUAN DE LURIGANCHO'),('15','LIMA','1501','LIMA','150133','SAN JUAN DE MIRAFLORES','14','LIMA','1401','LIMA','140136','SAN JUAN DE MIRAFLORES','15','LIMA','1501','LIMA','150133','SAN JUAN DE MIRAFLORES'),('15','LIMA','1501','LIMA','150134','SAN LUIS','14','LIMA','1401','LIMA','140138','SAN LUIS','15','LIMA','1501','LIMA','150134','SAN LUIS'),('15','LIMA','1501','LIMA','150135','SAN MARTIN DE PORRES','14','LIMA','1401','LIMA','140126','SAN MARTIN DE PORRES','15','LIMA','1501','LIMA','150135','SAN MARTIN DE PORRES'),('15','LIMA','1501','LIMA','150136','SAN MIGUEL','14','LIMA','1401','LIMA','140127','SAN MIGUEL','15','LIMA','1501','LIMA','150136','SAN MIGUEL'),('15','LIMA','1501','LIMA','150137','SANTA ANITA','14','LIMA','1401','LIMA','140143','SANTA ANITA','15','LIMA','1501','LIMA','150137','SANTA ANITA'),('15','LIMA','1501','LIMA','150138','SANTA MARIA DEL MAR','14','LIMA','1401','LIMA','140128','SANTA MARIA DEL MAR','15','LIMA','1501','LIMA','150138','SANTA MARIA DEL MAR'),('15','LIMA','1501','LIMA','150139','SANTA ROSA','14','LIMA','1401','LIMA','140129','SANTA ROSA','15','LIMA','1501','LIMA','150139','SANTA ROSA'),('15','LIMA','1501','LIMA','150140','SANTIAGO DE SURCO','14','LIMA','1401','LIMA','140130','SANTIAGO DE SURCO','15','LIMA','1501','LIMA','150140','SANTIAGO DE SURCO'),('15','LIMA','1501','LIMA','150141','SURQUILLO','14','LIMA','1401','LIMA','140131','SURQUILLO','15','LIMA','1501','LIMA','150141','SURQUILLO'),('15','LIMA','1501','LIMA','150142','VILLA EL SALVADOR','14','LIMA','1401','LIMA','140141','VILLA EL SALVADOR','15','LIMA','1501','LIMA','150142','VILLA EL SALVADOR'),('15','LIMA','1501','LIMA','150143','VILLA MARIA DEL TRIUNFO','14','LIMA','1401','LIMA','140132','VILLA MARIA DEL TRIUNFO','15','LIMA','1501','LIMA','150143','VILLA MARIA DEL TRIUNFO'),('15','LIMA','1502','BARRANCA','150201','BARRANCA','14','LIMA','1409','BARRANCA','140901','BARRANCA','15','LIMA','1502','BARRANCA','150201','BARRANCA'),('15','LIMA','1502','BARRANCA','150202','PARAMONGA','14','LIMA','1409','BARRANCA','140902','PARAMONGA','15','LIMA','1502','BARRANCA','150202','PARAMONGA'),('15','LIMA','1502','BARRANCA','150203','PATIVILCA','14','LIMA','1409','BARRANCA','140903','PATIVILCA','15','LIMA','1502','BARRANCA','150203','PATIVILCA'),('15','LIMA','1502','BARRANCA','150204','SUPE','14','LIMA','1409','BARRANCA','140904','SUPE','15','LIMA','1502','BARRANCA','150204','SUPE'),('15','LIMA','1502','BARRANCA','150205','SUPE PUERTO','14','LIMA','1409','BARRANCA','140905','SUPE PUERTO','15','LIMA','1502','BARRANCA','150205','SUPE PUERTO'),('15','LIMA','1503','CAJATAMBO','150301','CAJATAMBO','14','LIMA','1402','CAJATAMBO','140201','CAJATAMBO','15','LIMA','1503','CAJATAMBO','150301','CAJATAMBO'),('15','LIMA','1503','CAJATAMBO','150302','COPA','14','LIMA','1402','CAJATAMBO','140205','COPA','15','LIMA','1503','CAJATAMBO','150302','COPA'),('15','LIMA','1503','CAJATAMBO','150303','GORGOR','14','LIMA','1402','CAJATAMBO','140206','GORGOR','15','LIMA','1503','CAJATAMBO','150303','GORGOR'),('15','LIMA','1503','CAJATAMBO','150304','HUANCAPON','14','LIMA','1402','CAJATAMBO','140207','HUANCAPON','15','LIMA','1503','CAJATAMBO','150304','HUANCAPON'),('15','LIMA','1503','CAJATAMBO','150305','MANAS','14','LIMA','1402','CAJATAMBO','140208','MANAS','15','LIMA','1503','CAJATAMBO','150305','MANAS'),('15','LIMA','1504','CANTA','150401','CANTA','14','LIMA','1403','CANTA','140301','CANTA','15','LIMA','1504','CANTA','150401','CANTA'),('15','LIMA','1504','CANTA','150402','ARAHUAY','14','LIMA','1403','CANTA','140302','ARAHUAY','15','LIMA','1504','CANTA','150402','ARAHUAY'),('15','LIMA','1504','CANTA','150403','HUAMANTANGA','14','LIMA','1403','CANTA','140303','HUAMANTANGA','15','LIMA','1504','CANTA','150403','HUAMANTANGA'),('15','LIMA','1504','CANTA','150404','HUAROS','14','LIMA','1403','CANTA','140304','HUAROS','15','LIMA','1504','CANTA','150404','HUAROS'),('15','LIMA','1504','CANTA','150405','LACHAQUI','14','LIMA','1403','CANTA','140305','LACHAQUI','15','LIMA','1504','CANTA','150405','LACHAQUI'),('15','LIMA','1504','CANTA','150406','SAN BUENAVENTURA','14','LIMA','1403','CANTA','140306','SAN BUENAVENTURA','15','LIMA','1504','CANTA','150406','SAN BUENAVENTURA'),('15','LIMA','1504','CANTA','150407','SANTA ROSA DE QUIVES','14','LIMA','1403','CANTA','140307','SANTA ROSA DE QUIVES','15','LIMA','1504','CANTA','150407','SANTA ROSA DE QUIVES'),('15','LIMA','1505','CAÑETE','150501','SAN VICENTE DE CAÑETE','14','LIMA','1404','CAÑETE','140401','SAN VICENTE DE CAÑETE','15','LIMA','1505','CAÑETE','150501','SAN VICENTE DE CAÑETE'),('15','LIMA','1505','CAÑETE','150502','ASIA','14','LIMA','1404','CAÑETE','140416','ASIA','15','LIMA','1505','CAÑETE','150502','ASIA'),('15','LIMA','1505','CAÑETE','150503','CALANGO','14','LIMA','1404','CAÑETE','140402','CALANGO','15','LIMA','1505','CAÑETE','150503','CALANGO'),('15','LIMA','1505','CAÑETE','150504','CERRO AZUL','14','LIMA','1404','CAÑETE','140403','CERRO AZUL','15','LIMA','1505','CAÑETE','150504','CERRO AZUL'),('15','LIMA','1505','CAÑETE','150505','CHILCA','14','LIMA','1404','CAÑETE','140405','CHILCA','15','LIMA','1505','CAÑETE','150505','CHILCA'),('15','LIMA','1505','CAÑETE','150506','COAYLLO','14','LIMA','1404','CAÑETE','140404','COAYLLO','15','LIMA','1505','CAÑETE','150506','COAYLLO'),('15','LIMA','1505','CAÑETE','150507','IMPERIAL','14','LIMA','1404','CAÑETE','140406','IMPERIAL','15','LIMA','1505','CAÑETE','150507','IMPERIAL'),('15','LIMA','1505','CAÑETE','150508','LUNAHUANA','14','LIMA','1404','CAÑETE','140407','LUNAHUANA','15','LIMA','1505','CAÑETE','150508','LUNAHUANA'),('15','LIMA','1505','CAÑETE','150509','MALA','14','LIMA','1404','CAÑETE','140408','MALA','15','LIMA','1505','CAÑETE','150509','MALA'),('15','LIMA','1505','CAÑETE','150510','NUEVO IMPERIAL','14','LIMA','1404','CAÑETE','140409','NUEVO IMPERIAL','15','LIMA','1505','CAÑETE','150510','NUEVO IMPERIAL'),('15','LIMA','1505','CAÑETE','150511','PACARAN','14','LIMA','1404','CAÑETE','140410','PACARAN','15','LIMA','1505','CAÑETE','150511','PACARAN'),('15','LIMA','1505','CAÑETE','150512','QUILMANA','14','LIMA','1404','CAÑETE','140411','QUILMANA','15','LIMA','1505','CAÑETE','150512','QUILMANA'),('15','LIMA','1505','CAÑETE','150513','SAN ANTONIO','14','LIMA','1404','CAÑETE','140412','SAN ANTONIO','15','LIMA','1505','CAÑETE','150513','SAN ANTONIO'),('15','LIMA','1505','CAÑETE','150514','SAN LUIS','14','LIMA','1404','CAÑETE','140413','SAN LUIS','15','LIMA','1505','CAÑETE','150514','SAN LUIS'),('15','LIMA','1505','CAÑETE','150515','SANTA CRUZ DE FLORES','14','LIMA','1404','CAÑETE','140414','SANTA CRUZ DE FLORES','15','LIMA','1505','CAÑETE','150515','SANTA CRUZ DE FLORES'),('15','LIMA','1505','CAÑETE','150516','ZUÑIGA','14','LIMA','1404','CAÑETE','140415','ZUÑIGA','15','LIMA','1505','CAÑETE','150516','ZUÑIGA'),('15','LIMA','1506','HUARAL','150601','HUARAL','14','LIMA','1408','HUARAL','140801','HUARAL','15','LIMA','1506','HUARAL','150601','HUARAL'),('15','LIMA','1506','HUARAL','150602','ATAVILLOS ALTO','14','LIMA','1408','HUARAL','140802','ATAVILLOS ALTO','15','LIMA','1506','HUARAL','150602','ATAVILLOS ALTO'),('15','LIMA','1506','HUARAL','150603','ATAVILLOS BAJO','14','LIMA','1408','HUARAL','140803','ATAVILLOS BAJO','15','LIMA','1506','HUARAL','150603','ATAVILLOS BAJO'),('15','LIMA','1506','HUARAL','150604','AUCALLAMA','14','LIMA','1408','HUARAL','140804','AUCALLAMA','15','LIMA','1506','HUARAL','150604','AUCALLAMA'),('15','LIMA','1506','HUARAL','150605','CHANCAY','14','LIMA','1408','HUARAL','140805','CHANCAY','15','LIMA','1506','HUARAL','150605','CHANCAY'),('15','LIMA','1506','HUARAL','150606','IHUARI','14','LIMA','1408','HUARAL','140806','IHUARI','15','LIMA','1506','HUARAL','150606','IHUARI'),('15','LIMA','1506','HUARAL','150607','LAMPIAN','14','LIMA','1408','HUARAL','140807','LAMPIAN','15','LIMA','1506','HUARAL','150607','LAMPIAN'),('15','LIMA','1506','HUARAL','150608','PACARAOS','14','LIMA','1408','HUARAL','140808','PACARAOS','15','LIMA','1506','HUARAL','150608','PACARAOS'),('15','LIMA','1506','HUARAL','150609','SAN MIGUEL DE ACOS','14','LIMA','1408','HUARAL','140809','SAN MIGUEL DE ACOS','15','LIMA','1506','HUARAL','150609','SAN MIGUEL DE ACOS'),('15','LIMA','1506','HUARAL','150610','SANTA CRUZ DE ANDAMARCA','14','LIMA','1408','HUARAL','140811','SANTA CRUZ DE ANDAMARCA','15','LIMA','1506','HUARAL','150610','SANTA CRUZ DE ANDAMARCA'),('15','LIMA','1506','HUARAL','150611','SUMBILCA','14','LIMA','1408','HUARAL','140812','SUMBILCA','15','LIMA','1506','HUARAL','150611','SUMBILCA'),('15','LIMA','1506','HUARAL','150612','VEINTISIETE DE NOVIEMBRE','14','LIMA','1408','HUARAL','140810','VEINTISIETE DE NOVIEMBRE','15','LIMA','1506','HUARAL','150612','VEINTISIETE DE NOVIEMBRE'),('15','LIMA','1507','HUAROCHIRI','150701','MATUCANA','14','LIMA','1406','HUAROCHIRI','140601','MATUCANA','15','LIMA','1507','HUAROCHIRI','150701','MATUCANA'),('15','LIMA','1507','HUAROCHIRI','150702','ANTIOQUIA','14','LIMA','1406','HUAROCHIRI','140602','ANTIOQUIA','15','LIMA','1507','HUAROCHIRI','150702','ANTIOQUIA'),('15','LIMA','1507','HUAROCHIRI','150703','CALLAHUANCA','14','LIMA','1406','HUAROCHIRI','140603','CALLAHUANCA','15','LIMA','1507','HUAROCHIRI','150703','CALLAHUANCA'),('15','LIMA','1507','HUAROCHIRI','150704','CARAMPOMA','14','LIMA','1406','HUAROCHIRI','140604','CARAMPOMA','15','LIMA','1507','HUAROCHIRI','150704','CARAMPOMA'),('15','LIMA','1507','HUAROCHIRI','150705','CHICLA','14','LIMA','1406','HUAROCHIRI','140607','CHICLA','15','LIMA','1507','HUAROCHIRI','150705','CHICLA'),('15','LIMA','1507','HUAROCHIRI','150706','CUENCA',NULL,NULL,NULL,NULL,NULL,NULL,'15','LIMA','1507','HUAROCHIRI','150706','CUENCA'),(NULL,NULL,NULL,NULL,NULL,NULL,'14','LIMA','1406','HUAROCHIRI','140606','SAN JOSE DE LOS CHORRILLOS',NULL,NULL,NULL,NULL,NULL,NULL),('15','LIMA','1507','HUAROCHIRI','150707','HUACHUPAMPA','14','LIMA','1406','HUAROCHIRI','140630','HUACHUPAMPA','15','LIMA','1507','HUAROCHIRI','150707','HUACHUPAMPA'),('15','LIMA','1507','HUAROCHIRI','150708','HUANZA','14','LIMA','1406','HUAROCHIRI','140608','HUANZA','15','LIMA','1507','HUAROCHIRI','150708','HUANZA'),('15','LIMA','1507','HUAROCHIRI','150709','HUAROCHIRI','14','LIMA','1406','HUAROCHIRI','140609','HUAROCHIRI','15','LIMA','1507','HUAROCHIRI','150709','HUAROCHIRI'),('15','LIMA','1507','HUAROCHIRI','150710','LAHUAYTAMBO','14','LIMA','1406','HUAROCHIRI','140610','LAHUAYTAMBO','15','LIMA','1507','HUAROCHIRI','150710','LAHUAYTAMBO'),('15','LIMA','1507','HUAROCHIRI','150711','LANGA','14','LIMA','1406','HUAROCHIRI','140611','LANGA','15','LIMA','1507','HUAROCHIRI','150711','LANGA'),('15','LIMA','1507','HUAROCHIRI','150712','LARAOS','14','LIMA','1406','HUAROCHIRI','140631','LARAOS','15','LIMA','1507','HUAROCHIRI','150712','LARAOS'),('15','LIMA','1507','HUAROCHIRI','150713','MARIATANA','14','LIMA','1406','HUAROCHIRI','140612','MARIATANA','15','LIMA','1507','HUAROCHIRI','150713','MARIATANA'),('15','LIMA','1507','HUAROCHIRI','150714','RICARDO PALMA','14','LIMA','1406','HUAROCHIRI','140613','RICARDO PALMA','15','LIMA','1507','HUAROCHIRI','150714','RICARDO PALMA'),('15','LIMA','1507','HUAROCHIRI','150715','SAN ANDRES DE TUPICOCHA','14','LIMA','1406','HUAROCHIRI','140614','SAN ANDRES DE TUPICOCHA','15','LIMA','1507','HUAROCHIRI','150715','SAN ANDRES DE TUPICOCHA'),('15','LIMA','1507','HUAROCHIRI','150716','SAN ANTONIO','14','LIMA','1406','HUAROCHIRI','140615','SAN ANTONIO','15','LIMA','1507','HUAROCHIRI','150716','SAN ANTONIO'),('15','LIMA','1507','HUAROCHIRI','150717','SAN BARTOLOME','14','LIMA','1406','HUAROCHIRI','140616','SAN BARTOLOME','15','LIMA','1507','HUAROCHIRI','150717','SAN BARTOLOME'),('15','LIMA','1507','HUAROCHIRI','150718','SAN DAMIAN','14','LIMA','1406','HUAROCHIRI','140617','SAN DAMIAN','15','LIMA','1507','HUAROCHIRI','150718','SAN DAMIAN'),('15','LIMA','1507','HUAROCHIRI','150719','SAN JUAN DE IRIS','14','LIMA','1406','HUAROCHIRI','140632','SAN JUAN DE IRIS','15','LIMA','1507','HUAROCHIRI','150719','SAN JUAN DE IRIS'),('15','LIMA','1507','HUAROCHIRI','150720','SAN JUAN DE TANTARANCHE','14','LIMA','1406','HUAROCHIRI','140619','SAN JUAN DE TANTARANCHE','15','LIMA','1507','HUAROCHIRI','150720','SAN JUAN DE TANTARANCHE'),('15','LIMA','1507','HUAROCHIRI','150721','SAN LORENZO DE QUINTI','14','LIMA','1406','HUAROCHIRI','140620','SAN LORENZO DE QUINTI','15','LIMA','1507','HUAROCHIRI','150721','SAN LORENZO DE QUINTI'),('15','LIMA','1507','HUAROCHIRI','150722','SAN MATEO','14','LIMA','1406','HUAROCHIRI','140621','SAN MATEO','15','LIMA','1507','HUAROCHIRI','150722','SAN MATEO'),('15','LIMA','1507','HUAROCHIRI','150723','SAN MATEO DE OTAO','14','LIMA','1406','HUAROCHIRI','140622','SAN MATEO DE OTAO','15','LIMA','1507','HUAROCHIRI','150723','SAN MATEO DE OTAO'),('15','LIMA','1507','HUAROCHIRI','150724','SAN PEDRO DE CASTA','14','LIMA','1406','HUAROCHIRI','140605','CASTA','15','LIMA','1507','HUAROCHIRI','150724','SAN PEDRO DE CASTA'),('15','LIMA','1507','HUAROCHIRI','150725','SAN PEDRO DE HUANCAYRE','14','LIMA','1406','HUAROCHIRI','140623','SAN PEDRO DE HUANCAYRE','15','LIMA','1507','HUAROCHIRI','150725','SAN PEDRO DE HUANCAYRE'),('15','LIMA','1507','HUAROCHIRI','150726','SANGALLAYA','14','LIMA','1406','HUAROCHIRI','140618','SANGALLAYA','15','LIMA','1507','HUAROCHIRI','150726','SANGALLAYA'),('15','LIMA','1507','HUAROCHIRI','150727','SANTA CRUZ DE COCACHACRA','14','LIMA','1406','HUAROCHIRI','140624','SANTA CRUZ DE COCACHACRA','15','LIMA','1507','HUAROCHIRI','150727','SANTA CRUZ DE COCACHACRA'),('15','LIMA','1507','HUAROCHIRI','150728','SANTA EULALIA','14','LIMA','1406','HUAROCHIRI','140625','SANTA EULALIA','15','LIMA','1507','HUAROCHIRI','150728','SANTA EULALIA'),('15','LIMA','1507','HUAROCHIRI','150729','SANTIAGO DE ANCHUCAYA','14','LIMA','1406','HUAROCHIRI','140626','SANTIAGO DE ANCHUCAYA','15','LIMA','1507','HUAROCHIRI','150729','SANTIAGO DE ANCHUCAYA'),('15','LIMA','1507','HUAROCHIRI','150730','SANTIAGO DE TUNA','14','LIMA','1406','HUAROCHIRI','140627','SANTIAGO DE TUNA','15','LIMA','1507','HUAROCHIRI','150730','SANTIAGO DE TUNA'),('15','LIMA','1507','HUAROCHIRI','150731','SANTO DOMINGO DE LOS OLLEROS','14','LIMA','1406','HUAROCHIRI','140628','SANTO DOMINGO DE LOS OLLEROS','15','LIMA','1507','HUAROCHIRI','150731','SANTO DOMINGO DE LOS OLLEROS'),('15','LIMA','1507','HUAROCHIRI','150732','SURCO','14','LIMA','1406','HUAROCHIRI','140629','SURCO','15','LIMA','1507','HUAROCHIRI','150732','SURCO'),('15','LIMA','1508','HUAURA','150801','HUACHO','14','LIMA','1405','HUAURA','140501','HUACHO','15','LIMA','1508','HUAURA','150801','HUACHO'),('15','LIMA','1508','HUAURA','150802','AMBAR','14','LIMA','1405','HUAURA','140502','AMBAR','15','LIMA','1508','HUAURA','150802','AMBAR'),('15','LIMA','1508','HUAURA','150803','CALETA DE CARQUIN','14','LIMA','1405','HUAURA','140504','CALETA DE CARQUIN','15','LIMA','1508','HUAURA','150803','CALETA DE CARQUIN'),('15','LIMA','1508','HUAURA','150804','CHECRAS','14','LIMA','1405','HUAURA','140505','CHECRAS','15','LIMA','1508','HUAURA','150804','CHECRAS'),('15','LIMA','1508','HUAURA','150805','HUALMAY','14','LIMA','1405','HUAURA','140506','HUALMAY','15','LIMA','1508','HUAURA','150805','HUALMAY'),('15','LIMA','1508','HUAURA','150806','HUAURA','14','LIMA','1405','HUAURA','140507','HUAURA','15','LIMA','1508','HUAURA','150806','HUAURA'),('15','LIMA','1508','HUAURA','150807','LEONCIO PRADO','14','LIMA','1405','HUAURA','140508','LEONCIO PRADO','15','LIMA','1508','HUAURA','150807','LEONCIO PRADO'),('15','LIMA','1508','HUAURA','150808','PACCHO','14','LIMA','1405','HUAURA','140509','PACCHO','15','LIMA','1508','HUAURA','150808','PACCHO'),('15','LIMA','1508','HUAURA','150809','SANTA LEONOR','14','LIMA','1405','HUAURA','140511','SANTA LEONOR','15','LIMA','1508','HUAURA','150809','SANTA LEONOR'),('15','LIMA','1508','HUAURA','150810','SANTA MARIA','14','LIMA','1405','HUAURA','140512','SANTA MARIA','15','LIMA','1508','HUAURA','150810','SANTA MARIA'),('15','LIMA','1508','HUAURA','150811','SAYAN','14','LIMA','1405','HUAURA','140513','SAYAN','15','LIMA','1508','HUAURA','150811','SAYAN'),('15','LIMA','1508','HUAURA','150812','VEGUETA','14','LIMA','1405','HUAURA','140516','VEGUETA','15','LIMA','1508','HUAURA','150812','VEGUETA'),('15','LIMA','1509','OYON','150901','OYON','14','LIMA','1410','OYON','141001','OYON','15','LIMA','1509','OYON','150901','OYON'),('15','LIMA','1509','OYON','150902','ANDAJES','14','LIMA','1410','OYON','141004','ANDAJES','15','LIMA','1509','OYON','150902','ANDAJES'),('15','LIMA','1509','OYON','150903','CAUJUL','14','LIMA','1410','OYON','141003','CAUJUL','15','LIMA','1509','OYON','150903','CAUJUL'),('15','LIMA','1509','OYON','150904','COCHAMARCA','14','LIMA','1410','OYON','141006','COCHAMARCA','15','LIMA','1509','OYON','150904','COCHAMARCA'),('15','LIMA','1509','OYON','150905','NAVAN','14','LIMA','1410','OYON','141002','NAVAN','15','LIMA','1509','OYON','150905','NAVAN'),('15','LIMA','1509','OYON','150906','PACHANGARA','14','LIMA','1410','OYON','141005','PACHANGARA','15','LIMA','1509','OYON','150906','PACHANGARA'),('15','LIMA','1510','YAUYOS','151001','YAUYOS','14','LIMA','1407','YAUYOS','140701','YAUYOS','15','LIMA','1510','YAUYOS','151001','YAUYOS'),('15','LIMA','1510','YAUYOS','151002','ALIS','14','LIMA','1407','YAUYOS','140702','ALIS','15','LIMA','1510','YAUYOS','151002','ALIS'),('15','LIMA','1510','YAUYOS','151003','ALLAUCA','14','LIMA','1407','YAUYOS','140703','ALLAUCA','15','LIMA','1510','YAUYOS','151003','ALLAUCA'),('15','LIMA','1510','YAUYOS','151004','AYAVIRI','14','LIMA','1407','YAUYOS','140704','AYAVIRI','15','LIMA','1510','YAUYOS','151004','AYAVIRI'),('15','LIMA','1510','YAUYOS','151005','AZANGARO','14','LIMA','1407','YAUYOS','140705','AZANGARO','15','LIMA','1510','YAUYOS','151005','AZANGARO'),('15','LIMA','1510','YAUYOS','151006','CACRA','14','LIMA','1407','YAUYOS','140706','CACRA','15','LIMA','1510','YAUYOS','151006','CACRA'),('15','LIMA','1510','YAUYOS','151007','CARANIA','14','LIMA','1407','YAUYOS','140707','CARANIA','15','LIMA','1510','YAUYOS','151007','CARANIA'),('15','LIMA','1510','YAUYOS','151008','CATAHUASI','14','LIMA','1407','YAUYOS','140733','CATAHUASI','15','LIMA','1510','YAUYOS','151008','CATAHUASI'),('15','LIMA','1510','YAUYOS','151009','CHOCOS','14','LIMA','1407','YAUYOS','140710','CHOCOS','15','LIMA','1510','YAUYOS','151009','CHOCOS'),('15','LIMA','1510','YAUYOS','151010','COCHAS','14','LIMA','1407','YAUYOS','140708','COCHAS','15','LIMA','1510','YAUYOS','151010','COCHAS'),('15','LIMA','1510','YAUYOS','151011','COLONIA','14','LIMA','1407','YAUYOS','140709','COLONIA','15','LIMA','1510','YAUYOS','151011','COLONIA'),('15','LIMA','1510','YAUYOS','151012','HONGOS','14','LIMA','1407','YAUYOS','140730','HONGOS','15','LIMA','1510','YAUYOS','151012','HONGOS'),('15','LIMA','1510','YAUYOS','151013','HUAMPARA','14','LIMA','1407','YAUYOS','140711','HUAMPARA','15','LIMA','1510','YAUYOS','151013','HUAMPARA'),('15','LIMA','1510','YAUYOS','151014','HUANCAYA','14','LIMA','1407','YAUYOS','140712','HUANCAYA','15','LIMA','1510','YAUYOS','151014','HUANCAYA'),('15','LIMA','1510','YAUYOS','151015','HUANGASCAR','14','LIMA','1407','YAUYOS','140713','HUANGASCAR','15','LIMA','1510','YAUYOS','151015','HUANGASCAR'),('15','LIMA','1510','YAUYOS','151016','HUANTAN','14','LIMA','1407','YAUYOS','140714','HUANTAN','15','LIMA','1510','YAUYOS','151016','HUANTAN'),('15','LIMA','1510','YAUYOS','151017','HUAÑEC','14','LIMA','1407','YAUYOS','140715','HUAÑEC','15','LIMA','1510','YAUYOS','151017','HUAÑEC'),('15','LIMA','1510','YAUYOS','151018','LARAOS','14','LIMA','1407','YAUYOS','140716','LARAOS','15','LIMA','1510','YAUYOS','151018','LARAOS'),('15','LIMA','1510','YAUYOS','151019','LINCHA','14','LIMA','1407','YAUYOS','140717','LINCHA','15','LIMA','1510','YAUYOS','151019','LINCHA'),('15','LIMA','1510','YAUYOS','151020','MADEAN','14','LIMA','1407','YAUYOS','140731','MADEAN','15','LIMA','1510','YAUYOS','151020','MADEAN'),('15','LIMA','1510','YAUYOS','151021','MIRAFLORES','14','LIMA','1407','YAUYOS','140718','MIRAFLORES','15','LIMA','1510','YAUYOS','151021','MIRAFLORES'),('15','LIMA','1510','YAUYOS','151022','OMAS','14','LIMA','1407','YAUYOS','140719','OMAS','15','LIMA','1510','YAUYOS','151022','OMAS'),('15','LIMA','1510','YAUYOS','151023','PUTINZA','14','LIMA','1407','YAUYOS','140732','PUTINZA','15','LIMA','1510','YAUYOS','151023','PUTINZA'),('15','LIMA','1510','YAUYOS','151024','QUINCHES','14','LIMA','1407','YAUYOS','140720','QUINCHES','15','LIMA','1510','YAUYOS','151024','QUINCHES'),('15','LIMA','1510','YAUYOS','151025','QUINOCAY','14','LIMA','1407','YAUYOS','140721','QUINOCAY','15','LIMA','1510','YAUYOS','151025','QUINOCAY'),('15','LIMA','1510','YAUYOS','151026','SAN JOAQUIN','14','LIMA','1407','YAUYOS','140722','SAN JOAQUIN','15','LIMA','1510','YAUYOS','151026','SAN JOAQUIN'),('15','LIMA','1510','YAUYOS','151027','SAN PEDRO DE PILAS','14','LIMA','1407','YAUYOS','140723','SAN PEDRO DE PILAS','15','LIMA','1510','YAUYOS','151027','SAN PEDRO DE PILAS'),('15','LIMA','1510','YAUYOS','151028','TANTA','14','LIMA','1407','YAUYOS','140724','TANTA','15','LIMA','1510','YAUYOS','151028','TANTA'),('15','LIMA','1510','YAUYOS','151029','TAURIPAMPA','14','LIMA','1407','YAUYOS','140725','TAURIPAMPA','15','LIMA','1510','YAUYOS','151029','TAURIPAMPA'),('15','LIMA','1510','YAUYOS','151030','TOMAS','14','LIMA','1407','YAUYOS','140727','TOMAS','15','LIMA','1510','YAUYOS','151030','TOMAS'),('15','LIMA','1510','YAUYOS','151031','TUPE','14','LIMA','1407','YAUYOS','140726','TUPE','15','LIMA','1510','YAUYOS','151031','TUPE'),('15','LIMA','1510','YAUYOS','151032','VIÑAC','14','LIMA','1407','YAUYOS','140728','VIÑAC','15','LIMA','1510','YAUYOS','151032','VIÑAC'),('15','LIMA','1510','YAUYOS','151033','VITIS','14','LIMA','1407','YAUYOS','140729','VITIS','15','LIMA','1510','YAUYOS','151033','VITIS'),('15','LORETO','1501','MAYNAS','160101','IQUITOS','15','LORETO','1501','MAYNAS','150101','IQUITOS','16','LORETO','1601','MAYNAS','160101','IQUITOS'),('15','LORETO','1501','MAYNAS','160102','ALTO NANAY','15','LORETO','1501','MAYNAS','150102','ALTO NANAY','16','LORETO','1601','MAYNAS','160102','ALTO NANAY'),('15','LORETO','1501','MAYNAS','160103','FERNANDO LORES','15','LORETO','1501','MAYNAS','150103','FERNANDO LORES','16','LORETO','1601','MAYNAS','160103','FERNANDO LORES'),('15','LORETO','1501','MAYNAS','160104','INDIANA','15','LORETO','1501','MAYNAS','150110','INDIANA','16','LORETO','1601','MAYNAS','160104','INDIANA'),('15','LORETO','1501','MAYNAS','160105','LAS AMAZONAS','15','LORETO','1501','MAYNAS','150104','LAS AMAZONAS','16','LORETO','1601','MAYNAS','160105','LAS AMAZONAS'),('15','LORETO','1501','MAYNAS','160106','MAZAN','15','LORETO','1501','MAYNAS','150105','MAZAN','16','LORETO','1601','MAYNAS','160106','MAZAN'),('15','LORETO','1501','MAYNAS','160107','NAPO','15','LORETO','1501','MAYNAS','150106','NAPO','16','LORETO','1601','MAYNAS','160107','NAPO'),('15','LORETO','1501','MAYNAS','160108','PUNCHANA','15','LORETO','1501','MAYNAS','150111','PUNCHANA','16','LORETO','1601','MAYNAS','160108','PUNCHANA'),('15','LORETO','1501','MAYNAS','160110','TORRES CAUSANA','15','LORETO','1501','MAYNAS','150108','TORRES CAUSANA','16','LORETO','1601','MAYNAS','160110','TORRES CAUSANA'),('15','LORETO','1501','MAYNAS','160112','BELEN','15','LORETO','1501','MAYNAS','150112','BELEN','16','LORETO','1601','MAYNAS','160112','BELEN'),('15','LORETO','1501','MAYNAS','160113','SAN JUAN BAUTISTA','15','LORETO','1501','MAYNAS','150113','SAN JUAN BAUTISTA','16','LORETO','1601','MAYNAS','160113','SAN JUAN BAUTISTA'),('15','LORETO','1502','ALTO AMAZONAS','160201','YURIMAGUAS','15','LORETO','1502','ALTO AMAZONAS','150201','YURIMAGUAS','16','LORETO','1602','ALTO AMAZONAS','160201','YURIMAGUAS'),('15','LORETO','1502','ALTO AMAZONAS','160202','BALSAPUERTO','15','LORETO','1502','ALTO AMAZONAS','150202','BALSAPUERTO','16','LORETO','1602','ALTO AMAZONAS','160202','BALSAPUERTO'),('15','LORETO','1502','ALTO AMAZONAS','160205','JEBEROS','15','LORETO','1502','ALTO AMAZONAS','150205','JEBEROS','16','LORETO','1602','ALTO AMAZONAS','160205','JEBEROS'),('15','LORETO','1502','ALTO AMAZONAS','160206','LAGUNAS','15','LORETO','1502','ALTO AMAZONAS','150206','LAGUNAS','16','LORETO','1602','ALTO AMAZONAS','160206','LAGUNAS'),('15','LORETO','1502','ALTO AMAZONAS','160210','SANTA CRUZ','15','LORETO','1502','ALTO AMAZONAS','150210','SANTA CRUZ','16','LORETO','1602','ALTO AMAZONAS','160210','SANTA CRUZ'),('15','LORETO','1502','ALTO AMAZONAS','160211','TENIENTE CESAR LOPEZ ROJAS','15','LORETO','1502','ALTO AMAZONAS','150211','TENIENTE CESAR LOPEZ ROJAS','16','LORETO','1602','ALTO AMAZONAS','160211','TENIENTE CESAR LOPEZ ROJAS'),('15','LORETO','1503','LORETO','160301','NAUTA','15','LORETO','1503','LORETO','150301','NAUTA','16','LORETO','1603','LORETO','160301','NAUTA'),('15','LORETO','1503','LORETO','160302','PARINARI','15','LORETO','1503','LORETO','150302','PARINARI','16','LORETO','1603','LORETO','160302','PARINARI'),('15','LORETO','1503','LORETO','160303','TIGRE','15','LORETO','1503','LORETO','150303','TIGRE','16','LORETO','1603','LORETO','160303','TIGRE'),('15','LORETO','1503','LORETO','160304','TROMPETEROS','15','LORETO','1503','LORETO','150305','TROMPETEROS','16','LORETO','1603','LORETO','160304','TROMPETEROS'),('15','LORETO','1503','LORETO','160305','URARINAS','15','LORETO','1503','LORETO','150304','URARINAS','16','LORETO','1603','LORETO','160305','URARINAS'),('16','LORETO','1604','MARISCAL RAMON CASTILLA','160401','RAMON CASTILLA','15','LORETO','1506','MARISCAL RAMON CASTILLA','150601','RAMON CASTILLA','16','LORETO','1604','MARISCAL RAMON CASTILLA','160401','RAMON CASTILLA'),('16','LORETO','1604','MARISCAL RAMON CASTILLA','160402','PEBAS','15','LORETO','1506','MARISCAL RAMON CASTILLA','150602','PEBAS','16','LORETO','1604','MARISCAL RAMON CASTILLA','160402','PEBAS'),('16','LORETO','1604','MARISCAL RAMON CASTILLA','160403','YAVARI','15','LORETO','1506','MARISCAL RAMON CASTILLA','150603','YAVARI','16','LORETO','1604','MARISCAL RAMON CASTILLA','160403','YAVARI  /1'),('16','LORETO','1604','MARISCAL RAMON CASTILLA','160404','SAN PABLO','15','LORETO','1506','MARISCAL RAMON CASTILLA','150604','SAN PABLO','16','LORETO','1604','MARISCAL RAMON CASTILLA','160404','SAN PABLO'),('16','LORETO','1605','REQUENA','160501','REQUENA','15','LORETO','1504','REQUENA','150401','REQUENA','16','LORETO','1605','REQUENA','160501','REQUENA'),('16','LORETO','1605','REQUENA','160502','ALTO TAPICHE','15','LORETO','1504','REQUENA','150402','ALTO TAPICHE','16','LORETO','1605','REQUENA','160502','ALTO TAPICHE'),('16','LORETO','1605','REQUENA','160503','CAPELO','15','LORETO','1504','REQUENA','150403','CAPELO','16','LORETO','1605','REQUENA','160503','CAPELO'),('16','LORETO','1605','REQUENA','160504','EMILIO SAN MARTIN','15','LORETO','1504','REQUENA','150404','EMILIO SAN MARTIN','16','LORETO','1605','REQUENA','160504','EMILIO SAN MARTIN'),('16','LORETO','1605','REQUENA','160505','MAQUIA','15','LORETO','1504','REQUENA','150405','MAQUIA','16','LORETO','1605','REQUENA','160505','MAQUIA'),('16','LORETO','1605','REQUENA','160506','PUINAHUA','15','LORETO','1504','REQUENA','150406','PUINAHUA','16','LORETO','1605','REQUENA','160506','PUINAHUA'),('16','LORETO','1605','REQUENA','160507','SAQUENA','15','LORETO','1504','REQUENA','150407','SAQUENA','16','LORETO','1605','REQUENA','160507','SAQUENA'),('16','LORETO','1605','REQUENA','160508','SOPLIN','15','LORETO','1504','REQUENA','150408','SOPLIN','16','LORETO','1605','REQUENA','160508','SOPLIN'),('16','LORETO','1605','REQUENA','160509','TAPICHE','15','LORETO','1504','REQUENA','150409','TAPICHE','16','LORETO','1605','REQUENA','160509','TAPICHE'),('16','LORETO','1605','REQUENA','160510','JENARO HERRERA','15','LORETO','1504','REQUENA','150410','JENARO HERRERA','16','LORETO','1605','REQUENA','160510','JENARO HERRERA'),('16','LORETO','1605','REQUENA','160511','YAQUERANA','15','LORETO','1504','REQUENA','150411','YAQUERANA','16','LORETO','1605','REQUENA','160511','YAQUERANA'),('16','LORETO','1606','UCAYALI','160601','CONTAMANA','15','LORETO','1505','UCAYALI','150501','CONTAMANA','16','LORETO','1606','UCAYALI','160601','CONTAMANA'),('16','LORETO','1606','UCAYALI','160602','INAHUAYA','15','LORETO','1505','UCAYALI','150506','INAHUAYA','16','LORETO','1606','UCAYALI','160602','INAHUAYA'),('16','LORETO','1606','UCAYALI','160603','PADRE MARQUEZ','15','LORETO','1505','UCAYALI','150503','PADRE MARQUEZ','16','LORETO','1606','UCAYALI','160603','PADRE MARQUEZ'),('16','LORETO','1606','UCAYALI','160604','PAMPA HERMOSA','15','LORETO','1505','UCAYALI','150504','PAMPA HERMOSA','16','LORETO','1606','UCAYALI','160604','PAMPA HERMOSA'),('16','LORETO','1606','UCAYALI','160605','SARAYACU','15','LORETO','1505','UCAYALI','150505','SARAYACU','16','LORETO','1606','UCAYALI','160605','SARAYACU'),('16','LORETO','1606','UCAYALI','160606','VARGAS GUERRA','15','LORETO','1505','UCAYALI','150502','VARGAS GUERRA','16','LORETO','1606','UCAYALI','160606','VARGAS GUERRA'),('16','LORETO','1607','DATEM DEL MARAÑON','160701','BARRANCA','15','LORETO','1507','DATEM DEL MARAÑON','150701','BARRANCA','16','LORETO','1607','DATEM DEL MARAÑON','160701','BARRANCA'),('16','LORETO','1607','DATEM DEL MARAÑON','160702','CAHUAPANAS','15','LORETO','1507','DATEM DEL MARAÑON','150703','CAHUAPANAS','16','LORETO','1607','DATEM DEL MARAÑON','160702','CAHUAPANAS'),('16','LORETO','1607','DATEM DEL MARAÑON','160703','MANSERICHE','15','LORETO','1507','DATEM DEL MARAÑON','150704','MANSERICHE','16','LORETO','1607','DATEM DEL MARAÑON','160703','MANSERICHE'),('16','LORETO','1607','DATEM DEL MARAÑON','160704','MORONA','15','LORETO','1507','DATEM DEL MARAÑON','150705','MORONA','16','LORETO','1607','DATEM DEL MARAÑON','160704','MORONA'),('16','LORETO','1607','DATEM DEL MARAÑON','160705','PASTAZA','15','LORETO','1507','DATEM DEL MARAÑON','150706','PASTAZA','16','LORETO','1607','DATEM DEL MARAÑON','160705','PASTAZA'),('16','LORETO','1607','DATEM DEL MARAÑON','160706','ANDOAS','15','LORETO','1507','DATEM DEL MARAÑON','150702','ANDOAS','16','LORETO','1607','DATEM DEL MARAÑON','160706','ANDOAS'),('16','LORETO','1608','PUTUMAYO','160801','PUTUMAYO','15','LORETO','1501','MAYNAS','150107','PUTUMAYO','16','LORETO','1601','MAYNAS','160109','PUTUMAYO'),('16','LORETO','1608','PUTUMAYO','160802','ROSA PANDURO',NULL,NULL,NULL,NULL,NULL,NULL,NULL,NULL,NULL,NULL,NULL,NULL),('16','LORETO','1608','PUTUMAYO','160803','TENIENTE MANUEL CLAVERO','15','LORETO','1501','MAYNAS','150114','TENIENTE MANUEL CLAVERO','16','LORETO','1601','MAYNAS','160114','TENIENTE MANUEL CLAVERO'),('16','LORETO','1608','PUTUMAYO','160804','YAGUAS',NULL,NULL,NULL,NULL,NULL,NULL,NULL,NULL,NULL,NULL,NULL,NULL),('17','MADRE DE DIOS','1701','TAMBOPATA','170101','TAMBOPATA','16','MADRE DE DIOS','1601','TAMBOPATA','160101','TAMBOPATA','17','MADRE DE DIOS','1701','TAMBOPATA','170101','TAMBOPATA'),('17','MADRE DE DIOS','1701','TAMBOPATA','170102','INAMBARI','16','MADRE DE DIOS','1601','TAMBOPATA','160102','INAMBARI','17','MADRE DE DIOS','1701','TAMBOPATA','170102','INAMBARI'),('17','MADRE DE DIOS','1701','TAMBOPATA','170103','LAS PIEDRAS','16','MADRE DE DIOS','1601','TAMBOPATA','160103','LAS PIEDRAS','17','MADRE DE DIOS','1701','TAMBOPATA','170103','LAS PIEDRAS'),('17','MADRE DE DIOS','1701','TAMBOPATA','170104','LABERINTO','16','MADRE DE DIOS','1601','TAMBOPATA','160104','LABERINTO','17','MADRE DE DIOS','1701','TAMBOPATA','170104','LABERINTO'),('17','MADRE DE DIOS','1702','MANU','170201','MANU','16','MADRE DE DIOS','1602','MANU','160201','MANU','17','MADRE DE DIOS','1702','MANU','170201','MANU'),('17','MADRE DE DIOS','1702','MANU','170202','FITZCARRALD','16','MADRE DE DIOS','1602','MANU','160202','FITZCARRALD','17','MADRE DE DIOS','1702','MANU','170202','FITZCARRALD'),('17','MADRE DE DIOS','1702','MANU','170203','MADRE DE DIOS','16','MADRE DE DIOS','1602','MANU','160203','MADRE DE DIOS','17','MADRE DE DIOS','1702','MANU','170203','MADRE DE DIOS'),('17','MADRE DE DIOS','1702','MANU','170204','HUEPETUHE','16','MADRE DE DIOS','1602','MANU','160204','HUEPETUHE','17','MADRE DE DIOS','1702','MANU','170204','HUEPETUHE'),('17','MADRE DE DIOS','1703','TAHUAMANU','170301','IÑAPARI','16','MADRE DE DIOS','1603','TAHUAMANU','160301','IÑAPARI','17','MADRE DE DIOS','1703','TAHUAMANU','170301','IÑAPARI'),('17','MADRE DE DIOS','1703','TAHUAMANU','170302','IBERIA','16','MADRE DE DIOS','1603','TAHUAMANU','160302','IBERIA','17','MADRE DE DIOS','1703','TAHUAMANU','170302','IBERIA'),('17','MADRE DE DIOS','1703','TAHUAMANU','170303','TAHUAMANU','16','MADRE DE DIOS','1603','TAHUAMANU','160303','TAHUAMANU','17','MADRE DE DIOS','1703','TAHUAMANU','170303','TAHUAMANU'),('18','MOQUEGUA','1801','MARISCAL NIETO','180101','MOQUEGUA','17','MOQUEGUA','1701','MARISCAL NIETO','170101','MOQUEGUA','18','MOQUEGUA','1801','MARISCAL NIETO','180101','MOQUEGUA'),('18','MOQUEGUA','1801','MARISCAL NIETO','180102','CARUMAS','17','MOQUEGUA','1701','MARISCAL NIETO','170102','CARUMAS','18','MOQUEGUA','1801','MARISCAL NIETO','180102','CARUMAS'),('18','MOQUEGUA','1801','MARISCAL NIETO','180103','CUCHUMBAYA','17','MOQUEGUA','1701','MARISCAL NIETO','170103','CUCHUMBAYA','18','MOQUEGUA','1801','MARISCAL NIETO','180103','CUCHUMBAYA'),('18','MOQUEGUA','1801','MARISCAL NIETO','180104','SAMEGUA','17','MOQUEGUA','1701','MARISCAL NIETO','170106','SAMEGUA','18','MOQUEGUA','1801','MARISCAL NIETO','180104','SAMEGUA'),('18','MOQUEGUA','1801','MARISCAL NIETO','180105','SAN CRISTOBAL','17','MOQUEGUA','1701','MARISCAL NIETO','170104','SAN CRISTOBAL','18','MOQUEGUA','1801','MARISCAL NIETO','180105','SAN CRISTOBAL'),('18','MOQUEGUA','1801','MARISCAL NIETO','180106','TORATA','17','MOQUEGUA','1701','MARISCAL NIETO','170105','TORATA','18','MOQUEGUA','1801','MARISCAL NIETO','180106','TORATA'),('18','MOQUEGUA','1802','GENERAL SANCHEZ CERRO','180201','OMATE','17','MOQUEGUA','1702','GENERAL SANCHEZ CERRO','170201','OMATE','18','MOQUEGUA','1802','GENERAL SANCHEZ CERRO','180201','OMATE'),('18','MOQUEGUA','1802','GENERAL SANCHEZ CERRO','180202','CHOJATA','17','MOQUEGUA','1702','GENERAL SANCHEZ CERRO','170203','CHOJATA','18','MOQUEGUA','1802','GENERAL SANCHEZ CERRO','180202','CHOJATA'),('18','MOQUEGUA','1802','GENERAL SANCHEZ CERRO','180203','COALAQUE','17','MOQUEGUA','1702','GENERAL SANCHEZ CERRO','170202','COALAQUE','18','MOQUEGUA','1802','GENERAL SANCHEZ CERRO','180203','COALAQUE'),('18','MOQUEGUA','1802','GENERAL SANCHEZ CERRO','180204','ICHUÑA','17','MOQUEGUA','1702','GENERAL SANCHEZ CERRO','170204','ICHUÑA','18','MOQUEGUA','1802','GENERAL SANCHEZ CERRO','180204','ICHUÑA'),('18','MOQUEGUA','1802','GENERAL SANCHEZ CERRO','180205','LA CAPILLA','17','MOQUEGUA','1702','GENERAL SANCHEZ CERRO','170205','LA CAPILLA','18','MOQUEGUA','1802','GENERAL SANCHEZ CERRO','180205','LA CAPILLA'),('18','MOQUEGUA','1802','GENERAL SANCHEZ CERRO','180206','LLOQUE','17','MOQUEGUA','1702','GENERAL SANCHEZ CERRO','170206','LLOQUE','18','MOQUEGUA','1802','GENERAL SANCHEZ CERRO','180206','LLOQUE'),('18','MOQUEGUA','1802','GENERAL SANCHEZ CERRO','180207','MATALAQUE','17','MOQUEGUA','1702','GENERAL SANCHEZ CERRO','170207','MATALAQUE','18','MOQUEGUA','1802','GENERAL SANCHEZ CERRO','180207','MATALAQUE'),('18','MOQUEGUA','1802','GENERAL SANCHEZ CERRO','180208','PUQUINA','17','MOQUEGUA','1702','GENERAL SANCHEZ CERRO','170208','PUQUINA','18','MOQUEGUA','1802','GENERAL SANCHEZ CERRO','180208','PUQUINA'),('18','MOQUEGUA','1802','GENERAL SANCHEZ CERRO','180209','QUINISTAQUILLAS','17','MOQUEGUA','1702','GENERAL SANCHEZ CERRO','170209','QUINISTAQUILLAS','18','MOQUEGUA','1802','GENERAL SANCHEZ CERRO','180209','QUINISTAQUILLAS'),('18','MOQUEGUA','1802','GENERAL SANCHEZ CERRO','180210','UBINAS','17','MOQUEGUA','1702','GENERAL SANCHEZ CERRO','170210','UBINAS','18','MOQUEGUA','1802','GENERAL SANCHEZ CERRO','180210','UBINAS'),('18','MOQUEGUA','1802','GENERAL SANCHEZ CERRO','180211','YUNGA','17','MOQUEGUA','1702','GENERAL SANCHEZ CERRO','170211','YUNGA','18','MOQUEGUA','1802','GENERAL SANCHEZ CERRO','180211','YUNGA'),('18','MOQUEGUA','1803','ILO','180301','ILO','17','MOQUEGUA','1703','ILO','170301','ILO','18','MOQUEGUA','1803','ILO','180301','ILO'),('18','MOQUEGUA','1803','ILO','180302','EL ALGARROBAL','17','MOQUEGUA','1703','ILO','170302','EL ALGARROBAL','18','MOQUEGUA','1803','ILO','180302','EL ALGARROBAL'),('18','MOQUEGUA','1803','ILO','180303','PACOCHA','17','MOQUEGUA','1703','ILO','170303','PACOCHA','18','MOQUEGUA','1803','ILO','180303','PACOCHA'),('19','PASCO','1901','PASCO','190101','CHAUPIMARCA','18','PASCO','1801','PASCO','180101','CHAUPIMARCA','19','PASCO','1901','PASCO','190101','CHAUPIMARCA'),('19','PASCO','1901','PASCO','190102','HUACHON','18','PASCO','1801','PASCO','180103','HUACHON','19','PASCO','1901','PASCO','190102','HUACHON'),('19','PASCO','1901','PASCO','190103','HUARIACA','18','PASCO','1801','PASCO','180104','HUARIACA','19','PASCO','1901','PASCO','190103','HUARIACA'),('19','PASCO','1901','PASCO','190104','HUAYLLAY','18','PASCO','1801','PASCO','180105','HUAYLLAY','19','PASCO','1901','PASCO','190104','HUAYLLAY'),('19','PASCO','1901','PASCO','190105','NINACACA','18','PASCO','1801','PASCO','180106','NINACACA','19','PASCO','1901','PASCO','190105','NINACACA'),('19','PASCO','1901','PASCO','190106','PALLANCHACRA','18','PASCO','1801','PASCO','180107','PALLANCHACRA','19','PASCO','1901','PASCO','190106','PALLANCHACRA'),('19','PASCO','1901','PASCO','190107','PAUCARTAMBO','18','PASCO','1801','PASCO','180108','PAUCARTAMBO','19','PASCO','1901','PASCO','190107','PAUCARTAMBO'),('19','PASCO','1901','PASCO','190108','SAN FRANCISCO DE ASIS DE YARUSYACAN','18','PASCO','1801','PASCO','180109','SAN FCO DE ASIS DE YARUSYACAN','19','PASCO','1901','PASCO','190108','SAN FRANCISCO DE ASIS DE YARUSYACAN'),('19','PASCO','1901','PASCO','190109','SIMON BOLIVAR','18','PASCO','1801','PASCO','180110','SIMON BOLIVAR','19','PASCO','1901','PASCO','190109','SIMON BOLIVAR'),('19','PASCO','1901','PASCO','190110','TICLACAYAN','18','PASCO','1801','PASCO','180111','TICLACAYAN','19','PASCO','1901','PASCO','190110','TICLACAYAN'),('19','PASCO','1901','PASCO','190111','TINYAHUARCO','18','PASCO','1801','PASCO','180112','TINYAHUARCO','19','PASCO','1901','PASCO','190111','TINYAHUARCO'),('19','PASCO','1901','PASCO','190112','VICCO','18','PASCO','1801','PASCO','180113','VICCO','19','PASCO','1901','PASCO','190112','VICCO'),('19','PASCO','1901','PASCO','190113','YANACANCHA','18','PASCO','1801','PASCO','180114','YANACANCHA','19','PASCO','1901','PASCO','190113','YANACANCHA'),('19','PASCO','1902','DANIEL ALCIDES CARRION','190201','YANAHUANCA','18','PASCO','1802','DANIEL ALCIDES CARRION','180201','YANAHUANCA','19','PASCO','1902','DANIEL ALCIDES CARRION','190201','YANAHUANCA'),('19','PASCO','1902','DANIEL ALCIDES CARRION','190202','CHACAYAN','18','PASCO','1802','DANIEL ALCIDES CARRION','180202','CHACAYAN','19','PASCO','1902','DANIEL ALCIDES CARRION','190202','CHACAYAN'),('19','PASCO','1902','DANIEL ALCIDES CARRION','190203','GOYLLARISQUIZGA','18','PASCO','1802','DANIEL ALCIDES CARRION','180203','GOYLLARISQUIZGA','19','PASCO','1902','DANIEL ALCIDES CARRION','190203','GOYLLARISQUIZGA'),('19','PASCO','1902','DANIEL ALCIDES CARRION','190204','PAUCAR','18','PASCO','1802','DANIEL ALCIDES CARRION','180204','PAUCAR','19','PASCO','1902','DANIEL ALCIDES CARRION','190204','PAUCAR'),('19','PASCO','1902','DANIEL ALCIDES CARRION','190205','SAN PEDRO DE PILLAO','18','PASCO','1802','DANIEL ALCIDES CARRION','180205','SAN PEDRO DE PILLAO','19','PASCO','1902','DANIEL ALCIDES CARRION','190205','SAN PEDRO DE PILLAO'),('19','PASCO','1902','DANIEL ALCIDES CARRION','190206','SANTA ANA DE TUSI','18','PASCO','1802','DANIEL ALCIDES CARRION','180206','SANTA ANA DE TUSI','19','PASCO','1902','DANIEL ALCIDES CARRION','190206','SANTA ANA DE TUSI'),('19','PASCO','1902','DANIEL ALCIDES CARRION','190207','TAPUC','18','PASCO','1802','DANIEL ALCIDES CARRION','180207','TAPUC','19','PASCO','1902','DANIEL ALCIDES CARRION','190207','TAPUC'),('19','PASCO','1902','DANIEL ALCIDES CARRION','190208','VILCABAMBA','18','PASCO','1802','DANIEL ALCIDES CARRION','180208','VILCABAMBA','19','PASCO','1902','DANIEL ALCIDES CARRION','190208','VILCABAMBA'),('19','PASCO','1903','OXAPAMPA','190301','OXAPAMPA','18','PASCO','1803','OXAPAMPA','180301','OXAPAMPA','19','PASCO','1903','OXAPAMPA','190301','OXAPAMPA'),('19','PASCO','1903','OXAPAMPA','190302','CHONTABAMBA','18','PASCO','1803','OXAPAMPA','180302','CHONTABAMBA','19','PASCO','1903','OXAPAMPA','190302','CHONTABAMBA'),('19','PASCO','1903','OXAPAMPA','190303','HUANCABAMBA','18','PASCO','1803','OXAPAMPA','180303','HUANCABAMBA','19','PASCO','1903','OXAPAMPA','190303','HUANCABAMBA'),('19','PASCO','1903','OXAPAMPA','190304','PALCAZU','18','PASCO','1803','OXAPAMPA','180307','PALCAZU','19','PASCO','1903','OXAPAMPA','190304','PALCAZU'),('19','PASCO','1903','OXAPAMPA','190305','POZUZO','18','PASCO','1803','OXAPAMPA','180306','POZUZO','19','PASCO','1903','OXAPAMPA','190305','POZUZO'),('19','PASCO','1903','OXAPAMPA','190306','PUERTO BERMUDEZ','18','PASCO','1803','OXAPAMPA','180304','PUERTO BERMUDEZ','19','PASCO','1903','OXAPAMPA','190306','PUERTO BERMUDEZ'),('19','PASCO','1903','OXAPAMPA','190307','VILLA RICA','18','PASCO','1803','OXAPAMPA','180305','VILLA RICA','19','PASCO','1903','OXAPAMPA','190307','VILLA RICA'),('19','PASCO','1903','OXAPAMPA','190308','CONSTITUCION','18','PASCO','1803','OXAPAMPA','180308','CONSTITUCION',NULL,NULL,NULL,NULL,NULL,NULL),('20','PIURA','2001','PIURA','200101','PIURA','19','PIURA','1901','PIURA','190101','PIURA','20','PIURA','2001','PIURA','200101','PIURA'),('20','PIURA','2001','PIURA','200104','CASTILLA','19','PIURA','1901','PIURA','190103','CASTILLA','20','PIURA','2001','PIURA','200104','CASTILLA'),('20','PIURA','2001','PIURA','200105','CATACAOS','19','PIURA','1901','PIURA','190104','CATACAOS','20','PIURA','2001','PIURA','200105','CATACAOS'),('20','PIURA','2001','PIURA','200107','CURA MORI','19','PIURA','1901','PIURA','190113','CURA MORI','20','PIURA','2001','PIURA','200107','CURA MORI'),('20','PIURA','2001','PIURA','200108','EL TALLAN','19','PIURA','1901','PIURA','190114','EL TALLAN','20','PIURA','2001','PIURA','200108','EL TALLAN'),('20','PIURA','2001','PIURA','200109','LA ARENA','19','PIURA','1901','PIURA','190105','LA ARENA','20','PIURA','2001','PIURA','200109','LA ARENA'),('20','PIURA','2001','PIURA','200110','LA UNION','19','PIURA','1901','PIURA','190106','LA UNION','20','PIURA','2001','PIURA','200110','LA UNION'),('20','PIURA','2001','PIURA','200111','LAS LOMAS','19','PIURA','1901','PIURA','190107','LAS LOMAS','20','PIURA','2001','PIURA','200111','LAS LOMAS'),('20','PIURA','2001','PIURA','200114','TAMBO GRANDE','19','PIURA','1901','PIURA','190109','TAMBO GRANDE','20','PIURA','2001','PIURA','200114','TAMBO GRANDE'),('20','PIURA','2001','PIURA','200115','VEINTISEIS DE OCTUBRE',NULL,NULL,NULL,NULL,NULL,NULL,NULL,NULL,NULL,NULL,NULL,NULL),('20','PIURA','2002','AYABACA','200201','AYABACA','19','PIURA','1902','AYABACA','190201','AYABACA','20','PIURA','2002','AYABACA','200201','AYABACA'),('20','PIURA','2002','AYABACA','200202','FRIAS','19','PIURA','1902','AYABACA','190202','FRIAS','20','PIURA','2002','AYABACA','200202','FRIAS'),('20','PIURA','2002','AYABACA','200203','JILILI','19','PIURA','1902','AYABACA','190209','JILILI','20','PIURA','2002','AYABACA','200203','JILILI'),('20','PIURA','2002','AYABACA','200204','LAGUNAS','19','PIURA','1902','AYABACA','190203','LAGUNAS','20','PIURA','2002','AYABACA','200204','LAGUNAS'),('20','PIURA','2002','AYABACA','200205','MONTERO','19','PIURA','1902','AYABACA','190204','MONTERO','20','PIURA','2002','AYABACA','200205','MONTERO'),('20','PIURA','2002','AYABACA','200206','PACAIPAMPA','19','PIURA','1902','AYABACA','190205','PACAIPAMPA','20','PIURA','2002','AYABACA','200206','PACAIPAMPA'),('20','PIURA','2002','AYABACA','200207','PAIMAS','19','PIURA','1902','AYABACA','190210','PAIMAS','20','PIURA','2002','AYABACA','200207','PAIMAS'),('20','PIURA','2002','AYABACA','200208','SAPILLICA','19','PIURA','1902','AYABACA','190206','SAPILLICA','20','PIURA','2002','AYABACA','200208','SAPILLICA'),('20','PIURA','2002','AYABACA','200209','SICCHEZ','19','PIURA','1902','AYABACA','190207','SICCHEZ','20','PIURA','2002','AYABACA','200209','SICCHEZ'),('20','PIURA','2002','AYABACA','200210','SUYO','19','PIURA','1902','AYABACA','190208','SUYO','20','PIURA','2002','AYABACA','200210','SUYO'),('20','PIURA','2003','HUANCABAMBA','200301','HUANCABAMBA','19','PIURA','1903','HUANCABAMBA','190301','HUANCABAMBA','20','PIURA','2003','HUANCABAMBA','200301','HUANCABAMBA'),('20','PIURA','2003','HUANCABAMBA','200302','CANCHAQUE','19','PIURA','1903','HUANCABAMBA','190302','CANCHAQUE','20','PIURA','2003','HUANCABAMBA','200302','CANCHAQUE'),('20','PIURA','2003','HUANCABAMBA','200303','EL CARMEN DE LA FRONTERA','19','PIURA','1903','HUANCABAMBA','190306','EL CARMEN DE LA FRONTERA','20','PIURA','2003','HUANCABAMBA','200303','EL CARMEN DE LA FRONTERA'),('20','PIURA','2003','HUANCABAMBA','200304','HUARMACA','19','PIURA','1903','HUANCABAMBA','190303','HUARMACA','20','PIURA','2003','HUANCABAMBA','200304','HUARMACA'),('20','PIURA','2003','HUANCABAMBA','200305','LALAQUIZ','19','PIURA','1903','HUANCABAMBA','190308','LALAQUIZ','20','PIURA','2003','HUANCABAMBA','200305','LALAQUIZ'),('20','PIURA','2003','HUANCABAMBA','200306','SAN MIGUEL DE EL FAIQUE','19','PIURA','1903','HUANCABAMBA','190307','SAN MIGUEL DE EL FAIQUE','20','PIURA','2003','HUANCABAMBA','200306','SAN MIGUEL DE EL FAIQUE'),('20','PIURA','2003','HUANCABAMBA','200307','SONDOR','19','PIURA','1903','HUANCABAMBA','190304','SONDOR','20','PIURA','2003','HUANCABAMBA','200307','SONDOR'),('20','PIURA','2003','HUANCABAMBA','200308','SONDORILLO','19','PIURA','1903','HUANCABAMBA','190305','SONDORILLO','20','PIURA','2003','HUANCABAMBA','200308','SONDORILLO'),('20','PIURA','2004','MORROPON','200401','CHULUCANAS','19','PIURA','1904','MORROPON','190401','CHULUCANAS','20','PIURA','2004','MORROPON','200401','CHULUCANAS'),('20','PIURA','2004','MORROPON','200402','BUENOS AIRES','19','PIURA','1904','MORROPON','190402','BUENOS AIRES','20','PIURA','2004','MORROPON','200402','BUENOS AIRES'),('20','PIURA','2004','MORROPON','200403','CHALACO','19','PIURA','1904','MORROPON','190403','CHALACO','20','PIURA','2004','MORROPON','200403','CHALACO'),('20','PIURA','2004','MORROPON','200404','LA MATANZA','19','PIURA','1904','MORROPON','190408','LA MATANZA','20','PIURA','2004','MORROPON','200404','LA MATANZA'),('20','PIURA','2004','MORROPON','200405','MORROPON','19','PIURA','1904','MORROPON','190404','MORROPON','20','PIURA','2004','MORROPON','200405','MORROPON'),('20','PIURA','2004','MORROPON','200406','SALITRAL','19','PIURA','1904','MORROPON','190405','SALITRAL','20','PIURA','2004','MORROPON','200406','SALITRAL'),('20','PIURA','2004','MORROPON','200407','SAN JUAN DE BIGOTE','19','PIURA','1904','MORROPON','190410','SAN JUAN DE BIGOTE','20','PIURA','2004','MORROPON','200407','SAN JUAN DE BIGOTE'),('20','PIURA','2004','MORROPON','200408','SANTA CATALINA DE MOSSA','19','PIURA','1904','MORROPON','190406','SANTA CATALINA DE MOSSA','20','PIURA','2004','MORROPON','200408','SANTA CATALINA DE MOSSA'),('20','PIURA','2004','MORROPON','200409','SANTO DOMINGO','19','PIURA','1904','MORROPON','190407','SANTO DOMINGO','20','PIURA','2004','MORROPON','200409','SANTO DOMINGO'),('20','PIURA','2004','MORROPON','200410','YAMANGO','19','PIURA','1904','MORROPON','190409','YAMANGO','20','PIURA','2004','MORROPON','200410','YAMANGO'),('20','PIURA','2005','PAITA','200501','PAITA','19','PIURA','1905','PAITA','190501','PAITA','20','PIURA','2005','PAITA','200501','PAITA'),('20','PIURA','2005','PAITA','200502','AMOTAPE','19','PIURA','1905','PAITA','190502','AMOTAPE','20','PIURA','2005','PAITA','200502','AMOTAPE'),('20','PIURA','2005','PAITA','200503','ARENAL','19','PIURA','1905','PAITA','190503','ARENAL','20','PIURA','2005','PAITA','200503','ARENAL'),('20','PIURA','2005','PAITA','200504','COLAN','19','PIURA','1905','PAITA','190505','COLAN','20','PIURA','2005','PAITA','200504','COLAN'),('20','PIURA','2005','PAITA','200505','LA HUACA','19','PIURA','1905','PAITA','190504','LA HUACA','20','PIURA','2005','PAITA','200505','LA HUACA'),('20','PIURA','2005','PAITA','200506','TAMARINDO','19','PIURA','1905','PAITA','190506','TAMARINDO','20','PIURA','2005','PAITA','200506','TAMARINDO'),('20','PIURA','2005','PAITA','200507','VICHAYAL','19','PIURA','1905','PAITA','190507','VICHAYAL','20','PIURA','2005','PAITA','200507','VICHAYAL'),('20','PIURA','2006','SULLANA','200601','SULLANA','19','PIURA','1906','SULLANA','190601','SULLANA','20','PIURA','2006','SULLANA','200601','SULLANA'),('20','PIURA','2006','SULLANA','200602','BELLAVISTA','19','PIURA','1906','SULLANA','190602','BELLAVISTA','20','PIURA','2006','SULLANA','200602','BELLAVISTA'),('20','PIURA','2006','SULLANA','200603','IGNACIO ESCUDERO','19','PIURA','1906','SULLANA','190608','IGNACIO ESCUDERO','20','PIURA','2006','SULLANA','200603','IGNACIO ESCUDERO'),('20','PIURA','2006','SULLANA','200604','LANCONES','19','PIURA','1906','SULLANA','190603','LANCONES','20','PIURA','2006','SULLANA','200604','LANCONES'),('20','PIURA','2006','SULLANA','200605','MARCAVELICA','19','PIURA','1906','SULLANA','190604','MARCAVELICA','20','PIURA','2006','SULLANA','200605','MARCAVELICA'),('20','PIURA','2006','SULLANA','200606','MIGUEL CHECA','19','PIURA','1906','SULLANA','190605','MIGUEL CHECA','20','PIURA','2006','SULLANA','200606','MIGUEL CHECA'),('20','PIURA','2006','SULLANA','200607','QUERECOTILLO','19','PIURA','1906','SULLANA','190606','QUERECOTILLO','20','PIURA','2006','SULLANA','200607','QUERECOTILLO'),('20','PIURA','2006','SULLANA','200608','SALITRAL','19','PIURA','1906','SULLANA','190607','SALITRAL','20','PIURA','2006','SULLANA','200608','SALITRAL'),('20','PIURA','2007','TALARA','200701','PARIÑAS','19','PIURA','1907','TALARA','190701','PARIÑAS','20','PIURA','2007','TALARA','200701','PARIÑAS'),('20','PIURA','2007','TALARA','200702','EL ALTO','19','PIURA','1907','TALARA','190702','EL ALTO','20','PIURA','2007','TALARA','200702','EL ALTO'),('20','PIURA','2007','TALARA','200703','LA BREA','19','PIURA','1907','TALARA','190703','LA BREA','20','PIURA','2007','TALARA','200703','LA BREA'),('20','PIURA','2007','TALARA','200704','LOBITOS','19','PIURA','1907','TALARA','190704','LOBITOS','20','PIURA','2007','TALARA','200704','LOBITOS'),('20','PIURA','2007','TALARA','200705','LOS ORGANOS','19','PIURA','1907','TALARA','190706','LOS ORGANOS','20','PIURA','2007','TALARA','200705','LOS ORGANOS'),('20','PIURA','2007','TALARA','200706','MANCORA','19','PIURA','1907','TALARA','190705','MANCORA','20','PIURA','2007','TALARA','200706','MANCORA'),('20','PIURA','2008','SECHURA','200801','SECHURA','19','PIURA','1908','SECHURA','190801','SECHURA','20','PIURA','2008','SECHURA','200801','SECHURA'),('20','PIURA','2008','SECHURA','200802','BELLAVISTA DE LA UNION','19','PIURA','1908','SECHURA','190804','BELLAVISTA DE LA UNION','20','PIURA','2008','SECHURA','200802','BELLAVISTA DE LA UNION'),('20','PIURA','2008','SECHURA','200803','BERNAL','19','PIURA','1908','SECHURA','190803','BERNAL','20','PIURA','2008','SECHURA','200803','BERNAL'),('20','PIURA','2008','SECHURA','200804','CRISTO NOS VALGA','19','PIURA','1908','SECHURA','190805','CRISTO NOS VALGA','20','PIURA','2008','SECHURA','200804','CRISTO NOS VALGA'),('20','PIURA','2008','SECHURA','200805','VICE','19','PIURA','1908','SECHURA','190802','VICE','20','PIURA','2008','SECHURA','200805','VICE'),('20','PIURA','2008','SECHURA','200806','RINCONADA LLICUAR','19','PIURA','1908','SECHURA','190806','RINCONADA-LLICUAR','20','PIURA','2008','SECHURA','200806','RINCONADA LLICUAR'),('21','PUNO','2101','PUNO','210101','PUNO','20','PUNO','2001','PUNO','200101','PUNO','21','PUNO','2101','PUNO','210101','PUNO'),('21','PUNO','2101','PUNO','210102','ACORA','20','PUNO','2001','PUNO','200102','ACORA','21','PUNO','2101','PUNO','210102','ACORA'),('21','PUNO','2101','PUNO','210103','AMANTANI','20','PUNO','2001','PUNO','200115','AMANTANI','21','PUNO','2101','PUNO','210103','AMANTANI'),('21','PUNO','2101','PUNO','210104','ATUNCOLLA','20','PUNO','2001','PUNO','200103','ATUNCOLLA','21','PUNO','2101','PUNO','210104','ATUNCOLLA'),('21','PUNO','2101','PUNO','210105','CAPACHICA','20','PUNO','2001','PUNO','200104','CAPACHICA','21','PUNO','2101','PUNO','210105','CAPACHICA'),('21','PUNO','2101','PUNO','210106','CHUCUITO','20','PUNO','2001','PUNO','200106','CHUCUITO','21','PUNO','2101','PUNO','210106','CHUCUITO'),('21','PUNO','2101','PUNO','210107','COATA','20','PUNO','2001','PUNO','200105','COATA','21','PUNO','2101','PUNO','210107','COATA'),('21','PUNO','2101','PUNO','210108','HUATA','20','PUNO','2001','PUNO','200107','HUATA','21','PUNO','2101','PUNO','210108','HUATA'),('21','PUNO','2101','PUNO','210109','MAÑAZO','20','PUNO','2001','PUNO','200108','MAÑAZO','21','PUNO','2101','PUNO','210109','MAÑAZO'),('21','PUNO','2101','PUNO','210110','PAUCARCOLLA','20','PUNO','2001','PUNO','200109','PAUCARCOLLA','21','PUNO','2101','PUNO','210110','PAUCARCOLLA'),('21','PUNO','2101','PUNO','210111','PICHACANI','20','PUNO','2001','PUNO','200110','PICHACANI','21','PUNO','2101','PUNO','210111','PICHACANI'),('21','PUNO','2101','PUNO','210112','PLATERIA','20','PUNO','2001','PUNO','200114','PLATERIA','21','PUNO','2101','PUNO','210112','PLATERIA'),('21','PUNO','2101','PUNO','210113','SAN ANTONIO','20','PUNO','2001','PUNO','200111','SAN ANTONIO','21','PUNO','2101','PUNO','210113','SAN ANTONIO  /1'),('21','PUNO','2101','PUNO','210114','TIQUILLACA','20','PUNO','2001','PUNO','200112','TIQUILLACA','21','PUNO','2101','PUNO','210114','TIQUILLACA'),('21','PUNO','2101','PUNO','210115','VILQUE','20','PUNO','2001','PUNO','200113','VILQUE','21','PUNO','2101','PUNO','210115','VILQUE'),('21','PUNO','2102','AZANGARO','210201','AZANGARO','20','PUNO','2002','AZANGARO','200201','AZANGARO','21','PUNO','2102','AZANGARO','210201','AZANGARO'),('21','PUNO','2102','AZANGARO','210202','ACHAYA','20','PUNO','2002','AZANGARO','200202','ACHAYA','21','PUNO','2102','AZANGARO','210202','ACHAYA'),('21','PUNO','2102','AZANGARO','210203','ARAPA','20','PUNO','2002','AZANGARO','200203','ARAPA','21','PUNO','2102','AZANGARO','210203','ARAPA'),('21','PUNO','2102','AZANGARO','210204','ASILLO','20','PUNO','2002','AZANGARO','200204','ASILLO','21','PUNO','2102','AZANGARO','210204','ASILLO'),('21','PUNO','2102','AZANGARO','210205','CAMINACA','20','PUNO','2002','AZANGARO','200205','CAMINACA','21','PUNO','2102','AZANGARO','210205','CAMINACA'),('21','PUNO','2102','AZANGARO','210206','CHUPA','20','PUNO','2002','AZANGARO','200206','CHUPA','21','PUNO','2102','AZANGARO','210206','CHUPA'),('21','PUNO','2102','AZANGARO','210207','JOSE DOMINGO CHOQUEHUANCA','20','PUNO','2002','AZANGARO','200207','JOSE DOMINGO CHOQUEHUANCA','21','PUNO','2102','AZANGARO','210207','JOSE DOMINGO CHOQUEHUANCA'),('21','PUNO','2102','AZANGARO','210208','MUÑANI','20','PUNO','2002','AZANGARO','200208','MUÑANI','21','PUNO','2102','AZANGARO','210208','MUÑANI'),('21','PUNO','2102','AZANGARO','210209','POTONI','20','PUNO','2002','AZANGARO','200210','POTONI','21','PUNO','2102','AZANGARO','210209','POTONI'),('21','PUNO','2102','AZANGARO','210210','SAMAN','20','PUNO','2002','AZANGARO','200212','SAMAN','21','PUNO','2102','AZANGARO','210210','SAMAN'),('21','PUNO','2102','AZANGARO','210211','SAN ANTON','20','PUNO','2002','AZANGARO','200213','SAN ANTON','21','PUNO','2102','AZANGARO','210211','SAN ANTON'),('21','PUNO','2102','AZANGARO','210212','SAN JOSE','20','PUNO','2002','AZANGARO','200214','SAN JOSE','21','PUNO','2102','AZANGARO','210212','SAN JOSE'),('21','PUNO','2102','AZANGARO','210213','SAN JUAN DE SALINAS','20','PUNO','2002','AZANGARO','200215','SAN JUAN DE SALINAS','21','PUNO','2102','AZANGARO','210213','SAN JUAN DE SALINAS'),('21','PUNO','2102','AZANGARO','210214','SANTIAGO DE PUPUJA','20','PUNO','2002','AZANGARO','200216','SANTIAGO DE PUPUJA','21','PUNO','2102','AZANGARO','210214','SANTIAGO DE PUPUJA'),('21','PUNO','2102','AZANGARO','210215','TIRAPATA','20','PUNO','2002','AZANGARO','200217','TIRAPATA','21','PUNO','2102','AZANGARO','210215','TIRAPATA'),('21','PUNO','2103','CARABAYA','210301','MACUSANI','20','PUNO','2003','CARABAYA','200301','MACUSANI','21','PUNO','2103','CARABAYA','210301','MACUSANI'),('21','PUNO','2103','CARABAYA','210302','AJOYANI','20','PUNO','2003','CARABAYA','200302','AJOYANI','21','PUNO','2103','CARABAYA','210302','AJOYANI'),('21','PUNO','2103','CARABAYA','210303','AYAPATA','20','PUNO','2003','CARABAYA','200303','AYAPATA','21','PUNO','2103','CARABAYA','210303','AYAPATA'),('21','PUNO','2103','CARABAYA','210304','COASA','20','PUNO','2003','CARABAYA','200304','COASA','21','PUNO','2103','CARABAYA','210304','COASA'),('21','PUNO','2103','CARABAYA','210305','CORANI','20','PUNO','2003','CARABAYA','200305','CORANI','21','PUNO','2103','CARABAYA','210305','CORANI'),('21','PUNO','2103','CARABAYA','210306','CRUCERO','20','PUNO','2003','CARABAYA','200306','CRUCERO','21','PUNO','2103','CARABAYA','210306','CRUCERO'),('21','PUNO','2103','CARABAYA','210307','ITUATA','20','PUNO','2003','CARABAYA','200307','ITUATA','21','PUNO','2103','CARABAYA','210307','ITUATA   2/'),('21','PUNO','2103','CARABAYA','210308','OLLACHEA','20','PUNO','2003','CARABAYA','200308','OLLACHEA','21','PUNO','2103','CARABAYA','210308','OLLACHEA'),('21','PUNO','2103','CARABAYA','210309','SAN GABAN','20','PUNO','2003','CARABAYA','200309','SAN GABAN','21','PUNO','2103','CARABAYA','210309','SAN GABAN'),('21','PUNO','2103','CARABAYA','210310','USICAYOS','20','PUNO','2003','CARABAYA','200310','USICAYOS','21','PUNO','2103','CARABAYA','210310','USICAYOS'),('21','PUNO','2104','CHUCUITO','210401','JULI','20','PUNO','2004','CHUCUITO','200401','JULI','21','PUNO','2104','CHUCUITO','210401','JULI'),('21','PUNO','2104','CHUCUITO','210402','DESAGUADERO','20','PUNO','2004','CHUCUITO','200402','DESAGUADERO','21','PUNO','2104','CHUCUITO','210402','DESAGUADERO'),('21','PUNO','2104','CHUCUITO','210403','HUACULLANI','20','PUNO','2004','CHUCUITO','200403','HUACULLANI','21','PUNO','2104','CHUCUITO','210403','HUACULLANI'),('21','PUNO','2104','CHUCUITO','210404','KELLUYO','20','PUNO','2004','CHUCUITO','200412','KELLUYO','21','PUNO','2104','CHUCUITO','210404','KELLUYO'),('21','PUNO','2104','CHUCUITO','210405','PISACOMA','20','PUNO','2004','CHUCUITO','200406','PISACOMA','21','PUNO','2104','CHUCUITO','210405','PISACOMA'),('21','PUNO','2104','CHUCUITO','210406','POMATA','20','PUNO','2004','CHUCUITO','200407','POMATA','21','PUNO','2104','CHUCUITO','210406','POMATA'),('21','PUNO','2104','CHUCUITO','210407','ZEPITA','20','PUNO','2004','CHUCUITO','200410','ZEPITA','21','PUNO','2104','CHUCUITO','210407','ZEPITA'),('21','PUNO','2105','EL COLLAO','210501','ILAVE','20','PUNO','2012','EL COLLAO','201201','ILAVE','21','PUNO','2105','EL COLLAO','210501','ILAVE'),('21','PUNO','2105','EL COLLAO','210502','CAPAZO','20','PUNO','2012','EL COLLAO','201204','CAPASO','21','PUNO','2105','EL COLLAO','210502','CAPAZO'),('21','PUNO','2105','EL COLLAO','210503','PILCUYO','20','PUNO','2012','EL COLLAO','201202','PILCUYO','21','PUNO','2105','EL COLLAO','210503','PILCUYO'),('21','PUNO','2105','EL COLLAO','210504','SANTA ROSA','20','PUNO','2012','EL COLLAO','201203','SANTA ROSA','21','PUNO','2105','EL COLLAO','210504','SANTA ROSA'),('21','PUNO','2105','EL COLLAO','210505','CONDURIRI','20','PUNO','2012','EL COLLAO','201205','CONDURIRI','21','PUNO','2105','EL COLLAO','210505','CONDURIRI'),('21','PUNO','2106','HUANCANE','210601','HUANCANE','20','PUNO','2005','HUANCANE','200501','HUANCANE','21','PUNO','2106','HUANCANE','210601','HUANCANE'),('21','PUNO','2106','HUANCANE','210602','COJATA','20','PUNO','2005','HUANCANE','200502','COJATA','21','PUNO','2106','HUANCANE','210602','COJATA'),('21','PUNO','2106','HUANCANE','210603','HUATASANI','20','PUNO','2005','HUANCANE','200511','HUATASANI','21','PUNO','2106','HUANCANE','210603','HUATASANI'),('21','PUNO','2106','HUANCANE','210604','INCHUPALLA','20','PUNO','2005','HUANCANE','200504','INCHUPALLA','21','PUNO','2106','HUANCANE','210604','INCHUPALLA'),('21','PUNO','2106','HUANCANE','210605','PUSI','20','PUNO','2005','HUANCANE','200506','PUSI','21','PUNO','2106','HUANCANE','210605','PUSI'),('21','PUNO','2106','HUANCANE','210606','ROSASPATA','20','PUNO','2005','HUANCANE','200507','ROSASPATA','21','PUNO','2106','HUANCANE','210606','ROSASPATA'),('21','PUNO','2106','HUANCANE','210607','TARACO','20','PUNO','2005','HUANCANE','200508','TARACO','21','PUNO','2106','HUANCANE','210607','TARACO'),('21','PUNO','2106','HUANCANE','210608','VILQUE CHICO','20','PUNO','2005','HUANCANE','200509','VILQUE CHICO','21','PUNO','2106','HUANCANE','210608','VILQUE CHICO'),('21','PUNO','2107','LAMPA','210701','LAMPA','20','PUNO','2006','LAMPA','200601','LAMPA','21','PUNO','2107','LAMPA','210701','LAMPA'),('21','PUNO','2107','LAMPA','210702','CABANILLA','20','PUNO','2006','LAMPA','200602','CABANILLA','21','PUNO','2107','LAMPA','210702','CABANILLA'),('21','PUNO','2107','LAMPA','210703','CALAPUJA','20','PUNO','2006','LAMPA','200603','CALAPUJA','21','PUNO','2107','LAMPA','210703','CALAPUJA'),('21','PUNO','2107','LAMPA','210704','NICASIO','20','PUNO','2006','LAMPA','200604','NICASIO','21','PUNO','2107','LAMPA','210704','NICASIO'),('21','PUNO','2107','LAMPA','210705','OCUVIRI','20','PUNO','2006','LAMPA','200605','OCUVIRI','21','PUNO','2107','LAMPA','210705','OCUVIRI'),('21','PUNO','2107','LAMPA','210706','PALCA','20','PUNO','2006','LAMPA','200606','PALCA','21','PUNO','2107','LAMPA','210706','PALCA'),('21','PUNO','2107','LAMPA','210707','PARATIA','20','PUNO','2006','LAMPA','200607','PARATIA','21','PUNO','2107','LAMPA','210707','PARATIA'),('21','PUNO','2107','LAMPA','210708','PUCARA','20','PUNO','2006','LAMPA','200608','PUCARA','21','PUNO','2107','LAMPA','210708','PUCARA'),('21','PUNO','2107','LAMPA','210709','SANTA LUCIA','20','PUNO','2006','LAMPA','200609','SANTA LUCIA','21','PUNO','2107','LAMPA','210709','SANTA LUCIA'),('21','PUNO','2107','LAMPA','210710','VILAVILA','20','PUNO','2006','LAMPA','200610','VILAVILA','21','PUNO','2107','LAMPA','210710','VILAVILA'),('21','PUNO','2108','MELGAR','210801','AYAVIRI','20','PUNO','2007','MELGAR','200701','AYAVIRI','21','PUNO','2108','MELGAR','210801','AYAVIRI'),('21','PUNO','2108','MELGAR','210802','ANTAUTA','20','PUNO','2007','MELGAR','200702','ANTAUTA','21','PUNO','2108','MELGAR','210802','ANTAUTA'),('21','PUNO','2108','MELGAR','210803','CUPI','20','PUNO','2007','MELGAR','200703','CUPI','21','PUNO','2108','MELGAR','210803','CUPI'),('21','PUNO','2108','MELGAR','210804','LLALLI','20','PUNO','2007','MELGAR','200704','LLALLI','21','PUNO','2108','MELGAR','210804','LLALLI'),('21','PUNO','2108','MELGAR','210805','MACARI','20','PUNO','2007','MELGAR','200705','MACARI','21','PUNO','2108','MELGAR','210805','MACARI'),('21','PUNO','2108','MELGAR','210806','NUÑOA','20','PUNO','2007','MELGAR','200706','NUÑOA','21','PUNO','2108','MELGAR','210806','NUÑOA'),('21','PUNO','2108','MELGAR','210807','ORURILLO','20','PUNO','2007','MELGAR','200707','ORURILLO','21','PUNO','2108','MELGAR','210807','ORURILLO'),('21','PUNO','2108','MELGAR','210808','SANTA ROSA','20','PUNO','2007','MELGAR','200708','SANTA ROSA','21','PUNO','2108','MELGAR','210808','SANTA ROSA'),('21','PUNO','2108','MELGAR','210809','UMACHIRI','20','PUNO','2007','MELGAR','200709','UMACHIRI','21','PUNO','2108','MELGAR','210809','UMACHIRI'),('21','PUNO','2109','MOHO','210901','MOHO','20','PUNO','2013','MOHO','201301','MOHO','21','PUNO','2109','MOHO','210901','MOHO'),('21','PUNO','2109','MOHO','210902','CONIMA','20','PUNO','2013','MOHO','201302','CONIMA','21','PUNO','2109','MOHO','210902','CONIMA'),('21','PUNO','2109','MOHO','210903','HUAYRAPATA','20','PUNO','2013','MOHO','201304','HUAYRAPATA','21','PUNO','2109','MOHO','210903','HUAYRAPATA'),('21','PUNO','2109','MOHO','210904','TILALI','20','PUNO','2013','MOHO','201303','TILALI','21','PUNO','2109','MOHO','210904','TILALI'),('21','PUNO','2110','SAN ANTONIO DE PUTINA','211001','PUTINA','20','PUNO','2011','SAN ANTONIO DE PUTINA','201101','PUTINA','21','PUNO','2110','SAN ANTONIO DE PUTINA','211001','PUTINA'),('21','PUNO','2110','SAN ANTONIO DE PUTINA','211002','ANANEA','20','PUNO','2011','SAN ANTONIO DE PUTINA','201104','ANANEA','21','PUNO','2110','SAN ANTONIO DE PUTINA','211002','ANANEA'),('21','PUNO','2110','SAN ANTONIO DE PUTINA','211003','PEDRO VILCA APAZA','20','PUNO','2011','SAN ANTONIO DE PUTINA','201102','PEDRO VILCA APAZA','21','PUNO','2110','SAN ANTONIO DE PUTINA','211003','PEDRO VILCA APAZA'),('21','PUNO','2110','SAN ANTONIO DE PUTINA','211004','QUILCAPUNCU','20','PUNO','2011','SAN ANTONIO DE PUTINA','201103','QUILCAPUNCU','21','PUNO','2110','SAN ANTONIO DE PUTINA','211004','QUILCAPUNCU'),('21','PUNO','2110','SAN ANTONIO DE PUTINA','211005','SINA','20','PUNO','2011','SAN ANTONIO DE PUTINA','201105','SINA','21','PUNO','2110','SAN ANTONIO DE PUTINA','211005','SINA'),('21','PUNO','2111','SAN ROMAN','211101','JULIACA','20','PUNO','2009','SAN ROMAN','200901','JULIACA','21','PUNO','2111','SAN ROMAN','211101','JULIACA'),('21','PUNO','2111','SAN ROMAN','211102','CABANA','20','PUNO','2009','SAN ROMAN','200902','CABANA','21','PUNO','2111','SAN ROMAN','211102','CABANA'),('21','PUNO','2111','SAN ROMAN','211103','CABANILLAS','20','PUNO','2009','SAN ROMAN','200903','CABANILLAS','21','PUNO','2111','SAN ROMAN','211103','CABANILLAS'),('21','PUNO','2111','SAN ROMAN','211104','CARACOTO','20','PUNO','2009','SAN ROMAN','200904','CARACOTO','21','PUNO','2111','SAN ROMAN','211104','CARACOTO'),('21','PUNO','2111','SAN ROMAN','211105','SAN MIGUEL',NULL,NULL,NULL,NULL,NULL,NULL,NULL,NULL,NULL,NULL,NULL,NULL),('21','PUNO','2112','SANDIA','211201','SANDIA','20','PUNO','2008','SANDIA','200801','SANDIA','21','PUNO','2112','SANDIA','211201','SANDIA'),('21','PUNO','2112','SANDIA','211202','CUYOCUYO','20','PUNO','2008','SANDIA','200803','CUYOCUYO','21','PUNO','2112','SANDIA','211202','CUYOCUYO'),('21','PUNO','2112','SANDIA','211203','LIMBANI','20','PUNO','2008','SANDIA','200804','LIMBANI','21','PUNO','2112','SANDIA','211203','LIMBANI'),('21','PUNO','2112','SANDIA','211204','PATAMBUCO','20','PUNO','2008','SANDIA','200806','PATAMBUCO','21','PUNO','2112','SANDIA','211204','PATAMBUCO'),('21','PUNO','2112','SANDIA','211205','PHARA','20','PUNO','2008','SANDIA','200805','PHARA','21','PUNO','2112','SANDIA','211205','PHARA'),('21','PUNO','2112','SANDIA','211206','QUIACA','20','PUNO','2008','SANDIA','200807','QUIACA','21','PUNO','2112','SANDIA','211206','QUIACA'),('21','PUNO','2112','SANDIA','211207','SAN JUAN DEL ORO','20','PUNO','2008','SANDIA','200808','SAN JUAN DEL ORO','21','PUNO','2112','SANDIA','211207','SAN JUAN DEL ORO'),('21','PUNO','2112','SANDIA','211208','YANAHUAYA','20','PUNO','2008','SANDIA','200810','YANAHUAYA','21','PUNO','2112','SANDIA','211208','YANAHUAYA'),('21','PUNO','2112','SANDIA','211209','ALTO INAMBARI','20','PUNO','2008','SANDIA','200811','ALTO INAMBARI','21','PUNO','2112','SANDIA','211209','ALTO INAMBARI'),('21','PUNO','2112','SANDIA','211210','SAN PEDRO DE PUTINA PUNCO','20','PUNO','2008','SANDIA','200812','SAN PEDRO DE PUTINA PUNCO','21','PUNO','2112','SANDIA','211210','SAN PEDRO DE PUTINA PUNCO'),('21','PUNO','2113','YUNGUYO','211301','YUNGUYO','20','PUNO','2010','YUNGUYO','201001','YUNGUYO','21','PUNO','2113','YUNGUYO','211301','YUNGUYO'),('21','PUNO','2113','YUNGUYO','211302','ANAPIA','20','PUNO','2010','YUNGUYO','201003','ANAPIA','21','PUNO','2113','YUNGUYO','211302','ANAPIA'),('21','PUNO','2113','YUNGUYO','211303','COPANI','20','PUNO','2010','YUNGUYO','201004','COPANI','21','PUNO','2113','YUNGUYO','211303','COPANI'),('21','PUNO','2113','YUNGUYO','211304','CUTURAPI','20','PUNO','2010','YUNGUYO','201005','CUTURAPI','21','PUNO','2113','YUNGUYO','211304','CUTURAPI'),('21','PUNO','2113','YUNGUYO','211305','OLLARAYA','20','PUNO','2010','YUNGUYO','201006','OLLARAYA','21','PUNO','2113','YUNGUYO','211305','OLLARAYA'),('21','PUNO','2113','YUNGUYO','211306','TINICACHI','20','PUNO','2010','YUNGUYO','201007','TINICACHI','21','PUNO','2113','YUNGUYO','211306','TINICACHI'),('21','PUNO','2113','YUNGUYO','211307','UNICACHI','20','PUNO','2010','YUNGUYO','201002','UNICACHI','21','PUNO','2113','YUNGUYO','211307','UNICACHI'),('22','SAN MARTIN','2201','MOYOBAMBA','220101','MOYOBAMBA','21','SAN MARTIN','2101','MOYOBAMBA','210101','MOYOBAMBA','22','SAN MARTIN','2201','MOYOBAMBA','220101','MOYOBAMBA'),('22','SAN MARTIN','2201','MOYOBAMBA','220102','CALZADA','21','SAN MARTIN','2101','MOYOBAMBA','210102','CALZADA','22','SAN MARTIN','2201','MOYOBAMBA','220102','CALZADA'),('22','SAN MARTIN','2201','MOYOBAMBA','220103','HABANA','21','SAN MARTIN','2101','MOYOBAMBA','210103','HABANA','22','SAN MARTIN','2201','MOYOBAMBA','220103','HABANA'),('22','SAN MARTIN','2201','MOYOBAMBA','220104','JEPELACIO','21','SAN MARTIN','2101','MOYOBAMBA','210104','JEPELACIO','22','SAN MARTIN','2201','MOYOBAMBA','220104','JEPELACIO'),('22','SAN MARTIN','2201','MOYOBAMBA','220105','SORITOR','21','SAN MARTIN','2101','MOYOBAMBA','210105','SORITOR','22','SAN MARTIN','2201','MOYOBAMBA','220105','SORITOR'),('22','SAN MARTIN','2201','MOYOBAMBA','220106','YANTALO','21','SAN MARTIN','2101','MOYOBAMBA','210106','YANTALO','22','SAN MARTIN','2201','MOYOBAMBA','220106','YANTALO'),('22','SAN MARTIN','2202','BELLAVISTA','220201','BELLAVISTA','21','SAN MARTIN','2107','BELLAVISTA','210701','BELLAVISTA','22','SAN MARTIN','2202','BELLAVISTA','220201','BELLAVISTA'),('22','SAN MARTIN','2202','BELLAVISTA','220202','ALTO BIAVO','21','SAN MARTIN','2107','BELLAVISTA','210704','ALTO BIAVO','22','SAN MARTIN','2202','BELLAVISTA','220202','ALTO BIAVO'),('22','SAN MARTIN','2202','BELLAVISTA','220203','BAJO BIAVO','21','SAN MARTIN','2107','BELLAVISTA','210706','BAJO BIAVO','22','SAN MARTIN','2202','BELLAVISTA','220203','BAJO BIAVO'),('22','SAN MARTIN','2202','BELLAVISTA','220204','HUALLAGA','21','SAN MARTIN','2107','BELLAVISTA','210705','HUALLAGA','22','SAN MARTIN','2202','BELLAVISTA','220204','HUALLAGA'),('22','SAN MARTIN','2202','BELLAVISTA','220205','SAN PABLO','21','SAN MARTIN','2107','BELLAVISTA','210703','SAN PABLO','22','SAN MARTIN','2202','BELLAVISTA','220205','SAN PABLO'),('22','SAN MARTIN','2202','BELLAVISTA','220206','SAN RAFAEL','21','SAN MARTIN','2107','BELLAVISTA','210702','SAN RAFAEL','22','SAN MARTIN','2202','BELLAVISTA','220206','SAN RAFAEL'),('22','SAN MARTIN','2203','EL DORADO','220301','SAN JOSE DE SISA','21','SAN MARTIN','2110','EL DORADO','211001','SAN JOSE DE SISA','22','SAN MARTIN','2203','EL DORADO','220301','SAN JOSE DE SISA'),('22','SAN MARTIN','2203','EL DORADO','220302','AGUA BLANCA','21','SAN MARTIN','2110','EL DORADO','211002','AGUA BLANCA','22','SAN MARTIN','2203','EL DORADO','220302','AGUA BLANCA'),('22','SAN MARTIN','2203','EL DORADO','220303','SAN MARTIN','21','SAN MARTIN','2110','EL DORADO','211004','SAN MARTIN','22','SAN MARTIN','2203','EL DORADO','220303','SAN MARTIN'),('22','SAN MARTIN','2203','EL DORADO','220304','SANTA ROSA','21','SAN MARTIN','2110','EL DORADO','211005','SANTA ROSA','22','SAN MARTIN','2203','EL DORADO','220304','SANTA ROSA'),('22','SAN MARTIN','2203','EL DORADO','220305','SHATOJA','21','SAN MARTIN','2110','EL DORADO','211003','SHATOJA','22','SAN MARTIN','2203','EL DORADO','220305','SHATOJA'),('22','SAN MARTIN','2204','HUALLAGA','220401','SAPOSOA','21','SAN MARTIN','2102','HUALLAGA','210201','SAPOSOA','22','SAN MARTIN','2204','HUALLAGA','220401','SAPOSOA'),('22','SAN MARTIN','2204','HUALLAGA','220402','ALTO SAPOSOA','21','SAN MARTIN','2102','HUALLAGA','210205','ALTO SAPOSOA','22','SAN MARTIN','2204','HUALLAGA','220402','ALTO SAPOSOA'),('22','SAN MARTIN','2204','HUALLAGA','220403','EL ESLABON','21','SAN MARTIN','2102','HUALLAGA','210206','EL ESLABON','22','SAN MARTIN','2204','HUALLAGA','220403','EL ESLABON'),('22','SAN MARTIN','2204','HUALLAGA','220404','PISCOYACU','21','SAN MARTIN','2102','HUALLAGA','210202','PISCOYACU','22','SAN MARTIN','2204','HUALLAGA','220404','PISCOYACU'),('22','SAN MARTIN','2204','HUALLAGA','220405','SACANCHE','21','SAN MARTIN','2102','HUALLAGA','210203','SACANCHE','22','SAN MARTIN','2204','HUALLAGA','220405','SACANCHE'),('22','SAN MARTIN','2204','HUALLAGA','220406','TINGO DE SAPOSOA','21','SAN MARTIN','2102','HUALLAGA','210204','TINGO DE SAPOSOA','22','SAN MARTIN','2204','HUALLAGA','220406','TINGO DE SAPOSOA'),('22','SAN MARTIN','2205','LAMAS','220501','LAMAS','21','SAN MARTIN','2103','LAMAS','210301','LAMAS','22','SAN MARTIN','2205','LAMAS','220501','LAMAS'),('22','SAN MARTIN','2205','LAMAS','220502','ALONSO DE ALVARADO','21','SAN MARTIN','2103','LAMAS','210315','ALONSO DE ALVARADO','22','SAN MARTIN','2205','LAMAS','220502','ALONSO DE ALVARADO'),('22','SAN MARTIN','2205','LAMAS','220503','BARRANQUITA','21','SAN MARTIN','2103','LAMAS','210303','BARRANQUITA','22','SAN MARTIN','2205','LAMAS','220503','BARRANQUITA'),('22','SAN MARTIN','2205','LAMAS','220504','CAYNARACHI','21','SAN MARTIN','2103','LAMAS','210304','CAYNARACHI','22','SAN MARTIN','2205','LAMAS','220504','CAYNARACHI   1/'),('22','SAN MARTIN','2205','LAMAS','220505','CUÑUMBUQUI','21','SAN MARTIN','2103','LAMAS','210305','CUÑUMBUQUI','22','SAN MARTIN','2205','LAMAS','220505','CUÑUMBUQUI'),('22','SAN MARTIN','2205','LAMAS','220506','PINTO RECODO','21','SAN MARTIN','2103','LAMAS','210306','PINTO RECODO','22','SAN MARTIN','2205','LAMAS','220506','PINTO RECODO'),('22','SAN MARTIN','2205','LAMAS','220507','RUMISAPA','21','SAN MARTIN','2103','LAMAS','210307','RUMISAPA','22','SAN MARTIN','2205','LAMAS','220507','RUMISAPA'),('22','SAN MARTIN','2205','LAMAS','220508','SAN ROQUE DE CUMBAZA','21','SAN MARTIN','2103','LAMAS','210316','SAN ROQUE DE CUMBAZA','22','SAN MARTIN','2205','LAMAS','220508','SAN ROQUE DE CUMBAZA'),('22','SAN MARTIN','2205','LAMAS','220509','SHANAO','21','SAN MARTIN','2103','LAMAS','210311','SHANAO','22','SAN MARTIN','2205','LAMAS','220509','SHANAO'),('22','SAN MARTIN','2205','LAMAS','220510','TABALOSOS','21','SAN MARTIN','2103','LAMAS','210313','TABALOSOS','22','SAN MARTIN','2205','LAMAS','220510','TABALOSOS'),('22','SAN MARTIN','2205','LAMAS','220511','ZAPATERO','21','SAN MARTIN','2103','LAMAS','210314','ZAPATERO','22','SAN MARTIN','2205','LAMAS','220511','ZAPATERO'),('22','SAN MARTIN','2206','MARISCAL CACERES','220601','JUANJUI','21','SAN MARTIN','2104','MARISCAL CACERES','210401','JUANJUI','22','SAN MARTIN','2206','MARISCAL CACERES','220601','JUANJUI'),('22','SAN MARTIN','2206','MARISCAL CACERES','220602','CAMPANILLA','21','SAN MARTIN','2104','MARISCAL CACERES','210402','CAMPANILLA','22','SAN MARTIN','2206','MARISCAL CACERES','220602','CAMPANILLA'),('22','SAN MARTIN','2206','MARISCAL CACERES','220603','HUICUNGO','21','SAN MARTIN','2104','MARISCAL CACERES','210403','HUICUNGO','22','SAN MARTIN','2206','MARISCAL CACERES','220603','HUICUNGO'),('22','SAN MARTIN','2206','MARISCAL CACERES','220604','PACHIZA','21','SAN MARTIN','2104','MARISCAL CACERES','210404','PACHIZA','22','SAN MARTIN','2206','MARISCAL CACERES','220604','PACHIZA'),('22','SAN MARTIN','2206','MARISCAL CACERES','220605','PAJARILLO','21','SAN MARTIN','2104','MARISCAL CACERES','210405','PAJARILLO','22','SAN MARTIN','2206','MARISCAL CACERES','220605','PAJARILLO'),('22','SAN MARTIN','2207','PICOTA','220701','PICOTA','21','SAN MARTIN','2109','PICOTA','210901','PICOTA','22','SAN MARTIN','2207','PICOTA','220701','PICOTA'),('22','SAN MARTIN','2207','PICOTA','220702','BUENOS AIRES','21','SAN MARTIN','2109','PICOTA','210902','BUENOS AIRES','22','SAN MARTIN','2207','PICOTA','220702','BUENOS AIRES'),('22','SAN MARTIN','2207','PICOTA','220703','CASPISAPA','21','SAN MARTIN','2109','PICOTA','210903','CASPIZAPA','22','SAN MARTIN','2207','PICOTA','220703','CASPISAPA'),('22','SAN MARTIN','2207','PICOTA','220704','PILLUANA','21','SAN MARTIN','2109','PICOTA','210904','PILLUANA','22','SAN MARTIN','2207','PICOTA','220704','PILLUANA'),('22','SAN MARTIN','2207','PICOTA','220705','PUCACACA','21','SAN MARTIN','2109','PICOTA','210905','PUCACACA','22','SAN MARTIN','2207','PICOTA','220705','PUCACACA'),('22','SAN MARTIN','2207','PICOTA','220706','SAN CRISTOBAL','21','SAN MARTIN','2109','PICOTA','210906','SAN CRISTOBAL','22','SAN MARTIN','2207','PICOTA','220706','SAN CRISTOBAL'),('22','SAN MARTIN','2207','PICOTA','220707','SAN HILARION','21','SAN MARTIN','2109','PICOTA','210907','SAN HILARION','22','SAN MARTIN','2207','PICOTA','220707','SAN HILARION'),('22','SAN MARTIN','2207','PICOTA','220708','SHAMBOYACU','21','SAN MARTIN','2109','PICOTA','210910','SHAMBOYACU','22','SAN MARTIN','2207','PICOTA','220708','SHAMBOYACU'),('22','SAN MARTIN','2207','PICOTA','220709','TINGO DE PONASA','21','SAN MARTIN','2109','PICOTA','210908','TINGO DE PONASA','22','SAN MARTIN','2207','PICOTA','220709','TINGO DE PONASA'),('22','SAN MARTIN','2207','PICOTA','220710','TRES UNIDOS','21','SAN MARTIN','2109','PICOTA','210909','TRES UNIDOS','22','SAN MARTIN','2207','PICOTA','220710','TRES UNIDOS'),('22','SAN MARTIN','2208','RIOJA','220801','RIOJA','21','SAN MARTIN','2105','RIOJA','210501','RIOJA','22','SAN MARTIN','2208','RIOJA','220801','RIOJA'),('22','SAN MARTIN','2208','RIOJA','220802','AWAJUN','21','SAN MARTIN','2105','RIOJA','210509','AWAJUN','22','SAN MARTIN','2208','RIOJA','220802','AWAJUN'),('22','SAN MARTIN','2208','RIOJA','220803','ELIAS SOPLIN VARGAS','21','SAN MARTIN','2105','RIOJA','210506','ELIAS SOPLIN VARGAS','22','SAN MARTIN','2208','RIOJA','220803','ELIAS SOPLIN VARGAS'),('22','SAN MARTIN','2208','RIOJA','220804','NUEVA CAJAMARCA','21','SAN MARTIN','2105','RIOJA','210505','NUEVA CAJAMARCA','22','SAN MARTIN','2208','RIOJA','220804','NUEVA CAJAMARCA'),('22','SAN MARTIN','2208','RIOJA','220805','PARDO MIGUEL','21','SAN MARTIN','2105','RIOJA','210508','PARDO MIGUEL','22','SAN MARTIN','2208','RIOJA','220805','PARDO MIGUEL'),('22','SAN MARTIN','2208','RIOJA','220806','POSIC','21','SAN MARTIN','2105','RIOJA','210502','POSIC','22','SAN MARTIN','2208','RIOJA','220806','POSIC'),('22','SAN MARTIN','2208','RIOJA','220807','SAN FERNANDO','21','SAN MARTIN','2105','RIOJA','210507','SAN FERNANDO','22','SAN MARTIN','2208','RIOJA','220807','SAN FERNANDO'),('22','SAN MARTIN','2208','RIOJA','220808','YORONGOS','21','SAN MARTIN','2105','RIOJA','210503','YORONGOS','22','SAN MARTIN','2208','RIOJA','220808','YORONGOS'),('22','SAN MARTIN','2208','RIOJA','220809','YURACYACU','21','SAN MARTIN','2105','RIOJA','210504','YURACYACU','22','SAN MARTIN','2208','RIOJA','220809','YURACYACU'),('22','SAN MARTIN','2209','SAN MARTIN','220901','TARAPOTO','21','SAN MARTIN','2106','SAN MARTIN','210601','TARAPOTO','22','SAN MARTIN','2209','SAN MARTIN','220901','TARAPOTO'),('22','SAN MARTIN','2209','SAN MARTIN','220902','ALBERTO LEVEAU','21','SAN MARTIN','2106','SAN MARTIN','210602','ALBERTO LEVEAU','22','SAN MARTIN','2209','SAN MARTIN','220902','ALBERTO LEVEAU'),('22','SAN MARTIN','2209','SAN MARTIN','220903','CACATACHI','21','SAN MARTIN','2106','SAN MARTIN','210604','CACATACHI','22','SAN MARTIN','2209','SAN MARTIN','220903','CACATACHI'),('22','SAN MARTIN','2209','SAN MARTIN','220904','CHAZUTA','21','SAN MARTIN','2106','SAN MARTIN','210606','CHAZUTA','22','SAN MARTIN','2209','SAN MARTIN','220904','CHAZUTA'),('22','SAN MARTIN','2209','SAN MARTIN','220905','CHIPURANA','21','SAN MARTIN','2106','SAN MARTIN','210607','CHIPURANA','22','SAN MARTIN','2209','SAN MARTIN','220905','CHIPURANA'),('22','SAN MARTIN','2209','SAN MARTIN','220906','EL PORVENIR','21','SAN MARTIN','2106','SAN MARTIN','210608','EL PORVENIR','22','SAN MARTIN','2209','SAN MARTIN','220906','EL PORVENIR'),('22','SAN MARTIN','2209','SAN MARTIN','220907','HUIMBAYOC','21','SAN MARTIN','2106','SAN MARTIN','210609','HUIMBAYOC','22','SAN MARTIN','2209','SAN MARTIN','220907','HUIMBAYOC'),('22','SAN MARTIN','2209','SAN MARTIN','220908','JUAN GUERRA','21','SAN MARTIN','2106','SAN MARTIN','210610','JUAN GUERRA','22','SAN MARTIN','2209','SAN MARTIN','220908','JUAN GUERRA'),('22','SAN MARTIN','2209','SAN MARTIN','220909','LA BANDA DE SHILCAYO','21','SAN MARTIN','2106','SAN MARTIN','210621','LA BANDA DE SHILCAYO','22','SAN MARTIN','2209','SAN MARTIN','220909','LA BANDA DE SHILCAYO'),('22','SAN MARTIN','2209','SAN MARTIN','220910','MORALES','21','SAN MARTIN','2106','SAN MARTIN','210611','MORALES','22','SAN MARTIN','2209','SAN MARTIN','220910','MORALES'),('22','SAN MARTIN','2209','SAN MARTIN','220911','PAPAPLAYA','21','SAN MARTIN','2106','SAN MARTIN','210612','PAPAPLAYA','22','SAN MARTIN','2209','SAN MARTIN','220911','PAPAPLAYA'),('22','SAN MARTIN','2209','SAN MARTIN','220912','SAN ANTONIO','21','SAN MARTIN','2106','SAN MARTIN','210616','SAN ANTONIO','22','SAN MARTIN','2209','SAN MARTIN','220912','SAN ANTONIO'),('22','SAN MARTIN','2209','SAN MARTIN','220913','SAUCE','21','SAN MARTIN','2106','SAN MARTIN','210619','SAUCE','22','SAN MARTIN','2209','SAN MARTIN','220913','SAUCE'),('22','SAN MARTIN','2209','SAN MARTIN','220914','SHAPAJA','21','SAN MARTIN','2106','SAN MARTIN','210620','SHAPAJA','22','SAN MARTIN','2209','SAN MARTIN','220914','SHAPAJA'),('22','SAN MARTIN','2210','TOCACHE','221001','TOCACHE','21','SAN MARTIN','2108','TOCACHE','210801','TOCACHE','22','SAN MARTIN','2210','TOCACHE','221001','TOCACHE'),('22','SAN MARTIN','2210','TOCACHE','221002','NUEVO PROGRESO','21','SAN MARTIN','2108','TOCACHE','210802','NUEVO PROGRESO','22','SAN MARTIN','2210','TOCACHE','221002','NUEVO PROGRESO'),('22','SAN MARTIN','2210','TOCACHE','221003','POLVORA','21','SAN MARTIN','2108','TOCACHE','210803','POLVORA','22','SAN MARTIN','2210','TOCACHE','221003','POLVORA'),('22','SAN MARTIN','2210','TOCACHE','221004','SHUNTE','21','SAN MARTIN','2108','TOCACHE','210804','SHUNTE','22','SAN MARTIN','2210','TOCACHE','221004','SHUNTE  2/'),('22','SAN MARTIN','2210','TOCACHE','221005','UCHIZA','21','SAN MARTIN','2108','TOCACHE','210805','UCHIZA','22','SAN MARTIN','2210','TOCACHE','221005','UCHIZA'),('23','TACNA','2301','TACNA','230101','TACNA','22','TACNA','2201','TACNA','220101','TACNA','23','TACNA','2301','TACNA','230101','TACNA'),('23','TACNA','2301','TACNA','230102','ALTO DE LA ALIANZA','22','TACNA','2201','TACNA','220111','ALTO DE LA ALIANZA','23','TACNA','2301','TACNA','230102','ALTO DE LA ALIANZA'),('23','TACNA','2301','TACNA','230103','CALANA','22','TACNA','2201','TACNA','220102','CALANA','23','TACNA','2301','TACNA','230103','CALANA'),('23','TACNA','2301','TACNA','230104','CIUDAD NUEVA','22','TACNA','2201','TACNA','220112','CIUDAD NUEVA','23','TACNA','2301','TACNA','230104','CIUDAD NUEVA'),('23','TACNA','2301','TACNA','230105','INCLAN','22','TACNA','2201','TACNA','220104','INCLAN','23','TACNA','2301','TACNA','230105','INCLAN'),('23','TACNA','2301','TACNA','230106','PACHIA','22','TACNA','2201','TACNA','220107','PACHIA','23','TACNA','2301','TACNA','230106','PACHIA'),('23','TACNA','2301','TACNA','230107','PALCA','22','TACNA','2201','TACNA','220108','PALCA','23','TACNA','2301','TACNA','230107','PALCA'),('23','TACNA','2301','TACNA','230108','POCOLLAY','22','TACNA','2201','TACNA','220109','POCOLLAY','23','TACNA','2301','TACNA','230108','POCOLLAY'),('23','TACNA','2301','TACNA','230109','SAMA','22','TACNA','2201','TACNA','220110','SAMA','23','TACNA','2301','TACNA','230109','SAMA'),('23','TACNA','2301','TACNA','230110','CORONEL GREGORIO ALBARRACIN LANCHIPA','22','TACNA','2201','TACNA','220113','CORONEL GREGORIO ALBARRACIN L.','23','TACNA','2301','TACNA','230110','CORONEL GREGORIO ALBARRACIN LANCHIPA'),('23','TACNA','2301','TACNA','230111','LA YARADA LOS PALOS',NULL,NULL,NULL,NULL,NULL,NULL,NULL,NULL,NULL,NULL,NULL,NULL),('23','TACNA','2302','CANDARAVE','230201','CANDARAVE','22','TACNA','2204','CANDARAVE','220401','CANDARAVE','23','TACNA','2302','CANDARAVE','230201','CANDARAVE'),('23','TACNA','2302','CANDARAVE','230202','CAIRANI','22','TACNA','2204','CANDARAVE','220402','CAIRANI','23','TACNA','2302','CANDARAVE','230202','CAIRANI'),('23','TACNA','2302','CANDARAVE','230203','CAMILACA','22','TACNA','2204','CANDARAVE','220406','CAMILACA','23','TACNA','2302','CANDARAVE','230203','CAMILACA'),('23','TACNA','2302','CANDARAVE','230204','CURIBAYA','22','TACNA','2204','CANDARAVE','220403','CURIBAYA','23','TACNA','2302','CANDARAVE','230204','CURIBAYA'),('23','TACNA','2302','CANDARAVE','230205','HUANUARA','22','TACNA','2204','CANDARAVE','220404','HUANUARA','23','TACNA','2302','CANDARAVE','230205','HUANUARA'),('23','TACNA','2302','CANDARAVE','230206','QUILAHUANI','22','TACNA','2204','CANDARAVE','220405','QUILAHUANI','23','TACNA','2302','CANDARAVE','230206','QUILAHUANI'),('23','TACNA','2303','JORGE BASADRE','230301','LOCUMBA','22','TACNA','2203','JORGE BASADRE','220301','LOCUMBA','23','TACNA','2303','JORGE BASADRE','230301','LOCUMBA'),('23','TACNA','2303','JORGE BASADRE','230302','ILABAYA','22','TACNA','2203','JORGE BASADRE','220303','ILABAYA','23','TACNA','2303','JORGE BASADRE','230302','ILABAYA'),('23','TACNA','2303','JORGE BASADRE','230303','ITE','22','TACNA','2203','JORGE BASADRE','220302','ITE','23','TACNA','2303','JORGE BASADRE','230303','ITE'),('23','TACNA','2304','TARATA','230401','TARATA','22','TACNA','2202','TARATA','220201','TARATA','23','TACNA','2304','TARATA','230401','TARATA'),('23','TACNA','2304','TARATA','230402','HEROES ALBARRACIN','22','TACNA','2202','TARATA','220205','HEROES ALBARRACIN','23','TACNA','2304','TARATA','230402','HEROES ALBARRACIN'),('23','TACNA','2304','TARATA','230403','ESTIQUE','22','TACNA','2202','TARATA','220206','ESTIQUE','23','TACNA','2304','TARATA','230403','ESTIQUE'),('23','TACNA','2304','TARATA','230404','ESTIQUE-PAMPA','22','TACNA','2202','TARATA','220207','ESTIQUE PAMPA','23','TACNA','2304','TARATA','230404','ESTIQUE-PAMPA'),('23','TACNA','2304','TARATA','230405','SITAJARA','22','TACNA','2202','TARATA','220210','SITAJARA','23','TACNA','2304','TARATA','230405','SITAJARA'),('23','TACNA','2304','TARATA','230406','SUSAPAYA','22','TACNA','2202','TARATA','220211','SUSAPAYA','23','TACNA','2304','TARATA','230406','SUSAPAYA'),('23','TACNA','2304','TARATA','230407','TARUCACHI','22','TACNA','2202','TARATA','220212','TARUCACHI','23','TACNA','2304','TARATA','230407','TARUCACHI'),('23','TACNA','2304','TARATA','230408','TICACO','22','TACNA','2202','TARATA','220213','TICACO','23','TACNA','2304','TARATA','230408','TICACO'),('24','TUMBES','2401','TUMBES','240101','TUMBES','23','TUMBES','2301','TUMBES','230101','TUMBES','24','TUMBES','2401','TUMBES','240101','TUMBES'),('24','TUMBES','2401','TUMBES','240102','CORRALES','23','TUMBES','2301','TUMBES','230102','CORRALES','24','TUMBES','2401','TUMBES','240102','CORRALES'),('24','TUMBES','2401','TUMBES','240103','LA CRUZ','23','TUMBES','2301','TUMBES','230103','LA CRUZ','24','TUMBES','2401','TUMBES','240103','LA CRUZ'),('24','TUMBES','2401','TUMBES','240104','PAMPAS DE HOSPITAL','23','TUMBES','2301','TUMBES','230104','PAMPAS DE HOSPITAL','24','TUMBES','2401','TUMBES','240104','PAMPAS DE HOSPITAL'),('24','TUMBES','2401','TUMBES','240105','SAN JACINTO','23','TUMBES','2301','TUMBES','230105','SAN JACINTO','24','TUMBES','2401','TUMBES','240105','SAN JACINTO'),('24','TUMBES','2401','TUMBES','240106','SAN JUAN DE LA VIRGEN','23','TUMBES','2301','TUMBES','230106','SAN JUAN DE LA VIRGEN','24','TUMBES','2401','TUMBES','240106','SAN JUAN DE LA VIRGEN'),('24','TUMBES','2402','CONTRALMIRANTE VILLAR','240201','ZORRITOS','23','TUMBES','2302','CONTRALMIRANTE VILLAR','230201','ZORRITOS','24','TUMBES','2402','CONTRALMIRANTE VILLAR','240201','ZORRITOS'),('24','TUMBES','2402','CONTRALMIRANTE VILLAR','240202','CASITAS','23','TUMBES','2302','CONTRALMIRANTE VILLAR','230202','CASITAS','24','TUMBES','2402','CONTRALMIRANTE VILLAR','240202','CASITAS'),('24','TUMBES','2402','CONTRALMIRANTE VILLAR','240203','CANOAS DE PUNTA SAL','23','TUMBES','2302','CONTRALMIRANTE VILLAR','230203','CANOAS DE PUNTA SAL','24','TUMBES','2402','CONTRALMIRANTE VILLAR','240203','CANOAS DE PUNTA SAL'),('24','TUMBES','2403','ZARUMILLA','240301','ZARUMILLA','23','TUMBES','2303','ZARUMILLA','230301','ZARUMILLA','24','TUMBES','2403','ZARUMILLA','240301','ZARUMILLA'),('24','TUMBES','2403','ZARUMILLA','240302','AGUAS VERDES','23','TUMBES','2303','ZARUMILLA','230304','AGUAS VERDES','24','TUMBES','2403','ZARUMILLA','240302','AGUAS VERDES'),('24','TUMBES','2403','ZARUMILLA','240303','MATAPALO','23','TUMBES','2303','ZARUMILLA','230302','MATAPALO','24','TUMBES','2403','ZARUMILLA','240303','MATAPALO'),('24','TUMBES','2403','ZARUMILLA','240304','PAPAYAL','23','TUMBES','2303','ZARUMILLA','230303','PAPAYAL','24','TUMBES','2403','ZARUMILLA','240304','PAPAYAL'),('25','UCAYALI','2501','CORONEL PORTILLO','250101','CALLERIA','25','UCAYALI','2501','CORONEL PORTILLO','250101','CALLERIA','25','UCAYALI','2501','CORONEL PORTILLO','250101','CALLERIA'),('25','UCAYALI','2501','CORONEL PORTILLO','250102','CAMPOVERDE','25','UCAYALI','2501','CORONEL PORTILLO','250104','CAMPOVERDE','25','UCAYALI','2501','CORONEL PORTILLO','250102','CAMPOVERDE'),('25','UCAYALI','2501','CORONEL PORTILLO','250103','IPARIA','25','UCAYALI','2501','CORONEL PORTILLO','250105','IPARIA','25','UCAYALI','2501','CORONEL PORTILLO','250103','IPARIA'),('25','UCAYALI','2501','CORONEL PORTILLO','250104','MASISEA','25','UCAYALI','2501','CORONEL PORTILLO','250103','MASISEA','25','UCAYALI','2501','CORONEL PORTILLO','250104','MASISEA'),('25','UCAYALI','2501','CORONEL PORTILLO','250105','YARINACOCHA','25','UCAYALI','2501','CORONEL PORTILLO','250102','YARINACOCHA','25','UCAYALI','2501','CORONEL PORTILLO','250105','YARINACOCHA'),('25','UCAYALI','2501','CORONEL PORTILLO','250106','NUEVA REQUENA','25','UCAYALI','2501','CORONEL PORTILLO','250106','NUEVA REQUENA','25','UCAYALI','2501','CORONEL PORTILLO','250106','NUEVA REQUENA'),('25','UCAYALI','2501','CORONEL PORTILLO','250107','MANANTAY','25','UCAYALI','2501','CORONEL PORTILLO','250107','MANANTAY','25','UCAYALI','2501','CORONEL PORTILLO','250107','MANANTAY'),('25','UCAYALI','2502','ATALAYA','250201','RAYMONDI','25','UCAYALI','2503','ATALAYA','250301','RAIMONDI','25','UCAYALI','2502','ATALAYA','250201','RAYMONDI'),('25','UCAYALI','2502','ATALAYA','250202','SEPAHUA','25','UCAYALI','2503','ATALAYA','250304','SEPAHUA','25','UCAYALI','2502','ATALAYA','250202','SEPAHUA'),('25','UCAYALI','2502','ATALAYA','250203','TAHUANIA','25','UCAYALI','2503','ATALAYA','250302','TAHUANIA','25','UCAYALI','2502','ATALAYA','250203','TAHUANIA'),('25','UCAYALI','2502','ATALAYA','250204','YURUA','25','UCAYALI','2503','ATALAYA','250303','YURUA','25','UCAYALI','2502','ATALAYA','250204','YURUA'),('25','UCAYALI','2503','PADRE ABAD','250301','PADRE ABAD','25','UCAYALI','2502','PADRE ABAD','250201','PADRE ABAD','25','UCAYALI','2503','PADRE ABAD','250301','PADRE ABAD'),('25','UCAYALI','2503','PADRE ABAD','250302','IRAZOLA','25','UCAYALI','2502','PADRE ABAD','250202','IRAZOLA','25','UCAYALI','2503','PADRE ABAD','250302','IRAZOLA'),('25','UCAYALI','2503','PADRE ABAD','250303','CURIMANA','25','UCAYALI','2502','PADRE ABAD','250203','CURIMANA','25','UCAYALI','2503','PADRE ABAD','250303','CURIMANA'),('25','UCAYALI','2503','PADRE ABAD','250304','NESHUYA',NULL,NULL,NULL,NULL,NULL,NULL,NULL,NULL,NULL,NULL,NULL,NULL),('25','UCAYALI','2503','PADRE ABAD','250305','ALEXANDER VON HUMBOLDT',NULL,NULL,NULL,NULL,NULL,NULL,NULL,NULL,NULL,NULL,NULL,NULL),('25','UCAYALI','2504','PURUS','250401','PURUS','25','UCAYALI','2504','PURUS','250401','PURUS','25','UCAYALI','2504','PURUS','250401','PURUS');
/*!40000 ALTER TABLE `ubigeo` ENABLE KEYS */;
UNLOCK TABLES;

--
-- Table structure for table `users`
--

DROP TABLE IF EXISTS `users`;
/*!40101 SET @saved_cs_client     = @@character_set_client */;
/*!50503 SET character_set_client = utf8mb4 */;
CREATE TABLE `users` (
  `id` int unsigned NOT NULL AUTO_INCREMENT,
  `name` varchar(255) CHARACTER SET utf8mb4 COLLATE utf8mb4_unicode_ci NOT NULL,
  `email` varchar(255) CHARACTER SET utf8mb4 COLLATE utf8mb4_unicode_ci NOT NULL,
  `email_verified_at` timestamp NULL DEFAULT NULL,
  `password` varchar(255) CHARACTER SET utf8mb4 COLLATE utf8mb4_unicode_ci NOT NULL,
  `active` tinyint(1) NOT NULL DEFAULT '0',
  `activation_token` varchar(255) CHARACTER SET utf8mb4 COLLATE utf8mb4_unicode_ci NOT NULL,
  `remember_token` varchar(100) CHARACTER SET utf8mb4 COLLATE utf8mb4_unicode_ci DEFAULT NULL,
  `created_at` timestamp NULL DEFAULT NULL,
  `updated_at` timestamp NULL DEFAULT NULL,
  `deleted_at` timestamp NULL DEFAULT NULL,
  PRIMARY KEY (`id`),
  UNIQUE KEY `users_email_unique` (`email`)
) ENGINE=InnoDB AUTO_INCREMENT=8 DEFAULT CHARSET=utf8mb4 COLLATE=utf8mb4_unicode_ci;
/*!40101 SET character_set_client = @saved_cs_client */;

--
-- Dumping data for table `users`
--

LOCK TABLES `users` WRITE;
/*!40000 ALTER TABLE `users` DISABLE KEYS */;
INSERT INTO `users` VALUES (1,'Rodolfo Pacco','rodolfo.pacco.p@gmail.com',NULL,'$2y$10$uyKqJmVo8Pz7jfsFbI5xdu97GLkBaSJIgsSBaEx4KE9MQJPJRGx6a',1,'',NULL,'2019-01-24 14:00:48','2019-01-24 15:22:21',NULL);
/*!40000 ALTER TABLE `users` ENABLE KEYS */;
UNLOCK TABLES;

--
-- Table structure for table `usuario_recuperar_contra`
--

DROP TABLE IF EXISTS `usuario_recuperar_contra`;
/*!40101 SET @saved_cs_client     = @@character_set_client */;
/*!50503 SET character_set_client = utf8mb4 */;
CREATE TABLE `usuario_recuperar_contra` (
  `usuario_recuperar_contra_id` varchar(100) NOT NULL,
  `usuario_recuperar_contra_email` varchar(50) DEFAULT NULL,
  `usuario_recuperar_contra_token` varchar(500) DEFAULT NULL,
  `usuario_recuperar_contra_fecha` date DEFAULT NULL,
  PRIMARY KEY (`usuario_recuperar_contra_id`),
  UNIQUE KEY `usuario_recuperar_contraseña_usuario_recuperar_contra_id_uindex` (`usuario_recuperar_contra_id`)
) ENGINE=InnoDB DEFAULT CHARSET=latin1;
/*!40101 SET character_set_client = @saved_cs_client */;

--
-- Dumping data for table `usuario_recuperar_contra`
--

LOCK TABLES `usuario_recuperar_contra` WRITE;
/*!40000 ALTER TABLE `usuario_recuperar_contra` DISABLE KEYS */;
INSERT INTO `usuario_recuperar_contra` VALUES ('155309258215475082','noe.tipo@gmail.com','faN6t20MjOVAVloIi2Q9B1jQMdOFIi0iJcT78pV83BVLz59g7tYznIxHnoXbUz2L','2019-03-20'),('155309293073066418','noe_tipo@upeu.edu.pe','4U5d6XI8HBhf8qLLRHZWsLAj1t0JYcWjJAfavmVj5kOuYllP0agrO2mzlQBPtaJs','2019-03-20'),('156711197342853756','noe.tipo@gmail.com','d8MFPQQPDvLLIFBpJyXX05R1jG2WWhaOD7qSoZQNFQpz3xPfpi3GHTDXEcFQnYbk','2019-08-29'),('158376207883566744','noe.tipo@gmail.com','rPTO6xb1PJoDrKieyfSZYST8MOYlHBRdl4AcFBoOYFgWJr9BTUOVWROecZPjrCQo','2020-03-09'),('158376436224502806','noe.tipo@gmail.com','pZiBM82xkS4ozrLb6kmeZxMBSqieTrv0dxQjQ2mqekG3FXCZjKxj55qpmQLqTQ6R','2020-03-09'),('161055990949475871','rodolfo.pacco.p@gmail.com','NNhRK66ticHO61ZjhN8ItzPxiPcteh54tAoxDeOzDCkKFxJJWvmg7VZNGTQoQIuO','2021-01-13');
/*!40000 ALTER TABLE `usuario_recuperar_contra` ENABLE KEYS */;
UNLOCK TABLES;

--
-- Table structure for table `vent_flujo_serie`
--

DROP TABLE IF EXISTS `vent_flujo_serie`;
/*!40101 SET @saved_cs_client     = @@character_set_client */;
/*!50503 SET character_set_client = utf8mb4 */;
CREATE TABLE `vent_flujo_serie` (
  `vent_serie` varchar(100) NOT NULL,
  `vent_tipo_comprobante_id` varchar(100) DEFAULT NULL,
  `vent_numero` varchar(20) DEFAULT NULL,
  `vent_num_cajero` int NOT NULL,
  `vent_almacen_id` varchar(100) DEFAULT NULL,
  PRIMARY KEY (`vent_serie`),
  UNIQUE KEY `vent_flujoserie_vent_serie_uindex` (`vent_serie`),
  KEY `vent_flujo_serie_tipo_comprobante_fk` (`vent_tipo_comprobante_id`),
  CONSTRAINT `vent_flujo_serie_tipo_comprobante_fk` FOREIGN KEY (`vent_tipo_comprobante_id`) REFERENCES `doc_tipo_comprabante` (`doc_tipo_comprobante_id`)
) ENGINE=InnoDB DEFAULT CHARSET=latin1;
/*!40101 SET character_set_client = @saved_cs_client */;

--
-- Dumping data for table `vent_flujo_serie`
--

LOCK TABLES `vent_flujo_serie` WRITE;
/*!40000 ALTER TABLE `vent_flujo_serie` DISABLE KEYS */;
INSERT INTO `vent_flujo_serie` VALUES ('B005','BO15455238811363142','0',5,'PR15469593836888181'),('B006','BO15455238811363142','0',6,'159396651674028042'),('B705','NO15455239275629160','0',5,'PR15469593836888181'),('B706','NO15455239275629160','0',6,'159396651674028042'),('B805','NO15455239418190139','0',5,'PR15469593836888181'),('B806','NO15455239418190139','0',6,'159396651674028042'),('F005','FA15455239119328121','0',5,'PR15469593836888181'),('F006','FA15455239119328121','0',6,'159396651674028042'),('F705','NO15455239275629160','0',5,'PR15469593836888181'),('F706','NO15455239275629160','0',6,'159396651674028042'),('F805','NO15455239418190139','0',5,'PR15469593836888181'),('F806','NO15455239418190139','0',6,'159396651674028042'),('T005','NV1521212121217778789','0',5,'PR15469593836888181'),('T006','NV1521212121217778789','0',6,'159396651674028042');
/*!40000 ALTER TABLE `vent_flujo_serie` ENABLE KEYS */;
UNLOCK TABLES;

--
-- Table structure for table `vent_pago`
--

DROP TABLE IF EXISTS `vent_pago`;
/*!40101 SET @saved_cs_client     = @@character_set_client */;
/*!50503 SET character_set_client = utf8mb4 */;
CREATE TABLE `vent_pago` (
  `vent_pago_id` varchar(100) NOT NULL,
  `vent_pago_importe` decimal(10,2) DEFAULT NULL,
  `vent_pago_pago` decimal(10,2) DEFAULT NULL,
  `vent_pago_vuelto` decimal(10,2) DEFAULT NULL,
  `vent_pago_venta_id` varchar(100) DEFAULT NULL,
  `vent_pago_tipo_pago` varchar(4) DEFAULT NULL,
  `vent_pago_user_id` int DEFAULT NULL,
  `vent_pago_fecha` datetime DEFAULT NULL,
  `vent_pago_numero_pago` varchar(20) DEFAULT NULL,
  `vent_pago_modalidad` varchar(2) DEFAULT NULL,
  `vent_pago_numero_transaccion` varchar(20) DEFAULT NULL,
  `vent_pago_cliente_documento` varchar(11) NOT NULL,
  `vent_pago_almacen_id` varchar(100) DEFAULT NULL,
  `vent_pago_periodo_id` varchar(100) DEFAULT NULL,
  `vent_pago_serie` varchar(6) DEFAULT NULL,
  `vent_pago_comision_id` varchar(30) DEFAULT NULL,
  `vent_pago_comision_pagado` tinyint(1) DEFAULT NULL,
  `vent_pago_comision_importe` decimal(10,2) DEFAULT NULL,
  `vent_pago_nro_cuota` int DEFAULT NULL,
  PRIMARY KEY (`vent_pago_id`),
  UNIQUE KEY `vent_pago_vent_pago_id_uindex` (`vent_pago_id`),
  KEY `vent_pago_venta_fk` (`vent_pago_venta_id`)
) ENGINE=InnoDB DEFAULT CHARSET=latin1;
/*!40101 SET character_set_client = @saved_cs_client */;

--
-- Dumping data for table `vent_pago`
--

LOCK TABLES `vent_pago` WRITE;
/*!40000 ALTER TABLE `vent_pago` DISABLE KEYS */;
INSERT INTO `vent_pago` VALUES ('160264337426794800',110.87,110.87,0.00,'160264328610379035','02',1,'2020-10-13 21:42:54','00000001','01',NULL,'70406698','PR15469593836888181','154687684564333875','VPO1',NULL,0,0.00,1),('160264338928143926',443.49,443.49,0.00,'160264328610379035','02',1,'2020-10-13 21:43:09','00000002','01',NULL,'70406698','PR15469593836888181','154687684564333875','VPO1',NULL,0,0.00,2),('160264377892478427',1180.00,NULL,NULL,'160264377884566812','01',1,'2020-10-13 21:49:38','00000001','01',NULL,'47259697','PR15469593836888181','154687684564333875','VP01',NULL,0,0.00,1),('160264401669215948',110.87,110.87,0.00,'160264401692131787','02',1,'2020-10-13 21:53:36','00000002','01',NULL,'70406698','PR15469593836888181','154687684564333875','VP01',NULL,0,0.00,1),('160281549244957887',11800.00,NULL,NULL,'160281549288423796','01',1,'2020-10-15 21:31:32','00000001','01',NULL,'45225149','PR15469593836888181','154687684564333875','VP011',NULL,0,0.00,1),('160281571773997139',11800.00,NULL,NULL,'160281571783913700','01',1,'2020-10-15 21:35:17','00000003','01',NULL,'45225149','PR15469593836888181','154687684564333875','VP01',NULL,0,0.00,1),('160324793418427403',500.00,500.00,0.00,'160324680132647364','02',1,'2020-10-20 21:38:54','00000003','01',NULL,'47259697','PR15469593836888181','154687684564333875','VPO1',NULL,0,0.00,1),('160324818823384833',1000.00,1000.00,0.00,'160324813474427934','02',1,'2020-10-20 21:43:08','00000004','01',NULL,'47259697','PR15469593836888181','154687684564333875','VPO1','1234654654',1,42.37,1),('160324822789477088',20000.00,20000.00,0.00,'160324813474427934','02',1,'2020-10-20 21:43:47','00000005','01',NULL,'47259697','PR15469593836888181','154687684564333875','VPO1','1234654654',1,847.46,2),('160460142498144242',200.00,NULL,NULL,'160460142465558816','01',1,'2020-11-05 13:37:04','00000002','01',NULL,'10472596972','159396651674028042','154687684564333875','VP011',NULL,0,0.00,1),('160460315032078018',200.00,NULL,NULL,'160460315043641369','01',1,'2020-11-05 14:05:50','00000004','01',NULL,'10472596972','159396651674028042','154687684564333875','VP01',NULL,0,0.00,1),('160601377248473192',118.00,NULL,NULL,'160601377263457233','01',1,'2020-11-21 21:56:12','00000003','01',NULL,'47259697','159396651674028042','154687684564333875','VP011',NULL,0,0.00,1),('161050444143183048',200.00,NULL,NULL,'161050443935111155','01',1,'2021-01-12 21:20:41','00000004','01',NULL,'10466485948','159396651674028042','154687684564333875','VP011','1234654654',0,8.47,1),('161055879424605523',1180.00,NULL,NULL,'161055879385594594','01',1,'2021-01-13 12:26:34','00000005','01',NULL,'10472596972','159396651674028042','154687684564333875','VP011',NULL,0,0.00,1),('161056184641167507',15.00,NULL,NULL,'161056184635179337','01',1,'2021-01-13 13:17:26','00000006','01',NULL,'10466485948','159396651674028042','154687684564333875','VP011',NULL,0,0.00,1),('161056195087883247',15.00,NULL,NULL,'161056195045032978','01',1,'2021-01-13 13:19:10','00000005','01',NULL,'10466485948','159396651674028042','154687684564333875','VP01',NULL,0,0.00,1),('161056263936064536',2360.00,2360.00,0.00,'161056252084857316','02',1,'2021-01-13 13:30:39','00000006','01',NULL,'46648594','159396651674028042','154687684564333875','VPO1',NULL,0,0.00,1),('161056268125598095',2360.00,2360.00,0.00,'161056252084857316','02',1,'2021-01-13 13:31:21','00000007','01',NULL,'46648594','159396651674028042','154687684564333875','VPO1',NULL,0,0.00,2);
/*!40000 ALTER TABLE `vent_pago` ENABLE KEYS */;
UNLOCK TABLES;

--
-- Table structure for table `vent_pedido`
--

DROP TABLE IF EXISTS `vent_pedido`;
/*!40101 SET @saved_cs_client     = @@character_set_client */;
/*!50503 SET character_set_client = utf8mb4 */;
CREATE TABLE `vent_pedido` (
  `vent_pedido_id` varchar(100) NOT NULL,
  `vent_pedido_numero` varchar(100) NOT NULL,
  `vent_pedido_periodo_id` varchar(100) NOT NULL,
  `vent_pedido_serie` varchar(6) NOT NULL,
  `vent_pedido_numero_documento_cliente` varchar(12) NOT NULL,
  `vent_pedido_numero_talonario` varchar(50) DEFAULT NULL,
  `vent_pedido_importe` decimal(10,2) DEFAULT NULL,
  `vent_pedido_estado` tinyint(1) DEFAULT NULL,
  `vent_pedido_usuario` int unsigned NOT NULL,
  `vent_pedido_almacen_id` varchar(100) NOT NULL,
  `vent_pedido_fecha` date DEFAULT NULL,
  `vent_pedido_fecha_entrega` date DEFAULT NULL,
  `vent_pedido_estado_entrega` tinyint(1) DEFAULT NULL,
  `vent_pedido_cliente` varchar(500) DEFAULT NULL,
  `vent_pedido_estado_pago` tinyint(1) DEFAULT NULL,
  PRIMARY KEY (`vent_pedido_id`),
  UNIQUE KEY `vent_pedido_vent_pedido_id_uindex` (`vent_pedido_id`),
  KEY `vent_pedido_periodo_fk` (`vent_pedido_periodo_id`),
  KEY `vent_pedido_usuario_fk` (`vent_pedido_usuario`),
  KEY `vent_pedido_almacen_fk` (`vent_pedido_almacen_id`),
  CONSTRAINT `vent_pedido_almacen_fk` FOREIGN KEY (`vent_pedido_almacen_id`) REFERENCES `alm_almacen` (`alm_almacen_id`),
  CONSTRAINT `vent_pedido_periodo_fk` FOREIGN KEY (`vent_pedido_periodo_id`) REFERENCES `cont_periodo` (`cont_periodo_id`),
  CONSTRAINT `vent_pedido_usuario_fk` FOREIGN KEY (`vent_pedido_usuario`) REFERENCES `users` (`id`)
) ENGINE=InnoDB DEFAULT CHARSET=latin1;
/*!40101 SET character_set_client = @saved_cs_client */;

--
-- Dumping data for table `vent_pedido`
--

LOCK TABLES `vent_pedido` WRITE;
/*!40000 ALTER TABLE `vent_pedido` DISABLE KEYS */;
/*!40000 ALTER TABLE `vent_pedido` ENABLE KEYS */;
UNLOCK TABLES;

--
-- Table structure for table `vent_pedido_detalle`
--

DROP TABLE IF EXISTS `vent_pedido_detalle`;
/*!40101 SET @saved_cs_client     = @@character_set_client */;
/*!50503 SET character_set_client = utf8mb4 */;
CREATE TABLE `vent_pedido_detalle` (
  `vent_pedido_detalle_id` varchar(100) NOT NULL,
  `vent_pedido_detalle_cantidad` int NOT NULL,
  `vent_pedido_detalle_descripcion` varchar(1000) NOT NULL,
  `vent_pedido_detalle_precio_initario` decimal(10,2) NOT NULL,
  `vent_pedido_detalle_precio` decimal(10,2) DEFAULT NULL,
  `vent_pedido_detalle_pedido_id` varchar(100) NOT NULL,
  PRIMARY KEY (`vent_pedido_detalle_id`),
  UNIQUE KEY `vent_pedido_detalle_vent_pedido_detalle_id_uindex` (`vent_pedido_detalle_id`),
  KEY `vent_pedido_detalle_pedido_fk` (`vent_pedido_detalle_pedido_id`),
  CONSTRAINT `vent_pedido_detalle_pedido_fk` FOREIGN KEY (`vent_pedido_detalle_pedido_id`) REFERENCES `vent_pedido` (`vent_pedido_id`)
) ENGINE=InnoDB DEFAULT CHARSET=latin1;
/*!40101 SET character_set_client = @saved_cs_client */;

--
-- Dumping data for table `vent_pedido_detalle`
--

LOCK TABLES `vent_pedido_detalle` WRITE;
/*!40000 ALTER TABLE `vent_pedido_detalle` DISABLE KEYS */;
/*!40000 ALTER TABLE `vent_pedido_detalle` ENABLE KEYS */;
UNLOCK TABLES;

--
-- Table structure for table `vent_usuario_serie`
--

DROP TABLE IF EXISTS `vent_usuario_serie`;
/*!40101 SET @saved_cs_client     = @@character_set_client */;
/*!50503 SET character_set_client = utf8mb4 */;
CREATE TABLE `vent_usuario_serie` (
  `vent_usuario_serie_id` varchar(100) DEFAULT NULL,
  `vent_usuario_user_id` int unsigned DEFAULT NULL,
  `vent_num_cajero` int NOT NULL,
  `vent_almacen_id` varchar(100) DEFAULT NULL,
  KEY `vent_usuario_serie_user_fk` (`vent_usuario_user_id`),
  KEY `vent_usuario_serie_almacen_fk` (`vent_almacen_id`),
  CONSTRAINT `vent_usuario_serie_almacen_fk` FOREIGN KEY (`vent_almacen_id`) REFERENCES `alm_almacen` (`alm_almacen_id`),
  CONSTRAINT `vent_usuario_serie_user_fk` FOREIGN KEY (`vent_usuario_user_id`) REFERENCES `users` (`id`)
) ENGINE=InnoDB DEFAULT CHARSET=latin1;
/*!40101 SET character_set_client = @saved_cs_client */;

--
-- Dumping data for table `vent_usuario_serie`
--

LOCK TABLES `vent_usuario_serie` WRITE;
/*!40000 ALTER TABLE `vent_usuario_serie` DISABLE KEYS */;
INSERT INTO `vent_usuario_serie` VALUES ('161056157924235591',1,6,'159396651674028042');
/*!40000 ALTER TABLE `vent_usuario_serie` ENABLE KEYS */;
UNLOCK TABLES;

--
-- Table structure for table `vent_venta`
--

DROP TABLE IF EXISTS `vent_venta`;
/*!40101 SET @saved_cs_client     = @@character_set_client */;
/*!50503 SET character_set_client = utf8mb4 */;
CREATE TABLE `vent_venta` (
  `vent_venta_id` varchar(100) NOT NULL,
  `vent_venta_serie` varchar(100) DEFAULT NULL,
  `vent_venta_numero` varchar(20) DEFAULT NULL,
  `vent_venta_total` decimal(10,2) DEFAULT NULL,
  `vent_venta_precio_descuento_total` decimal(10,2) DEFAULT NULL,
  `vent_venta_precio_cobrado` decimal(10,2) DEFAULT NULL,
  `vent_venta_bi` decimal(10,2) DEFAULT NULL,
  `vent_venta_igv` decimal(10,2) DEFAULT NULL,
  `vent_venta_estado` int DEFAULT NULL,
  `vent_venta_cliente_numero_documento` varchar(100) DEFAULT NULL,
  `vent_venta_user_id` int unsigned DEFAULT NULL,
  `vent_venta_tipo_comprobante_id` varchar(100) DEFAULT NULL,
  `vent_venta_almacen_id` varchar(100) DEFAULT NULL,
  `vent_venta_periodo_id` varchar(100) DEFAULT NULL,
  `vent_venta_fecha` date DEFAULT NULL,
  `vent_venta_tipo_venta` varchar(100) DEFAULT NULL,
  `vent_venta_motivo_nota` varchar(100) DEFAULT NULL,
  `vent_venta_nota_codigo` varchar(4) DEFAULT NULL,
  `vent_venta_estado_envio_sunat` tinyint(1) DEFAULT NULL,
  `vent_venta_ruta_xml` varchar(500) DEFAULT NULL,
  `vent_venta_ruta_cdr` varchar(2000) DEFAULT NULL,
  `vent_venta_hash` varchar(1000) DEFAULT NULL,
  `vent_venta_fecha_envio_sunat` date DEFAULT NULL,
  `vent_venta_cuenta_cliente` varchar(6) DEFAULT NULL,
  `vent_venta_cuenta_igv` varchar(6) DEFAULT NULL,
  `vent_venta_precio_cobrado_letras` varchar(1000) DEFAULT NULL,
  `vent_venta_ip` varchar(20) DEFAULT NULL,
  `vent_venta_sistema_operativo` varchar(500) DEFAULT NULL,
  `vent_venta_ruta_baja_xml` varchar(500) DEFAULT NULL,
  `vent_venta_ruta_baja_cdr` varchar(500) DEFAULT NULL,
  `vent_venta_estado_pago` tinyint(1) DEFAULT NULL,
  `vent_venta_distribuidor_id` varchar(100) DEFAULT NULL,
  `vent_venta_descripcion` varchar(200) DEFAULT NULL,
  `vent_venta_comprobante_referenciado` varchar(13) DEFAULT NULL,
  `vent_venta_tipo_comprobante_referenciado` varchar(3) DEFAULT NULL,
  `vent_venta_comprovante_referenciado_nota` varchar(20) DEFAULT NULL,
  `vent_venta_comprado_por` varchar(200) DEFAULT NULL,
  `vent_venta_fecha_registro` datetime DEFAULT NULL,
  `vent_venta_cliente_id` varchar(30) DEFAULT NULL,
  `vent_venta_confirmado` tinyint(1) DEFAULT NULL,
  `vent_venta_cod_sunat` varchar(20) DEFAULT NULL,
  `vent_venta_mensaje_sunat` varchar(200) DEFAULT NULL,
  `vent_venta_hash_cdr` varchar(500) DEFAULT NULL,
  `vent_venta_qr` varchar(300) DEFAULT NULL,
  `vent_venta_porcentaje_descuento` decimal(10,2) DEFAULT NULL,
  `vent_venta_bi_real` decimal(10,2) DEFAULT NULL,
  `vent_venta_observaciones` varchar(800) DEFAULT NULL,
  PRIMARY KEY (`vent_venta_id`),
  UNIQUE KEY `vent_venta_vent_venta_id_uindex` (`vent_venta_id`),
  KEY `vent_venta_persona_fk` (`vent_venta_cliente_numero_documento`),
  KEY `vent_venta_user_fk` (`vent_venta_user_id`),
  KEY `vent_venta_tipo_comprobante_fk` (`vent_venta_tipo_comprobante_id`),
  KEY `vent_venta_almacen_fk` (`vent_venta_almacen_id`),
  KEY `vent_venta_periodo_fk` (`vent_venta_periodo_id`),
  KEY `vent_venta_serie_fk` (`vent_venta_serie`),
  CONSTRAINT `vent_venta_almacen_fk` FOREIGN KEY (`vent_venta_almacen_id`) REFERENCES `alm_almacen` (`alm_almacen_id`),
  CONSTRAINT `vent_venta_periodo_fk` FOREIGN KEY (`vent_venta_periodo_id`) REFERENCES `cont_periodo` (`cont_periodo_id`),
  CONSTRAINT `vent_venta_tipo_comprobante_fk` FOREIGN KEY (`vent_venta_tipo_comprobante_id`) REFERENCES `doc_tipo_comprabante` (`doc_tipo_comprobante_id`),
  CONSTRAINT `vent_venta_user_fk` FOREIGN KEY (`vent_venta_user_id`) REFERENCES `users` (`id`)
) ENGINE=InnoDB DEFAULT CHARSET=latin1;
/*!40101 SET character_set_client = @saved_cs_client */;

--
-- Dumping data for table `vent_venta`
--

LOCK TABLES `vent_venta` WRITE;
/*!40000 ALTER TABLE `vent_venta` DISABLE KEYS */;
INSERT INTO `vent_venta` VALUES ('160625825636425661','F006','00000001',118.00,0.00,118.00,100.00,18.00,1,'10472596972',1,'FA15455239119328121','159396651674028042','154687684564333875','2020-11-24','01',NULL,NULL,1,'20600186494-01-F006-00000001.XML','R-20600186494-01-F006-00000001.XML','FVAWK2TjvGSHWXzyGuEonLJFcM8=','2020-11-24',NULL,NULL,'CIENTO DIECIOCHO CON 00/100',NULL,NULL,NULL,NULL,0,NULL,NULL,NULL,NULL,NULL,NULL,'2020-11-24 17:50:56','158222783795156434',1,'0','La Factura numero F006-00000001, ha sido aceptada','PvbCMiSC1q5brHZyYWwnOIkAKwiSVEiv3ahjn4S3noBtgDK4z42WnMRL9LJY7hY5TQzAR3JBPnEY4Wqi1IrqjA==','20600186494|01|F006|00000001|18.00|118.00|2020-11-24|10472596972|FVAWK2TjvGSHWXzyGuEonLJFcM8=',0.00,100.00,NULL),('160625829718055009','F006','00000002',118.00,0.00,118.00,100.00,18.00,1,'10472596972',1,'FA15455239119328121','159396651674028042','154687684564333875','2020-11-24','01',NULL,NULL,1,'20600186494-01-F006-00000002.XML','R-20600186494-01-F006-00000002.XML','IOI96V8Isid4CtUDmyPuMWG9bjU=','2020-11-24',NULL,NULL,'CIENTO DIECIOCHO CON 00/100',NULL,NULL,NULL,NULL,0,NULL,NULL,NULL,NULL,NULL,NULL,'2020-11-24 17:51:37','158222783795156434',1,'0','La Factura numero F006-00000002, ha sido aceptada','qmsXdCoMluX+XMC5JJQKmFy0ai/3z/VqOjoHS5USJR6P09ro1AqyP5rhy5J7QsOBKOi2uUMXwZszPVHNB4nnAg==','20600186494|01|F006|00000002|18.00|118.00|2020-11-24|10472596972|IOI96V8Isid4CtUDmyPuMWG9bjU=',0.00,100.00,NULL),('160625836320411320','F006','00000003',118.00,0.00,118.00,100.00,18.00,1,'10472596972',1,'NO15455239275629160','159396651674028042','154687684564333875','2020-11-24','01','ANULACION DE LA OPERACION','01',0,NULL,NULL,NULL,NULL,NULL,NULL,'CIENTO DIECIOCHO CON 00/100',NULL,NULL,NULL,NULL,0,NULL,'por error','F006-00000001','01',NULL,NULL,'2020-11-24 17:52:43','158222783795156434',1,NULL,NULL,NULL,'20600186494|07|F006|00000003|18|118|2020-11-24|10472596972|',0.00,100.00,NULL),('161050443935111155','F006','00000004',200.00,0.00,200.00,169.49,30.51,1,'10466485948',1,'FA15455239119328121','159396651674028042','154687684564333875','2021-01-12','01',NULL,NULL,1,'20600186494-01-F006-00000004.XML','R-20600186494-01-F006-00000004.XML','PaTA7HrgegiWMwkjCHZdI1Fbofc=','2021-01-12',NULL,NULL,'DOSCIENTOS CON 00/100',NULL,NULL,NULL,NULL,1,'1234654654',NULL,NULL,NULL,NULL,NULL,'2021-01-12 21:20:39','161050431256471784',1,'0','La Factura numero F006-00000004, ha sido aceptada','TNsK0CXJN8GFlvY8BWANM5Px4AkMQi2oBs/uN0mGfaICdg92iEAxHAiG7nspnpoUov2LFpoMDefnB7C7sT2yNw==','20600186494|01|F006|00000004|30.51|200.00|2021-01-12|10466485948|PaTA7HrgegiWMwkjCHZdI1Fbofc=',0.00,169.49,'prueba de rodolfo'),('161055879385594594','F006','00000005',1180.00,0.00,1180.00,1000.00,180.00,1,'10472596972',1,'FA15455239119328121','159396651674028042','154687684564333875','2021-01-13','01',NULL,NULL,0,NULL,NULL,NULL,NULL,NULL,NULL,'MIL CIENTO OCHENTA CON 00/100',NULL,NULL,NULL,NULL,1,NULL,NULL,NULL,NULL,NULL,NULL,'2021-01-13 12:26:34','158222783795156434',1,NULL,NULL,NULL,'10420875032|01|F006|00000005|180|1180|2021-01-13|10472596972|',0.00,1000.00,NULL),('161056184635179337','B006','00000001',15.00,0.00,15.00,12.71,2.29,1,'10466485948',1,'BO15455238811363142','159396651674028042','154687684564333875','2021-01-13','01',NULL,NULL,1,'10420875032-03-B006-00000001.XML','R-10420875032-03-B006-00000001.XML','+llg+O0EtOZyRDii3QLy6EzNsSU=','2021-01-13',NULL,NULL,'QUINCE CON 00/100',NULL,NULL,NULL,NULL,1,NULL,NULL,NULL,NULL,NULL,NULL,'2021-01-13 13:17:26','161050431256471784',1,'0','La Boleta numero B006-00000001, ha sido aceptada','fwObZG9561u36w2XXHNw4nH9ub0J1uJLwjnPO/HuXV0xWwmQiXYy51j4Hetee8CPXWH9zB+cv36/jNtKmoR8TA==','10420875032|03|B006|00000001|2.29|15.00|2021-01-13|10466485948|+llg+O0EtOZyRDii3QLy6EzNsSU=',0.00,12.71,NULL),('161056195045032978','B006','00000002',15.00,0.00,15.00,12.71,2.29,1,'10466485948',1,'NO15455239275629160','159396651674028042','154687684564333875','2021-01-13','01','ANULACION DE LA OPERACION','01',0,NULL,NULL,NULL,NULL,NULL,NULL,'QUINCE CON 00/100',NULL,NULL,NULL,NULL,1,NULL,'por error','B006-00000001','03',NULL,NULL,'2021-01-13 13:19:10','161050431256471784',1,NULL,NULL,NULL,'10420875032|07|B006|00000002|2.29|15|2021-01-13|10466485948|',0.00,12.71,NULL),('161056252084857316','B006','00000003',11800.00,0.00,11800.00,10000.00,1800.00,1,'10466485948',1,'BO15455238811363142','159396651674028042','154687684564333875','2021-01-13','02',NULL,NULL,0,NULL,NULL,NULL,NULL,NULL,NULL,'ONCE MIL OCHOCIENTOS CON 00/100',NULL,NULL,NULL,NULL,0,NULL,NULL,NULL,NULL,NULL,NULL,'2021-01-13 13:28:40','161050431256471784',1,NULL,NULL,NULL,'10420875032|03|B006|00000003|1800|11800|2021-01-13|10466485948|',0.00,10000.00,NULL),('161056293265475869','P-2021-6','00000001',200.60,0.00,200.60,170.00,30.60,1,'10466485948',1,'158100719713223228','159396651674028042','154687684564333875','2021-01-13','01',NULL,NULL,0,NULL,NULL,NULL,NULL,NULL,NULL,'DOSCIENTOS CON 60/100',NULL,NULL,NULL,NULL,0,NULL,NULL,NULL,NULL,NULL,NULL,'2021-01-13 13:35:32','161050431256471784',1,NULL,NULL,NULL,'10420875032|88|P-2021-6|00000001|30.6|200.6|2021-01-13|10466485948|',0.00,170.00,NULL),('161056296263561405','B006','00000004',200.60,0.00,200.60,170.00,30.60,1,'10466485948',1,'BO15455238811363142','159396651674028042','154687684564333875','2021-01-13','01',NULL,NULL,0,NULL,NULL,NULL,NULL,NULL,NULL,'DOSCIENTOS CON 60/100',NULL,NULL,NULL,NULL,0,NULL,NULL,NULL,NULL,NULL,NULL,'2021-01-13 13:36:02','161050431256471784',1,NULL,NULL,NULL,'10420875032|03|B006|00000004|30.6|200.6|2021-01-13|10466485948|',0.00,170.00,NULL);
/*!40000 ALTER TABLE `vent_venta` ENABLE KEYS */;
UNLOCK TABLES;

--
-- Table structure for table `vent_venta_baja`
--

DROP TABLE IF EXISTS `vent_venta_baja`;
/*!40101 SET @saved_cs_client     = @@character_set_client */;
/*!50503 SET character_set_client = utf8mb4 */;
CREATE TABLE `vent_venta_baja` (
  `vent_venta_baja_id` varchar(100) NOT NULL,
  `vent_venta_baja_fecha_referencia` date DEFAULT NULL,
  `vent_venta_baja_fecha` date DEFAULT NULL,
  `vent_venta_baja_serie` varchar(20) DEFAULT NULL,
  `vent_venta_baja_motivo` varchar(200) DEFAULT NULL,
  `vent_venta_baja_venta_serie` varchar(10) DEFAULT NULL,
  `vent_venta_baja_venta_numero` varchar(8) DEFAULT NULL,
  `vent_venta_baja_secuencia` varchar(5) DEFAULT NULL,
  `vent_venta_baja_codigo` varchar(2) DEFAULT NULL,
  `vent_venta_baja_venta_id` varchar(100) DEFAULT NULL,
  `vent_venta_baja_xml` varchar(200) DEFAULT NULL,
  `vent_venta_baja_cdr` varchar(100) DEFAULT NULL,
  `vent_venta_baja_hash_cpe` varchar(500) DEFAULT NULL,
  `vent_venta_baja_hash_cdr` varchar(1000) DEFAULT NULL,
  PRIMARY KEY (`vent_venta_baja_id`),
  UNIQUE KEY `vent_venta_baja_vent_venta_baja_id_uindex` (`vent_venta_baja_id`)
) ENGINE=InnoDB DEFAULT CHARSET=latin1;
/*!40101 SET character_set_client = @saved_cs_client */;

--
-- Dumping data for table `vent_venta_baja`
--

LOCK TABLES `vent_venta_baja` WRITE;
/*!40000 ALTER TABLE `vent_venta_baja` DISABLE KEYS */;
/*!40000 ALTER TABLE `vent_venta_baja` ENABLE KEYS */;
UNLOCK TABLES;

--
-- Table structure for table `vent_venta_detalle`
--

DROP TABLE IF EXISTS `vent_venta_detalle`;
/*!40101 SET @saved_cs_client     = @@character_set_client */;
/*!50503 SET character_set_client = utf8mb4 */;
CREATE TABLE `vent_venta_detalle` (
  `vent_venta_detalle_id` varchar(100) NOT NULL,
  `vent_venta_detalle_precio_unitario` decimal(10,2) DEFAULT NULL,
  `vent_venta_detalle_precio` decimal(10,2) DEFAULT NULL,
  `vent_venta_detalle_descuento` decimal(10,2) DEFAULT NULL,
  `vent_venta_detalle_precio_cobro` decimal(10,2) DEFAULT NULL,
  `vent_venta_detalle_cantidad` decimal(10,2) DEFAULT NULL,
  `vent_venta_detalle_bi` decimal(10,2) DEFAULT NULL,
  `vent_venta_detalle_igv` decimal(10,2) DEFAULT NULL,
  `vent_venta_detalle_venta_id` varchar(100) DEFAULT NULL,
  `vent_venta_detalle_producto_id` varchar(100) DEFAULT NULL,
  `vent_venta_detalle_tipo_operacion` varchar(100) DEFAULT NULL,
  `vent_venta_detalle_costo_almacen` decimal(10,2) DEFAULT NULL,
  `vent_venta_detalle_cuenta_venta` varchar(6) DEFAULT NULL,
  `vent_venta_detalle_item` varchar(4) DEFAULT NULL,
  `vent_venta_detalle_lista_precio_id` varchar(30) DEFAULT NULL,
  `vent_venta_detalle_serie` varchar(300) DEFAULT NULL,
  PRIMARY KEY (`vent_venta_detalle_id`),
  UNIQUE KEY `vent_venta_detalle_vent_venta_detalle_id_uindex` (`vent_venta_detalle_id`),
  KEY `vent_venta_detalle_producto_fk` (`vent_venta_detalle_producto_id`),
  KEY `vent_venta_detalle_venta_fk` (`vent_venta_detalle_venta_id`),
  CONSTRAINT `vent_venta_detalle_producto_fk` FOREIGN KEY (`vent_venta_detalle_producto_id`) REFERENCES `alm_producto` (`alm_producto_id`),
  CONSTRAINT `vent_venta_detalle_venta_fk` FOREIGN KEY (`vent_venta_detalle_venta_id`) REFERENCES `vent_venta` (`vent_venta_id`)
) ENGINE=InnoDB DEFAULT CHARSET=latin1;
/*!40101 SET character_set_client = @saved_cs_client */;

--
-- Dumping data for table `vent_venta_detalle`
--

LOCK TABLES `vent_venta_detalle` WRITE;
/*!40000 ALTER TABLE `vent_venta_detalle` DISABLE KEYS */;
INSERT INTO `vent_venta_detalle` VALUES ('160625825637277483',118.00,118.00,NULL,NULL,1.00,100.00,18.00,'160625825636425661','160459872471757949','10',NULL,NULL,'1',NULL,NULL),('160625829732268294',118.00,118.00,NULL,NULL,1.00,100.00,18.00,'160625829718055009','160459872471757949','10',NULL,NULL,'1',NULL,'123452'),('160625836373375287',118.00,118.00,NULL,NULL,1.00,100.00,18.00,'160625836320411320','160459872471757949','10',NULL,NULL,'1',NULL,NULL),('161050444038647531',20.00,200.00,NULL,NULL,10.00,169.49,30.51,'161050443935111155','160324612486656470','10',NULL,NULL,'1',NULL,NULL),('161055879442366987',118.00,1180.00,NULL,NULL,10.00,1000.00,180.00,'161055879385594594','160324612017042421','10',NULL,NULL,'1',NULL,NULL),('161056184696034607',15.00,15.00,NULL,NULL,1.00,12.71,2.29,'161056184635179337','160324611812939043','10',NULL,NULL,'1',NULL,'11111'),('161056195034975214',15.00,15.00,NULL,NULL,1.00,12.71,2.29,'161056195045032978','160324611812939043','10',NULL,NULL,'1',NULL,'11111'),('161056252083908363',100.00,11800.00,NULL,NULL,100.00,10000.00,1800.00,'161056252084857316','160324611812939043','10',NULL,NULL,'1','MA1583880589264896',NULL),('161056293226012233',150.00,177.00,NULL,NULL,1.00,150.00,27.00,'161056293265475869','1603246120100006314','10',NULL,NULL,'1',NULL,NULL),('161056293242006972',20.00,23.60,NULL,NULL,1.00,20.00,3.60,'161056293265475869','160324612077036838','10',NULL,NULL,'2',NULL,NULL),('161056296210158451',20.00,23.60,NULL,NULL,1.00,20.00,3.60,'161056296263561405','160324612077036838','10',NULL,NULL,'2',NULL,NULL),('161056296236094966',150.00,177.00,NULL,NULL,1.00,150.00,27.00,'161056296263561405','1603246120100006314','10',NULL,NULL,'1',NULL,NULL);
/*!40000 ALTER TABLE `vent_venta_detalle` ENABLE KEYS */;
UNLOCK TABLES;

--
-- Table structure for table `vent_venta_fecha_pago`
--

DROP TABLE IF EXISTS `vent_venta_fecha_pago`;
/*!40101 SET @saved_cs_client     = @@character_set_client */;
/*!50503 SET character_set_client = utf8mb4 */;
CREATE TABLE `vent_venta_fecha_pago` (
  `vent_venta_fecha_pago_id` varchar(30) NOT NULL,
  `vent_venta_fecha_pago_venta_id` varchar(30) DEFAULT NULL,
  `vent_venta_fecha_pago_fecha` date DEFAULT NULL,
  `vent_venta_fecha_pago_importe` decimal(10,2) DEFAULT NULL,
  `vent_venta_fecha_pago_cuota` int DEFAULT NULL,
  `vent_venta_fecha_pago_comentario` varchar(1000) DEFAULT NULL,
  PRIMARY KEY (`vent_venta_fecha_pago_id`),
  UNIQUE KEY `vent_venta_fecha_pago_vent_venta_fecha_pago_id_uindex` (`vent_venta_fecha_pago_id`)
) ENGINE=InnoDB DEFAULT CHARSET=latin1;
/*!40101 SET character_set_client = @saved_cs_client */;

--
-- Dumping data for table `vent_venta_fecha_pago`
--

LOCK TABLES `vent_venta_fecha_pago` WRITE;
/*!40000 ALTER TABLE `vent_venta_fecha_pago` DISABLE KEYS */;
INSERT INTO `vent_venta_fecha_pago` VALUES ('161056252137858788','161056252084857316','2021-03-22',2360.00,2,NULL),('161056252148324525','161056252084857316','2021-05-29',2360.00,4,NULL),('161056252160219284','161056252084857316','2021-01-13',2360.00,1,NULL),('161056252169321678','161056252084857316','2021-04-25',2360.00,3,NULL),('161056252192567801','161056252084857316','2021-06-30',2360.00,5,NULL);
/*!40000 ALTER TABLE `vent_venta_fecha_pago` ENABLE KEYS */;
UNLOCK TABLES;

--
-- Dumping events for database 'db'
--

--
-- Dumping routines for database 'db'
--
/*!40103 SET TIME_ZONE=@OLD_TIME_ZONE */;

/*!40101 SET SQL_MODE=@OLD_SQL_MODE */;
/*!40014 SET FOREIGN_KEY_CHECKS=@OLD_FOREIGN_KEY_CHECKS */;
/*!40014 SET UNIQUE_CHECKS=@OLD_UNIQUE_CHECKS */;
/*!40101 SET CHARACTER_SET_CLIENT=@OLD_CHARACTER_SET_CLIENT */;
/*!40101 SET CHARACTER_SET_RESULTS=@OLD_CHARACTER_SET_RESULTS */;
/*!40101 SET COLLATION_CONNECTION=@OLD_COLLATION_CONNECTION */;
/*!40111 SET SQL_NOTES=@OLD_SQL_NOTES */;

-- Dump completed on 2021-01-15 15:58:16
